set -o pipefail; /usr/bin/mariadb-dump --user=_822c72c2e1855b78 --host=127.0.0.1 --port=3306 --password=********** --single-transaction --quick --lock-tables=false _822c72c2e1855b78 | /usr/bin/gzip >> ./site1.local/private/backups/20260715_173002-site1_local-database.sql.gz

Backup Summary for site1.local at 2026-07-15 17:30:05.304139
Config  : /home/sanjayh/frappe16-bench/sites/site1.local/private/backups/20260715_173002-site1_local-site_config_backup.json 176.0B
Database: /home/sanjayh/frappe16-bench/sites/site1.local/private/backups/20260715_173002-site1_local-database.sql.gz 245.2KiB
Backup for Site site1.local has been successfully completed
File ./site2.local/private/backups/20260715_141018-site2_local-site_config_backup.json is recent
File ./site2.local/private/backups/20260715_140736-site2_local-database.sql.gz is recent
File ./site2.local/private/backups/20260715_140736-site2_local-site_config_backup.json is recent
File ./site2.local/private/backups/20260715_141018-site2_local-database.sql.gz is recent
set -o pipefail; /usr/bin/mariadb-dump --user=_1aa3e948c868418b --host=127.0.0.1 --port=3306 --password=********** --single-transaction --quick --lock-tables=false _1aa3e948c868418b | /usr/bin/gzip >> ./site2.local/private/backups/20260715_173005-site2_local-database.sql.gz

Backup Summary for site2.local at 2026-07-15 17:30:07.011796
Config  : /home/sanjayh/frappe16-bench/sites/site2.local/private/backups/20260715_173005-site2_local-site_config_backup.json 244.0B
Database: /home/sanjayh/frappe16-bench/sites/site2.local/private/backups/20260715_173005-site2_local-database.sql.gz 267.0KiB
Backup for Site site2.local has been successfully completed
set -o pipefail; /usr/bin/mariadb-dump --user=_822c72c2e1855b78 --host=127.0.0.1 --port=3306 --password=********** --single-transaction --quick --lock-tables=false _822c72c2e1855b78 | /usr/bin/gzip >> ./site1.local/private/backups/20260716_173003-site1_local-database.sql.gz

Backup Summary for site1.local at 2026-07-16 17:30:05.456501
Config  : /home/sanjayh/frappe16-bench/sites/site1.local/private/backups/20260716_173003-site1_local-site_config_backup.json 176.0B
Database: /home/sanjayh/frappe16-bench/sites/site1.local/private/backups/20260716_173003-site1_local-database.sql.gz 247.3KiB
Backup for Site site1.local has been successfully completed
File ./site2.local/private/backups/20260715_141018-site2_local-site_config_backup.json is older than 23 hours
File ./site2.local/private/backups/20260715_173005-site2_local-site_config_backup.json is older than 23 hours
File ./site2.local/private/backups/20260715_140736-site2_local-database.sql.gz is older than 23 hours
File ./site2.local/private/backups/20260715_173005-site2_local-database.sql.gz is older than 23 hours
File ./site2.local/private/backups/20260715_140736-site2_local-site_config_backup.json is older than 23 hours
File ./site2.local/private/backups/20260715_141018-site2_local-database.sql.gz is older than 23 hours
set -o pipefail; /usr/bin/mariadb-dump --user=_1aa3e948c868418b --host=127.0.0.1 --port=3306 --password=********** --single-transaction --quick --lock-tables=false _1aa3e948c868418b | /usr/bin/gzip >> ./site2.local/private/backups/20260716_173005-site2_local-database.sql.gz

Backup Summary for site2.local at 2026-07-16 17:30:06.838723
Config  : /home/sanjayh/frappe16-bench/sites/site2.local/private/backups/20260716_173005-site2_local-site_config_backup.json 244.0B
Database: /home/sanjayh/frappe16-bench/sites/site2.local/private/backups/20260716_173005-site2_local-database.sql.gz 345.1KiB
Backup for Site site2.local has been successfully completed
set -o pipefail; /usr/bin/mariadb-dump --user=_0e0e8f4505c3c9e6 --host=127.0.0.1 --port=3306 --password=********** --single-transaction --quick --lock-tables=false _0e0e8f4505c3c9e6 | /usr/bin/gzip >> ./doctypesite/private/backups/20260716_233002-doctypesite-database.sql.gz

Backup Summary for doctypesite at 2026-07-16 23:30:03.760824
Config  : /home/sanjayh/frappe16-bench/sites/doctypesite/private/backups/20260716_233002-doctypesite-site_config_backup.json 179.0B
Database: /home/sanjayh/frappe16-bench/sites/doctypesite/private/backups/20260716_233002-doctypesite-database.sql.gz 257.9KiB
Backup for Site doctypesite has been successfully completed
File ./site1.local/private/backups/20260716_173003-site1_local-site_config_backup.json is recent
File ./site1.local/private/backups/20260716_173003-site1_local-database.sql.gz is recent
set -o pipefail; /usr/bin/mariadb-dump --user=_822c72c2e1855b78 --host=127.0.0.1 --port=3306 --password=********** --single-transaction --quick --lock-tables=false _822c72c2e1855b78 | /usr/bin/gzip >> ./site1.local/private/backups/20260716_233003-site1_local-database.sql.gz

Backup Summary for site1.local at 2026-07-16 23:30:04.803487
Config  : /home/sanjayh/frappe16-bench/sites/site1.local/private/backups/20260716_233003-site1_local-site_config_backup.json 176.0B
Database: /home/sanjayh/frappe16-bench/sites/site1.local/private/backups/20260716_233003-site1_local-database.sql.gz 248.7KiB
Backup for Site site1.local has been successfully completed
File ./site2.local/private/backups/20260716_173005-site2_local-database.sql.gz is recent
File ./site2.local/private/backups/20260716_173005-site2_local-site_config_backup.json is recent
set -o pipefail; /usr/bin/mariadb-dump --user=_1aa3e948c868418b --host=127.0.0.1 --port=3306 --password=********** --single-transaction --quick --lock-tables=false _1aa3e948c868418b | /usr/bin/gzip >> ./site2.local/private/backups/20260716_233004-site2_local-database.sql.gz

Backup Summary for site2.local at 2026-07-16 23:30:05.709559
Config  : /home/sanjayh/frappe16-bench/sites/site2.local/private/backups/20260716_233004-site2_local-site_config_backup.json 244.0B
Database: /home/sanjayh/frappe16-bench/sites/site2.local/private/backups/20260716_233004-site2_local-database.sql.gz 359.3KiB
Backup for Site site2.local has been successfully completed
set -o pipefail; /usr/bin/mariadb-dump --user=_0e0e8f4505c3c9e6 --host=127.0.0.1 --port=3306 --password=********** --single-transaction --quick --lock-tables=false _0e0e8f4505c3c9e6 | /usr/bin/gzip >> ./doctypesite/private/backups/20260717_113002-doctypesite-database.sql.gz

Backup Summary for doctypesite at 2026-07-17 11:30:03.765419
Config  : /home/sanjayh/frappe16-bench/sites/doctypesite/private/backups/20260717_113002-doctypesite-site_config_backup.json 246.0B
Database: /home/sanjayh/frappe16-bench/sites/doctypesite/private/backups/20260717_113002-doctypesite-database.sql.gz 281.1KiB
Backup for Site doctypesite has been successfully completed
File ./site1.local/private/backups/20260716_233003-site1_local-database.sql.gz is recent
File ./site1.local/private/backups/20260716_173003-site1_local-site_config_backup.json is recent
File ./site1.local/private/backups/20260716_173003-site1_local-database.sql.gz is recent
File ./site1.local/private/backups/20260716_233003-site1_local-site_config_backup.json is recent
set -o pipefail; /usr/bin/mariadb-dump --user=_822c72c2e1855b78 --host=127.0.0.1 --port=3306 --password=********** --single-transaction --quick --lock-tables=false _822c72c2e1855b78 | /usr/bin/gzip >> ./site1.local/private/backups/20260717_113003-site1_local-database.sql.gz

Backup Summary for site1.local at 2026-07-17 11:30:05.430950
Config  : /home/sanjayh/frappe16-bench/sites/site1.local/private/backups/20260717_113003-site1_local-site_config_backup.json 176.0B
Database: /home/sanjayh/frappe16-bench/sites/site1.local/private/backups/20260717_113003-site1_local-database.sql.gz 249.8KiB
Backup for Site site1.local has been successfully completed
File ./site2.local/private/backups/20260716_233004-site2_local-database.sql.gz is recent
File ./site2.local/private/backups/20260716_173005-site2_local-database.sql.gz is recent
File ./site2.local/private/backups/20260716_173005-site2_local-site_config_backup.json is recent
File ./site2.local/private/backups/20260716_233004-site2_local-site_config_backup.json is recent
set -o pipefail; /usr/bin/mariadb-dump --user=_1aa3e948c868418b --host=127.0.0.1 --port=3306 --password=********** --single-transaction --quick --lock-tables=false _1aa3e948c868418b | /usr/bin/gzip >> ./site2.local/private/backups/20260717_113005-site2_local-database.sql.gz

Backup Summary for site2.local at 2026-07-17 11:30:06.879255
Config  : /home/sanjayh/frappe16-bench/sites/site2.local/private/backups/20260717_113005-site2_local-site_config_backup.json 244.0B
Database: /home/sanjayh/frappe16-bench/sites/site2.local/private/backups/20260717_113005-site2_local-database.sql.gz 360.4KiB
Backup for Site site2.local has been successfully completed
set -o pipefail; /usr/bin/mariadb-dump --user=_0e0e8f4505c3c9e6 --host=127.0.0.1 --port=3306 --password=********** --single-transaction --quick --lock-tables=false _0e0e8f4505c3c9e6 | /usr/bin/gzip >> ./doctypesite/private/backups/20260717_173001-doctypesite-database.sql.gz

Backup Summary for doctypesite at 2026-07-17 17:30:03.237967
Config  : /home/sanjayh/frappe16-bench/sites/doctypesite/private/backups/20260717_173001-doctypesite-site_config_backup.json 246.0B
Database: /home/sanjayh/frappe16-bench/sites/doctypesite/private/backups/20260717_173001-doctypesite-database.sql.gz 338.5KiB
Backup for Site doctypesite has been successfully completed
File ./site1.local/private/backups/20260716_233003-site1_local-database.sql.gz is recent
File ./site1.local/private/backups/20260716_173003-site1_local-site_config_backup.json is older than 23 hours
File ./site1.local/private/backups/20260716_173003-site1_local-database.sql.gz is older than 23 hours
File ./site1.local/private/backups/20260716_233003-site1_local-site_config_backup.json is recent
File ./site1.local/private/backups/20260717_113003-site1_local-site_config_backup.json is recent
File ./site1.local/private/backups/20260717_113003-site1_local-database.sql.gz is recent
set -o pipefail; /usr/bin/mariadb-dump --user=_822c72c2e1855b78 --host=127.0.0.1 --port=3306 --password=********** --single-transaction --quick --lock-tables=false _822c72c2e1855b78 | /usr/bin/gzip >> ./site1.local/private/backups/20260717_173003-site1_local-database.sql.gz

Backup Summary for site1.local at 2026-07-17 17:30:04.114497
Config  : /home/sanjayh/frappe16-bench/sites/site1.local/private/backups/20260717_173003-site1_local-site_config_backup.json 176.0B
Database: /home/sanjayh/frappe16-bench/sites/site1.local/private/backups/20260717_173003-site1_local-database.sql.gz 251.2KiB
Backup for Site site1.local has been successfully completed
File ./site2.local/private/backups/20260717_113005-site2_local-site_config_backup.json is recent
File ./site2.local/private/backups/20260716_233004-site2_local-database.sql.gz is recent
File ./site2.local/private/backups/20260717_113005-site2_local-database.sql.gz is recent
File ./site2.local/private/backups/20260716_173005-site2_local-database.sql.gz is older than 23 hours
File ./site2.local/private/backups/20260716_173005-site2_local-site_config_backup.json is older than 23 hours
File ./site2.local/private/backups/20260716_233004-site2_local-site_config_backup.json is recent
set -o pipefail; /usr/bin/mariadb-dump --user=_1aa3e948c868418b --host=127.0.0.1 --port=3306 --password=********** --single-transaction --quick --lock-tables=false _1aa3e948c868418b | /usr/bin/gzip >> ./site2.local/private/backups/20260717_173004-site2_local-database.sql.gz

Backup Summary for site2.local at 2026-07-17 17:30:04.874594
Config  : /home/sanjayh/frappe16-bench/sites/site2.local/private/backups/20260717_173004-site2_local-site_config_backup.json 244.0B
Database: /home/sanjayh/frappe16-bench/sites/site2.local/private/backups/20260717_173004-site2_local-database.sql.gz 361.6KiB
Backup for Site site2.local has been successfully completed
set -o pipefail; /usr/bin/mariadb-dump --user=_0e0e8f4505c3c9e6 --host=127.0.0.1 --port=3306 --password=********** --single-transaction --quick --lock-tables=false _0e0e8f4505c3c9e6 | /usr/bin/gzip >> ./doctypesite/private/backups/20260720_173003-doctypesite-database.sql.gz

Backup Summary for doctypesite at 2026-07-20 17:30:04.864037
Config  : /home/sanjayh/frappe16-bench/sites/doctypesite/private/backups/20260720_173003-doctypesite-site_config_backup.json 246.0B
Database: /home/sanjayh/frappe16-bench/sites/doctypesite/private/backups/20260720_173003-doctypesite-database.sql.gz 384.6KiB
Backup for Site doctypesite has been successfully completed
File ./site1.local/private/backups/20260716_233003-site1_local-database.sql.gz is older than 23 hours
File ./site1.local/private/backups/20260717_173003-site1_local-database.sql.gz is older than 23 hours
File ./site1.local/private/backups/20260716_233003-site1_local-site_config_backup.json is older than 23 hours
File ./site1.local/private/backups/20260717_113003-site1_local-site_config_backup.json is older than 23 hours
File ./site1.local/private/backups/20260717_113003-site1_local-database.sql.gz is older than 23 hours
File ./site1.local/private/backups/20260717_173003-site1_local-site_config_backup.json is older than 23 hours
set -o pipefail; /usr/bin/mariadb-dump --user=_822c72c2e1855b78 --host=127.0.0.1 --port=3306 --password=********** --single-transaction --quick --lock-tables=false _822c72c2e1855b78 | /usr/bin/gzip >> ./site1.local/private/backups/20260720_173004-site1_local-database.sql.gz

Backup Summary for site1.local at 2026-07-20 17:30:06.160853
Config  : /home/sanjayh/frappe16-bench/sites/site1.local/private/backups/20260720_173004-site1_local-site_config_backup.json 176.0B
Database: /home/sanjayh/frappe16-bench/sites/site1.local/private/backups/20260720_173004-site1_local-database.sql.gz 253.6KiB
Backup for Site site1.local has been successfully completed
File ./site2.local/private/backups/20260717_113005-site2_local-site_config_backup.json is older than 23 hours
File ./site2.local/private/backups/20260716_233004-site2_local-database.sql.gz is older than 23 hours
File ./site2.local/private/backups/20260717_113005-site2_local-database.sql.gz is older than 23 hours
File ./site2.local/private/backups/20260717_173004-site2_local-database.sql.gz is older than 23 hours
File ./site2.local/private/backups/20260717_173004-site2_local-site_config_backup.json is older than 23 hours
File ./site2.local/private/backups/20260716_233004-site2_local-site_config_backup.json is older than 23 hours
set -o pipefail; /usr/bin/mariadb-dump --user=_1aa3e948c868418b --host=127.0.0.1 --port=3306 --password=********** --single-transaction --quick --lock-tables=false _1aa3e948c868418b | /usr/bin/gzip >> ./site2.local/private/backups/20260720_173006-site2_local-database.sql.gz

Backup Summary for site2.local at 2026-07-20 17:30:07.391511
Config  : /home/sanjayh/frappe16-bench/sites/site2.local/private/backups/20260720_173006-site2_local-site_config_backup.json 244.0B
Database: /home/sanjayh/frappe16-bench/sites/site2.local/private/backups/20260720_173006-site2_local-database.sql.gz 364.6KiB
Backup for Site site2.local has been successfully completed
set -o pipefail; /usr/bin/mariadb-dump --user=_0e0e8f4505c3c9e6 --host=127.0.0.1 --port=3306 --password=********** --single-transaction --quick --lock-tables=false _0e0e8f4505c3c9e6 | /usr/bin/gzip >> ./doctypesite/private/backups/20260722_113003-doctypesite-database.sql.gz

Backup Summary for doctypesite at 2026-07-22 11:30:05.002919
Config  : /home/sanjayh/frappe16-bench/sites/doctypesite/private/backups/20260722_113003-doctypesite-site_config_backup.json 246.0B
Database: /home/sanjayh/frappe16-bench/sites/doctypesite/private/backups/20260722_113003-doctypesite-database.sql.gz 402.6KiB
Backup for Site doctypesite has been successfully completed
File ./site1.local/private/backups/20260720_173004-site1_local-site_config_backup.json is older than 23 hours
File ./site1.local/private/backups/20260720_173004-site1_local-database.sql.gz is older than 23 hours
set -o pipefail; /usr/bin/mariadb-dump --user=_822c72c2e1855b78 --host=127.0.0.1 --port=3306 --password=********** --single-transaction --quick --lock-tables=false _822c72c2e1855b78 | /usr/bin/gzip >> ./site1.local/private/backups/20260722_113005-site1_local-database.sql.gz

Backup Summary for site1.local at 2026-07-22 11:30:06.346602
Config  : /home/sanjayh/frappe16-bench/sites/site1.local/private/backups/20260722_113005-site1_local-site_config_backup.json 176.0B
Database: /home/sanjayh/frappe16-bench/sites/site1.local/private/backups/20260722_113005-site1_local-database.sql.gz 257.1KiB
Backup for Site site1.local has been successfully completed
File ./site2.local/private/backups/20260720_173006-site2_local-site_config_backup.json is older than 23 hours
File ./site2.local/private/backups/20260720_173006-site2_local-database.sql.gz is older than 23 hours
set -o pipefail; /usr/bin/mariadb-dump --user=_1aa3e948c868418b --host=127.0.0.1 --port=3306 --password=********** --single-transaction --quick --lock-tables=false _1aa3e948c868418b | /usr/bin/gzip >> ./site2.local/private/backups/20260722_113006-site2_local-database.sql.gz

Backup Summary for site2.local at 2026-07-22 11:30:08.024749
Config  : /home/sanjayh/frappe16-bench/sites/site2.local/private/backups/20260722_113006-site2_local-site_config_backup.json 244.0B
Database: /home/sanjayh/frappe16-bench/sites/site2.local/private/backups/20260722_113006-site2_local-database.sql.gz 368.0KiB
Backup for Site site2.local has been successfully completed
set -o pipefail; /usr/bin/mariadb-dump --user=_0e0e8f4505c3c9e6 --host=127.0.0.1 --port=3306 --password=********** --single-transaction --quick --lock-tables=false _0e0e8f4505c3c9e6 | /usr/bin/gzip >> ./doctypesite/private/backups/20260722_173003-doctypesite-database.sql.gz

Backup Summary for doctypesite at 2026-07-22 17:30:05.278427
Config  : /home/sanjayh/frappe16-bench/sites/doctypesite/private/backups/20260722_173003-doctypesite-site_config_backup.json 246.0B
Database: /home/sanjayh/frappe16-bench/sites/doctypesite/private/backups/20260722_173003-doctypesite-database.sql.gz 421.5KiB
Backup for Site doctypesite has been successfully completed
File ./site1.local/private/backups/20260722_113005-site1_local-database.sql.gz is recent
File ./site1.local/private/backups/20260722_113005-site1_local-site_config_backup.json is recent
set -o pipefail; /usr/bin/mariadb-dump --user=_822c72c2e1855b78 --host=127.0.0.1 --port=3306 --password=********** --single-transaction --quick --lock-tables=false _822c72c2e1855b78 | /usr/bin/gzip >> ./site1.local/private/backups/20260722_173005-site1_local-database.sql.gz

Backup Summary for site1.local at 2026-07-22 17:30:06.968045
Config  : /home/sanjayh/frappe16-bench/sites/site1.local/private/backups/20260722_173005-site1_local-site_config_backup.json 176.0B
Database: /home/sanjayh/frappe16-bench/sites/site1.local/private/backups/20260722_173005-site1_local-database.sql.gz 258.4KiB
Backup for Site site1.local has been successfully completed
File ./site2.local/private/backups/20260722_113006-site2_local-database.sql.gz is recent
File ./site2.local/private/backups/20260722_113006-site2_local-site_config_backup.json is recent
set -o pipefail; /usr/bin/mariadb-dump --user=_1aa3e948c868418b --host=127.0.0.1 --port=3306 --password=********** --single-transaction --quick --lock-tables=false _1aa3e948c868418b | /usr/bin/gzip >> ./site2.local/private/backups/20260722_173006-site2_local-database.sql.gz

Backup Summary for site2.local at 2026-07-22 17:30:08.490320
Config  : /home/sanjayh/frappe16-bench/sites/site2.local/private/backups/20260722_173006-site2_local-site_config_backup.json 244.0B
Database: /home/sanjayh/frappe16-bench/sites/site2.local/private/backups/20260722_173006-site2_local-database.sql.gz 369.5KiB
Backup for Site site2.local has been successfully completed
set -o pipefail; /usr/bin/mariadb-dump --user=_0e0e8f4505c3c9e6 --host=127.0.0.1 --port=3306 --password=********** --single-transaction --quick --lock-tables=false _0e0e8f4505c3c9e6 | /usr/bin/gzip >> ./doctypesite/private/backups/20260724_113002-doctypesite-database.sql.gz

Backup Summary for doctypesite at 2026-07-24 11:30:04.150314
Config  : /home/sanjayh/frappe16-bench/sites/doctypesite/private/backups/20260724_113002-doctypesite-site_config_backup.json 246.0B
Database: /home/sanjayh/frappe16-bench/sites/doctypesite/private/backups/20260724_113002-doctypesite-database.sql.gz 422.3KiB
Backup for Site doctypesite has been successfully completed
set -o pipefail; /usr/bin/mariadb-dump --user=_cc001b8908fd52e2 --host=127.0.0.1 --port=3306 --password=********** --single-transaction --quick --lock-tables=false _cc001b8908fd52e2 | /usr/bin/gzip >> ./project/private/backups/20260724_113004-project-database.sql.gz

Backup Summary for project at 2026-07-24 11:30:05.311978
Config  : /home/sanjayh/frappe16-bench/sites/project/private/backups/20260724_113004-project-site_config_backup.json 163.0B
Database: /home/sanjayh/frappe16-bench/sites/project/private/backups/20260724_113004-project-database.sql.gz 241.5KiB
Backup for Site project has been successfully completed
Backup failed for Site project1. Database or site_config.json may be corrupted
Traceback with variables (most recent call last):
  File "apps/frappe/frappe/commands/site.py", line 881, in backup
    odb = scheduled_backup(
      context = CliCtxObj(force=False, profile=False, sites=['doctypesite', 'project', 'project1', 'site1.local', 'site2.local'], verbose=True)
      with_files = False
      backup_path = None
      backup_path_db = None
      backup_path_files = None
      backup_path_private_files = None
      backup_path_conf = None
      ignore_backup_conf = False
      verbose = True
      compress = False
      include = ''
      exclude = ''
      old_backup_metadata = False
      scheduled_backup = <function scheduled_backup at 0x7f45dabe6560>
      exit_code = 0
      rollback_callback = None
      site = 'project1'
      odb = frappe.utils.backups.BackupGenerator(backup_excludes=[], backup_includes=[], backup_path=None, backup_path_conf='./project/private/backups/20260724_113004-project-site_config_backup.json', backup_path_db='./project/private/backups/20260724_113004-project-database.sql.gz', backup_path_files='./project/private/backups/20260724_113004-project-files.tar', backup_path_private_files='./project/private/backups/20260724_113004-project-private-files.tar', compress_files=False, db_host='127.0.0.1', db_name='_cc001b8908fd52e2', db_port=3306, db_socket=None, db_type='mariadb', exclude_doctypes='', ignore_conf=False, include_doctypes='', old_backup_metadata=False, partial=[], password='MkfhelKK7676ix1L', rollback_callback=frappe.utils.CallbackManager(-), site_slug='project', todays_date='20260724_113004', user='_cc001b8908fd52e2', verbose=True)
  File "apps/frappe/frappe/utils/backups.py", line 589, in scheduled_backup
    return new_backup(
      older_than = 6
      ignore_files = True
      backup_path = None
      backup_path_db = None
      backup_path_files = None
      backup_path_private_files = None
      backup_path_conf = None
      ignore_conf = False
      include_doctypes = ''
      exclude_doctypes = ''
      compress = False
      force = True
      verbose = True
      old_backup_metadata = False
      rollback_callback = frappe.utils.CallbackManager()
  File "apps/frappe/frappe/utils/backups.py", line 626, in new_backup
    odb = BackupGenerator(
      older_than = 6
      ignore_files = True
      backup_path = None
      backup_path_db = None
      backup_path_files = None
      backup_path_private_files = None
      backup_path_conf = None
      ignore_conf = False
      include_doctypes = ''
      exclude_doctypes = ''
      compress = False
      force = True
      verbose = True
      old_backup_metadata = False
      rollback_callback = frappe.utils.CallbackManager()
  File "apps/frappe/frappe/utils/backups.py", line 89, in __init__
    self.setup_backup_tables()
      self = frappe.utils.backups.BackupGenerator(backup_path=None, backup_path_conf=None, backup_path_db=None, backup_path_files=None, backup_path_private_files=None, compress_files=False, db_host='127.0.0.1', db_name='_2c0861da27548010', db_port=3306, db_socket=None, db_type='mariadb', exclude_doctypes='', ignore_conf=False, include_doctypes='', old_backup_metadata=False, partial=False, password='hDO55ejkgO4waVz0', rollback_callback=frappe.utils.CallbackManager(-), site_slug='project1', user='_2c0861da27548010', verbose=True)
      db_name = '_2c0861da27548010'
      user = '_2c0861da27548010'
      password = ********
      backup_path = None
      backup_path_db = None
      backup_path_files = None
      backup_path_private_files = None
      db_socket = None
      db_host = '127.0.0.1'
      db_port = 3306
      db_type = 'mariadb'
      backup_path_conf = None
      ignore_conf = False
      compress_files = False
      include_doctypes = ''
      exclude_doctypes = ''
      verbose = True
      old_backup_metadata = False
      rollback_callback = frappe.utils.CallbackManager()
      site = 'project1'
  File "apps/frappe/frappe/utils/backups.py", line 126, in setup_backup_tables
    self._set_existing_tables()
      self = frappe.utils.backups.BackupGenerator(backup_path=None, backup_path_conf=None, backup_path_db=None, backup_path_files=None, backup_path_private_files=None, compress_files=False, db_host='127.0.0.1', db_name='_2c0861da27548010', db_port=3306, db_socket=None, db_type='mariadb', exclude_doctypes='', ignore_conf=False, include_doctypes='', old_backup_metadata=False, partial=False, password='hDO55ejkgO4waVz0', rollback_callback=frappe.utils.CallbackManager(-), site_slug='project1', user='_2c0861da27548010', verbose=True)
  File "apps/frappe/frappe/utils/backups.py", line 122, in _set_existing_tables
    self._existing_tables = frappe.db.get_tables()
      self = frappe.utils.backups.BackupGenerator(backup_path=None, backup_path_conf=None, backup_path_db=None, backup_path_files=None, backup_path_private_files=None, compress_files=False, db_host='127.0.0.1', db_name='_2c0861da27548010', db_port=3306, db_socket=None, db_type='mariadb', exclude_doctypes='', ignore_conf=False, include_doctypes='', old_backup_metadata=False, partial=False, password='hDO55ejkgO4waVz0', rollback_callback=frappe.utils.CallbackManager(-), site_slug='project1', user='_2c0861da27548010', verbose=True)
  File "apps/frappe/frappe/database/mariadb/mysqlclient.py", line 522, in get_tables
    .run(pluck=True)
      self = frappe.database.mariadb.mysqlclient.MariaDBDatabase(after_commit=frappe.utils.CallbackManager(-), after_rollback=frappe.utils.CallbackManager(-), auto_commit_on_many_writes=0, before_commit=frappe.utils.CallbackManager(-), before_rollback=frappe.utils.CallbackManager(-), cur_db_name='_2c0861da27548010', db_type='mariadb', host='127.0.0.1', logger=<Logger database-project1 (WARNING)>, password='hDO55ejkgO4waVz0', port=3306, socket=None, transaction_writes=0, type_map={'Currency': ('decimal', '21,9'), 'Int': ('int', '11'), 'Long Int': ('bigint', '20'), 'Float': ('decimal', '21,9'), 'Percent': ('decimal', '21,9'), 'Check': ('tinyint', '4'), 'Small Text': ('text', ''), 'Long Text': ('longtext...'), 'Color': ('varchar', 140), 'Barcode': ('longtext', ''), 'Geolocation': ('longtext', ''), 'Duration': ('decimal', '21,9'), 'Icon': ('varchar', 140), 'Phone': ('varchar', 140), 'Autocomplete': ('varchar', 140), 'JSON': ('json', '')}, user='_2c0861da27548010', value_cache=collections.defaultdict{})
      cached = True
      to_query = True
      tables = None
      information_schema = pypika.queries.Schema()
  File "apps/frappe/frappe/query_builder/utils.py", line 131, in execute_query
    result = frappe.local.db.sql(query, params, *args, **kwargs)  # nosemgrep
      query = 'SELECT `table_name` FROM `information_schema`.`tables` WHERE `table_schema`=%(param1)s'
      args = ()
      kwargs = {'pluck': True}
      dt = None
      fields = []
      child_queries = "_child_queries"
      params = {'param1': '_2c0861da27548010'}
  File "apps/frappe/frappe/database/database.py", line 249, in sql
    self.connect()
      self = frappe.database.mariadb.mysqlclient.MariaDBDatabase(after_commit=frappe.utils.CallbackManager(-), after_rollback=frappe.utils.CallbackManager(-), auto_commit_on_many_writes=0, before_commit=frappe.utils.CallbackManager(-), before_rollback=frappe.utils.CallbackManager(-), cur_db_name='_2c0861da27548010', db_type='mariadb', host='127.0.0.1', logger=<Logger database-project1 (WARNING)>, password='hDO55ejkgO4waVz0', port=3306, socket=None, transaction_writes=0, type_map={'Currency': ('decimal', '21,9'), 'Int': ('int', '11'), 'Long Int': ('bigint', '20'), 'Float': ('decimal', '21,9'), 'Percent': ('decimal', '21,9'), 'Check': ('tinyint', '4'), 'Small Text': ('text', ''), 'Long Text': ('longtext...'), 'Color': ('varchar', 140), 'Barcode': ('longtext', ''), 'Geolocation': ('longtext', ''), 'Duration': ('decimal', '21,9'), 'Icon': ('varchar', 140), 'Phone': ('varchar', 140), 'Autocomplete': ('varchar', 140), 'JSON': ('json', '')}, user='_2c0861da27548010', value_cache=collections.defaultdict{})
      query = 'SELECT `table_name` FROM `information_schema`.`tables` WHERE `table_schema`=%(param1)s'
      values = {'param1': '_2c0861da27548010'}
      as_dict = 0
      as_list = 0
      debug = False
      ignore_ddl = 0
      auto_commit = 0
      update = None
      explain = False
      run = True
      pluck = True
      as_iterator = False
      query_type = 'select'
  File "apps/frappe/frappe/database/database.py", line 147, in connect
    self.get_connection()
      self = frappe.database.mariadb.mysqlclient.MariaDBDatabase(after_commit=frappe.utils.CallbackManager(-), after_rollback=frappe.utils.CallbackManager(-), auto_commit_on_many_writes=0, before_commit=frappe.utils.CallbackManager(-), before_rollback=frappe.utils.CallbackManager(-), cur_db_name='_2c0861da27548010', db_type='mariadb', host='127.0.0.1', logger=<Logger database-project1 (WARNING)>, password='hDO55ejkgO4waVz0', port=3306, socket=None, transaction_writes=0, type_map={'Currency': ('decimal', '21,9'), 'Int': ('int', '11'), 'Long Int': ('bigint', '20'), 'Float': ('decimal', '21,9'), 'Percent': ('decimal', '21,9'), 'Check': ('tinyint', '4'), 'Small Text': ('text', ''), 'Long Text': ('longtext...'), 'Color': ('varchar', 140), 'Barcode': ('longtext', ''), 'Geolocation': ('longtext', ''), 'Duration': ('decimal', '21,9'), 'Icon': ('varchar', 140), 'Phone': ('varchar', 140), 'Autocomplete': ('varchar', 140), 'JSON': ('json', '')}, user='_2c0861da27548010', value_cache=collections.defaultdict{})
  File "apps/frappe/frappe/database/mariadb/mysqlclient.py", line 113, in get_connection
    conn = self._get_connection()
      self = frappe.database.mariadb.mysqlclient.MariaDBDatabase(after_commit=frappe.utils.CallbackManager(-), after_rollback=frappe.utils.CallbackManager(-), auto_commit_on_many_writes=0, before_commit=frappe.utils.CallbackManager(-), before_rollback=frappe.utils.CallbackManager(-), cur_db_name='_2c0861da27548010', db_type='mariadb', host='127.0.0.1', logger=<Logger database-project1 (WARNING)>, password='hDO55ejkgO4waVz0', port=3306, socket=None, transaction_writes=0, type_map={'Currency': ('decimal', '21,9'), 'Int': ('int', '11'), 'Long Int': ('bigint', '20'), 'Float': ('decimal', '21,9'), 'Percent': ('decimal', '21,9'), 'Check': ('tinyint', '4'), 'Small Text': ('text', ''), 'Long Text': ('longtext...'), 'Color': ('varchar', 140), 'Barcode': ('longtext', ''), 'Geolocation': ('longtext', ''), 'Duration': ('decimal', '21,9'), 'Icon': ('varchar', 140), 'Phone': ('varchar', 140), 'Autocomplete': ('varchar', 140), 'JSON': ('json', '')}, user='_2c0861da27548010', value_cache=collections.defaultdict{})
  File "apps/frappe/frappe/database/mariadb/mysqlclient.py", line 118, in _get_connection
    return self.create_connection()
      self = frappe.database.mariadb.mysqlclient.MariaDBDatabase(after_commit=frappe.utils.CallbackManager(-), after_rollback=frappe.utils.CallbackManager(-), auto_commit_on_many_writes=0, before_commit=frappe.utils.CallbackManager(-), before_rollback=frappe.utils.CallbackManager(-), cur_db_name='_2c0861da27548010', db_type='mariadb', host='127.0.0.1', logger=<Logger database-project1 (WARNING)>, password='hDO55ejkgO4waVz0', port=3306, socket=None, transaction_writes=0, type_map={'Currency': ('decimal', '21,9'), 'Int': ('int', '11'), 'Long Int': ('bigint', '20'), 'Float': ('decimal', '21,9'), 'Percent': ('decimal', '21,9'), 'Check': ('tinyint', '4'), 'Small Text': ('text', ''), 'Long Text': ('longtext...'), 'Color': ('varchar', 140), 'Barcode': ('longtext', ''), 'Geolocation': ('longtext', ''), 'Duration': ('decimal', '21,9'), 'Icon': ('varchar', 140), 'Phone': ('varchar', 140), 'Autocomplete': ('varchar', 140), 'JSON': ('json', '')}, user='_2c0861da27548010', value_cache=collections.defaultdict{})
  File "apps/frappe/frappe/database/mariadb/mysqlclient.py", line 121, in create_connection
    return MySQLdb.connect(**self.get_connection_settings())
      self = frappe.database.mariadb.mysqlclient.MariaDBDatabase(after_commit=frappe.utils.CallbackManager(-), after_rollback=frappe.utils.CallbackManager(-), auto_commit_on_many_writes=0, before_commit=frappe.utils.CallbackManager(-), before_rollback=frappe.utils.CallbackManager(-), cur_db_name='_2c0861da27548010', db_type='mariadb', host='127.0.0.1', logger=<Logger database-project1 (WARNING)>, password='hDO55ejkgO4waVz0', port=3306, socket=None, transaction_writes=0, type_map={'Currency': ('decimal', '21,9'), 'Int': ('int', '11'), 'Long Int': ('bigint', '20'), 'Float': ('decimal', '21,9'), 'Percent': ('decimal', '21,9'), 'Check': ('tinyint', '4'), 'Small Text': ('text', ''), 'Long Text': ('longtext...'), 'Color': ('varchar', 140), 'Barcode': ('longtext', ''), 'Geolocation': ('longtext', ''), 'Duration': ('decimal', '21,9'), 'Icon': ('varchar', 140), 'Phone': ('varchar', 140), 'Autocomplete': ('varchar', 140), 'JSON': ('json', '')}, user='_2c0861da27548010', value_cache=collections.defaultdict{})
  File "env/lib/python3.14/site-packages/MySQLdb/__init__.py", line 121, in Connect
    return Connection(*args, **kwargs)
      args = ()
      kwargs = {'user': '_2c0861da27548010', 'conv': {<class 'int'>: <function Thing2Str at 0x7f45d9d8cbf0>, <class 'float'>: <function Float2Str at 0x7f45d9d8cca0>, <class 'NoneType'>: <function None2NULL at 0x7f45d9d8cd50>, <class 'array.array'>: <function array2Str at 0x7f45d9d8cf60>, <class 'bool'>: <function Bool2Str at 0x7f45d9d8c9e0>, <class 'datetime.date'>: <function Thing2Literal at 0x7f45d9d8ce00>, <class 'datetime.datetime'>: <function DateTime2literal at 0x7f45d9d8c510>, <class 'datetime.timedelta'>: <function escape_timedelta at 0x7f45d9d8eda0>, <class 'set'>: <function Set2Str at 0x7f45d9d8cb40>, <class 'decimal.Decimal'>: <function Decimal2Literal at 0x7f45d9d8ceb0>, 1: <class 'int'>, 2: <c...t'>: <function escape_dict at 0x7f45d9d8ee50>, <class 'frozenset'>: <function escape_frozenset at 0x7f45d9d478a0>}, 'charset': 'utf8mb4', 'use_unicode': True, 'local_infile': False, 'multi_statements': False, 'database': '_2c0861da27548010', 'host': '127.0.0.1', 'port': 3306, 'password': '********'}
      Connection = MySQLdb.connections.Connection
  File "env/lib/python3.14/site-packages/MySQLdb/connections.py", line 200, in __init__
    super().__init__(*args, **kwargs2)
      self = <_mysql.connection open to '(null)' at 0x5432760>
      args = ()
      kwargs = {'user': '_2c0861da27548010', 'conv': {<class 'int'>: <function Thing2Str at 0x7f45d9d8cbf0>, <class 'float'>: <function Float2Str at 0x7f45d9d8cca0>, <class 'NoneType'>: <function None2NULL at 0x7f45d9d8cd50>, <class 'array.array'>: <function array2Str at 0x7f45d9d8cf60>, <class 'bool'>: <function Bool2Str at 0x7f45d9d8c9e0>, <class 'datetime.date'>: <function Thing2Literal at 0x7f45d9d8ce00>, <class 'datetime.datetime'>: <function DateTime2literal at 0x7f45d9d8c510>, <class 'datetime.timedelta'>: <function escape_timedelta at 0x7f45d9d8eda0>, <class 'set'>: <function Set2Str at 0x7f45d9d8cb40>, <class 'decimal.Decimal'>: <function Decimal2Literal at 0x7f45d9d8ceb0>, 1: <class 'int'>, 2: <c...t'>: <function escape_dict at 0x7f45d9d8ee50>, <class 'frozenset'>: <function escape_frozenset at 0x7f45d9d478a0>}, 'charset': 'utf8mb4', 'use_unicode': True, 'local_infile': False, 'multi_statements': False, 'database': '_2c0861da27548010', 'host': '127.0.0.1', 'port': 3306, 'password': '********'}
      CLIENT = <module 'MySQLdb.constants.CLIENT' from 'env/lib/python3.14/site-packages/MySQLdb/constants/CLIENT.py'>
      FIELD_TYPE = <module 'MySQLdb.constants.FIELD_TYPE' from 'env/lib/python3.14/site-packages/MySQLdb/constants/FIELD_TYPE.py'>
      conversions = {<class 'int'>: <function Thing2Str at 0x7f45d9d8cbf0>, <class 'float'>: <function Float2Str at 0x7f45d9d8cca0>, <class 'NoneType'>: <function None2NULL at 0x7f45d9d8cd50>, <class 'array.array'>: <function array2Str at 0x7f45d9d8cf60>, <class 'bool'>: <function Bool2Str at 0x7f45d9d8c9e0>, <class 'datetime.date'>: <function Thing2Literal at 0x7f45d9d8ce00>, <class 'datetime.datetime'>: <function DateTime2literal at 0x7f45d9d8c510>, <class 'datetime.timedelta'>: <function DateTimeDelta2literal at 0x7f45d9d8c5c0>, <class 'set'>: <function Set2Str at 0x7f45d9d8cb40>, <class 'decimal.Decimal'>: <function Decimal2Literal at 0x7f45d9d8ceb0>, 1: <class 'int'>, 2: <class 'int'>, 3: <class 'int'>, 4:...r_None at 0x7f45d9d8c250>, 11: <function TimeDelta_or_None at 0x7f45d9d8c300>, 10: <function Date_or_None at 0x7f45d9d8c460>, 249: <class 'bytes'>, 250: <class 'bytes'>, 251: <class 'bytes'>, 252: <class 'bytes'>, 254: <class 'bytes'>, 253: <class 'bytes'>, 15: <class 'bytes'>, 245: <class 'bytes'>}
      _bytes_or_str = ((128, bytes), (None, str))
      kwargs2 = {'user': '_2c0861da27548010', 'conv': {<class 'int'>: <function Thing2Str at 0x7f45d9d8cbf0>, <class 'float'>: <function Float2Str at 0x7f45d9d8cca0>, <class 'NoneType'>: <function None2NULL at 0x7f45d9d8cd50>, <class 'array.array'>: <function array2Str at 0x7f45d9d8cf60>, <class 'bool'>: <function Bool2Str at 0x7f45d9d8c9e0>, <class 'datetime.date'>: <function Thing2Literal at 0x7f45d9d8ce00>, <class 'datetime.datetime'>: <function DateTime2literal at 0x7f45d9d8c510>, <class 'datetime.timedelta'>: <function escape_timedelta at 0x7f45d9d8eda0>, <class 'set'>: <function Set2Str at 0x7f45d9d8cb40>, <class 'decimal.Decimal'>: <function Decimal2Literal at 0x7f45d9d8ceb0>, 1: <class 'int'>, 2: <c...ass 'bytes'>, <class 'dict'>: <function escape_dict at 0x7f45d9d8ee50>, <class 'frozenset'>: <function escape_frozenset at 0x7f45d9d478a0>}, 'charset': 'utf8mb4', 'local_infile': False, 'database': '_2c0861da27548010', 'host': '127.0.0.1', 'port': 3306, 'password': '********', 'client_flag': 131072}
      conv = {<class 'int'>: <function Thing2Str at 0x7f45d9d8cbf0>, <class 'float'>: <function Float2Str at 0x7f45d9d8cca0>, <class 'NoneType'>: <function None2NULL at 0x7f45d9d8cd50>, <class 'array.array'>: <function array2Str at 0x7f45d9d8cf60>, <class 'bool'>: <function Bool2Str at 0x7f45d9d8c9e0>, <class 'datetime.date'>: <function Thing2Literal at 0x7f45d9d8ce00>, <class 'datetime.datetime'>: <function DateTime2literal at 0x7f45d9d8c510>, <class 'datetime.timedelta'>: <function escape_timedelta at 0x7f45d9d8eda0>, <class 'set'>: <function Set2Str at 0x7f45d9d8cb40>, <class 'decimal.Decimal'>: <function Decimal2Literal at 0x7f45d9d8ceb0>, 1: <class 'int'>, 2: <class 'int'>, 3: <class 'int'>, 4: <cla...249: <class 'bytes'>, 250: <class 'bytes'>, 251: <class 'bytes'>, 252: <class 'bytes'>, 254: <class 'bytes'>, 253: <class 'bytes'>, 15: <class 'bytes'>, 245: <class 'bytes'>, <class 'dict'>: <function escape_dict at 0x7f45d9d8ee50>, <class 'frozenset'>: <function escape_frozenset at 0x7f45d9d478a0>}
      conv2 = {<class 'int'>: <function Thing2Str at 0x7f45d9d8cbf0>, <class 'float'>: <function Float2Str at 0x7f45d9d8cca0>, <class 'NoneType'>: <function None2NULL at 0x7f45d9d8cd50>, <class 'array.array'>: <function array2Str at 0x7f45d9d8cf60>, <class 'bool'>: <function Bool2Str at 0x7f45d9d8c9e0>, <class 'datetime.date'>: <function Thing2Literal at 0x7f45d9d8ce00>, <class 'datetime.datetime'>: <function DateTime2literal at 0x7f45d9d8c510>, <class 'datetime.timedelta'>: <function escape_timedelta at 0x7f45d9d8eda0>, <class 'set'>: <function Set2Str at 0x7f45d9d8cb40>, <class 'decimal.Decimal'>: <function Decimal2Literal at 0x7f45d9d8ceb0>, 1: <class 'int'>, 2: <class 'int'>, 3: <class 'int'>, 4: <cla...249: <class 'bytes'>, 250: <class 'bytes'>, 251: <class 'bytes'>, 252: <class 'bytes'>, 254: <class 'bytes'>, 253: <class 'bytes'>, 15: <class 'bytes'>, 245: <class 'bytes'>, <class 'dict'>: <function escape_dict at 0x7f45d9d8ee50>, <class 'frozenset'>: <function escape_frozenset at 0x7f45d9d478a0>}
      k = frozenset
      v = <function escape_frozenset at 0x7f45d9d478a0>
      cursorclass = MySQLdb.cursors.Cursor
      charset = 'utf8mb4'
      collation = ''
      use_unicode = True
      sql_mode = ''
      client_flag = 131072
      multi_statements = False
      autocommit = False
      __class__ = MySQLdb.connections.Connection
MySQLdb.OperationalError: (1045, "Access denied for user '_2c0861da27548010'@'localhost' (using password: YES)")
Backup failed for Site site1.local. Database or site_config.json may be corrupted
Traceback with variables (most recent call last):
  File "apps/frappe/frappe/commands/site.py", line 881, in backup
    odb = scheduled_backup(
      context = CliCtxObj(force=False, profile=False, sites=['doctypesite', 'project', 'project1', 'site1.local', 'site2.local'], verbose=True)
      with_files = False
      backup_path = None
      backup_path_db = None
      backup_path_files = None
      backup_path_private_files = None
      backup_path_conf = None
      ignore_backup_conf = False
      verbose = True
      compress = False
      include = ''
      exclude = ''
      old_backup_metadata = False
      scheduled_backup = <function scheduled_backup at 0x7f45dabe6560>
      exit_code = 1
      rollback_callback = None
      site = 'site1.local'
      odb = frappe.utils.backups.BackupGenerator(backup_excludes=[], backup_includes=[], backup_path=None, backup_path_conf='./project/private/backups/20260724_113004-project-site_config_backup.json', backup_path_db='./project/private/backups/20260724_113004-project-database.sql.gz', backup_path_files='./project/private/backups/20260724_113004-project-files.tar', backup_path_private_files='./project/private/backups/20260724_113004-project-private-files.tar', compress_files=False, db_host='127.0.0.1', db_name='_cc001b8908fd52e2', db_port=3306, db_socket=None, db_type='mariadb', exclude_doctypes='', ignore_conf=False, include_doctypes='', old_backup_metadata=False, partial=[], password='MkfhelKK7676ix1L', rollback_callback=frappe.utils.CallbackManager(-), site_slug='project', todays_date='20260724_113004', user='_cc001b8908fd52e2', verbose=True)
  File "apps/frappe/frappe/utils/backups.py", line 589, in scheduled_backup
    return new_backup(
      older_than = 6
      ignore_files = True
      backup_path = None
      backup_path_db = None
      backup_path_files = None
      backup_path_private_files = None
      backup_path_conf = None
      ignore_conf = False
      include_doctypes = ''
      exclude_doctypes = ''
      compress = False
      force = True
      verbose = True
      old_backup_metadata = False
      rollback_callback = frappe.utils.CallbackManager()
  File "apps/frappe/frappe/utils/backups.py", line 626, in new_backup
    odb = BackupGenerator(
      older_than = 6
      ignore_files = True
      backup_path = None
      backup_path_db = None
      backup_path_files = None
      backup_path_private_files = None
      backup_path_conf = None
      ignore_conf = False
      include_doctypes = ''
      exclude_doctypes = ''
      compress = False
      force = True
      verbose = True
      old_backup_metadata = False
      rollback_callback = frappe.utils.CallbackManager()
  File "apps/frappe/frappe/utils/backups.py", line 89, in __init__
    self.setup_backup_tables()
      self = frappe.utils.backups.BackupGenerator(backup_path=None, backup_path_conf=None, backup_path_db=None, backup_path_files=None, backup_path_private_files=None, compress_files=False, db_host='127.0.0.1', db_name='_2c0861da27548010', db_port=3306, db_socket=None, db_type='mariadb', exclude_doctypes='', ignore_conf=False, include_doctypes='', old_backup_metadata=False, partial=False, password='hDO55ejkgO4waVz0', rollback_callback=frappe.utils.CallbackManager(-), site_slug='project1', user='_2c0861da27548010', verbose=True)
      db_name = '_2c0861da27548010'
      user = '_2c0861da27548010'
      password = ********
      backup_path = None
      backup_path_db = None
      backup_path_files = None
      backup_path_private_files = None
      db_socket = None
      db_host = '127.0.0.1'
      db_port = 3306
      db_type = 'mariadb'
      backup_path_conf = None
      ignore_conf = False
      compress_files = False
      include_doctypes = ''
      exclude_doctypes = ''
      verbose = True
      old_backup_metadata = False
      rollback_callback = frappe.utils.CallbackManager()
      site = 'project1'
  File "apps/frappe/frappe/utils/backups.py", line 126, in setup_backup_tables
    self._set_existing_tables()
      self = frappe.utils.backups.BackupGenerator(backup_path=None, backup_path_conf=None, backup_path_db=None, backup_path_files=None, backup_path_private_files=None, compress_files=False, db_host='127.0.0.1', db_name='_2c0861da27548010', db_port=3306, db_socket=None, db_type='mariadb', exclude_doctypes='', ignore_conf=False, include_doctypes='', old_backup_metadata=False, partial=False, password='hDO55ejkgO4waVz0', rollback_callback=frappe.utils.CallbackManager(-), site_slug='project1', user='_2c0861da27548010', verbose=True)
  File "apps/frappe/frappe/utils/backups.py", line 122, in _set_existing_tables
    self._existing_tables = frappe.db.get_tables()
      self = frappe.utils.backups.BackupGenerator(backup_path=None, backup_path_conf=None, backup_path_db=None, backup_path_files=None, backup_path_private_files=None, compress_files=False, db_host='127.0.0.1', db_name='_2c0861da27548010', db_port=3306, db_socket=None, db_type='mariadb', exclude_doctypes='', ignore_conf=False, include_doctypes='', old_backup_metadata=False, partial=False, password='hDO55ejkgO4waVz0', rollback_callback=frappe.utils.CallbackManager(-), site_slug='project1', user='_2c0861da27548010', verbose=True)
  File "apps/frappe/frappe/database/mariadb/mysqlclient.py", line 522, in get_tables
    .run(pluck=True)
      self = frappe.database.mariadb.mysqlclient.MariaDBDatabase(after_commit=frappe.utils.CallbackManager(-), after_rollback=frappe.utils.CallbackManager(-), auto_commit_on_many_writes=0, before_commit=frappe.utils.CallbackManager(-), before_rollback=frappe.utils.CallbackManager(-), cur_db_name='_2c0861da27548010', db_type='mariadb', host='127.0.0.1', logger=<Logger database-project1 (WARNING)>, password='hDO55ejkgO4waVz0', port=3306, socket=None, transaction_writes=0, type_map={'Currency': ('decimal', '21,9'), 'Int': ('int', '11'), 'Long Int': ('bigint', '20'), 'Float': ('decimal', '21,9'), 'Percent': ('decimal', '21,9'), 'Check': ('tinyint', '4'), 'Small Text': ('text', ''), 'Long Text': ('longtext...'), 'Color': ('varchar', 140), 'Barcode': ('longtext', ''), 'Geolocation': ('longtext', ''), 'Duration': ('decimal', '21,9'), 'Icon': ('varchar', 140), 'Phone': ('varchar', 140), 'Autocomplete': ('varchar', 140), 'JSON': ('json', '')}, user='_2c0861da27548010', value_cache=collections.defaultdict{})
      cached = True
      to_query = True
      tables = None
      information_schema = pypika.queries.Schema()
  File "apps/frappe/frappe/query_builder/utils.py", line 131, in execute_query
    result = frappe.local.db.sql(query, params, *args, **kwargs)  # nosemgrep
      query = 'SELECT `table_name` FROM `information_schema`.`tables` WHERE `table_schema`=%(param1)s'
      args = ()
      kwargs = {'pluck': True}
      dt = None
      fields = []
      child_queries = "_child_queries"
      params = {'param1': '_2c0861da27548010'}
  File "apps/frappe/frappe/database/database.py", line 249, in sql
    self.connect()
      self = frappe.database.mariadb.mysqlclient.MariaDBDatabase(after_commit=frappe.utils.CallbackManager(-), after_rollback=frappe.utils.CallbackManager(-), auto_commit_on_many_writes=0, before_commit=frappe.utils.CallbackManager(-), before_rollback=frappe.utils.CallbackManager(-), cur_db_name='_2c0861da27548010', db_type='mariadb', host='127.0.0.1', logger=<Logger database-project1 (WARNING)>, password='hDO55ejkgO4waVz0', port=3306, socket=None, transaction_writes=0, type_map={'Currency': ('decimal', '21,9'), 'Int': ('int', '11'), 'Long Int': ('bigint', '20'), 'Float': ('decimal', '21,9'), 'Percent': ('decimal', '21,9'), 'Check': ('tinyint', '4'), 'Small Text': ('text', ''), 'Long Text': ('longtext...'), 'Color': ('varchar', 140), 'Barcode': ('longtext', ''), 'Geolocation': ('longtext', ''), 'Duration': ('decimal', '21,9'), 'Icon': ('varchar', 140), 'Phone': ('varchar', 140), 'Autocomplete': ('varchar', 140), 'JSON': ('json', '')}, user='_2c0861da27548010', value_cache=collections.defaultdict{})
      query = 'SELECT `table_name` FROM `information_schema`.`tables` WHERE `table_schema`=%(param1)s'
      values = {'param1': '_2c0861da27548010'}
      as_dict = 0
      as_list = 0
      debug = False
      ignore_ddl = 0
      auto_commit = 0
      update = None
      explain = False
      run = True
      pluck = True
      as_iterator = False
      query_type = 'select'
  File "apps/frappe/frappe/database/database.py", line 147, in connect
    self.get_connection()
      self = frappe.database.mariadb.mysqlclient.MariaDBDatabase(after_commit=frappe.utils.CallbackManager(-), after_rollback=frappe.utils.CallbackManager(-), auto_commit_on_many_writes=0, before_commit=frappe.utils.CallbackManager(-), before_rollback=frappe.utils.CallbackManager(-), cur_db_name='_2c0861da27548010', db_type='mariadb', host='127.0.0.1', logger=<Logger database-project1 (WARNING)>, password='hDO55ejkgO4waVz0', port=3306, socket=None, transaction_writes=0, type_map={'Currency': ('decimal', '21,9'), 'Int': ('int', '11'), 'Long Int': ('bigint', '20'), 'Float': ('decimal', '21,9'), 'Percent': ('decimal', '21,9'), 'Check': ('tinyint', '4'), 'Small Text': ('text', ''), 'Long Text': ('longtext...'), 'Color': ('varchar', 140), 'Barcode': ('longtext', ''), 'Geolocation': ('longtext', ''), 'Duration': ('decimal', '21,9'), 'Icon': ('varchar', 140), 'Phone': ('varchar', 140), 'Autocomplete': ('varchar', 140), 'JSON': ('json', '')}, user='_2c0861da27548010', value_cache=collections.defaultdict{})
  File "apps/frappe/frappe/database/mariadb/mysqlclient.py", line 113, in get_connection
    conn = self._get_connection()
      self = frappe.database.mariadb.mysqlclient.MariaDBDatabase(after_commit=frappe.utils.CallbackManager(-), after_rollback=frappe.utils.CallbackManager(-), auto_commit_on_many_writes=0, before_commit=frappe.utils.CallbackManager(-), before_rollback=frappe.utils.CallbackManager(-), cur_db_name='_2c0861da27548010', db_type='mariadb', host='127.0.0.1', logger=<Logger database-project1 (WARNING)>, password='hDO55ejkgO4waVz0', port=3306, socket=None, transaction_writes=0, type_map={'Currency': ('decimal', '21,9'), 'Int': ('int', '11'), 'Long Int': ('bigint', '20'), 'Float': ('decimal', '21,9'), 'Percent': ('decimal', '21,9'), 'Check': ('tinyint', '4'), 'Small Text': ('text', ''), 'Long Text': ('longtext...'), 'Color': ('varchar', 140), 'Barcode': ('longtext', ''), 'Geolocation': ('longtext', ''), 'Duration': ('decimal', '21,9'), 'Icon': ('varchar', 140), 'Phone': ('varchar', 140), 'Autocomplete': ('varchar', 140), 'JSON': ('json', '')}, user='_2c0861da27548010', value_cache=collections.defaultdict{})
  File "apps/frappe/frappe/database/mariadb/mysqlclient.py", line 118, in _get_connection
    return self.create_connection()
      self = frappe.database.mariadb.mysqlclient.MariaDBDatabase(after_commit=frappe.utils.CallbackManager(-), after_rollback=frappe.utils.CallbackManager(-), auto_commit_on_many_writes=0, before_commit=frappe.utils.CallbackManager(-), before_rollback=frappe.utils.CallbackManager(-), cur_db_name='_2c0861da27548010', db_type='mariadb', host='127.0.0.1', logger=<Logger database-project1 (WARNING)>, password='hDO55ejkgO4waVz0', port=3306, socket=None, transaction_writes=0, type_map={'Currency': ('decimal', '21,9'), 'Int': ('int', '11'), 'Long Int': ('bigint', '20'), 'Float': ('decimal', '21,9'), 'Percent': ('decimal', '21,9'), 'Check': ('tinyint', '4'), 'Small Text': ('text', ''), 'Long Text': ('longtext...'), 'Color': ('varchar', 140), 'Barcode': ('longtext', ''), 'Geolocation': ('longtext', ''), 'Duration': ('decimal', '21,9'), 'Icon': ('varchar', 140), 'Phone': ('varchar', 140), 'Autocomplete': ('varchar', 140), 'JSON': ('json', '')}, user='_2c0861da27548010', value_cache=collections.defaultdict{})
  File "apps/frappe/frappe/database/mariadb/mysqlclient.py", line 121, in create_connection
    return MySQLdb.connect(**self.get_connection_settings())
      self = frappe.database.mariadb.mysqlclient.MariaDBDatabase(after_commit=frappe.utils.CallbackManager(-), after_rollback=frappe.utils.CallbackManager(-), auto_commit_on_many_writes=0, before_commit=frappe.utils.CallbackManager(-), before_rollback=frappe.utils.CallbackManager(-), cur_db_name='_2c0861da27548010', db_type='mariadb', host='127.0.0.1', logger=<Logger database-project1 (WARNING)>, password='hDO55ejkgO4waVz0', port=3306, socket=None, transaction_writes=0, type_map={'Currency': ('decimal', '21,9'), 'Int': ('int', '11'), 'Long Int': ('bigint', '20'), 'Float': ('decimal', '21,9'), 'Percent': ('decimal', '21,9'), 'Check': ('tinyint', '4'), 'Small Text': ('text', ''), 'Long Text': ('longtext...'), 'Color': ('varchar', 140), 'Barcode': ('longtext', ''), 'Geolocation': ('longtext', ''), 'Duration': ('decimal', '21,9'), 'Icon': ('varchar', 140), 'Phone': ('varchar', 140), 'Autocomplete': ('varchar', 140), 'JSON': ('json', '')}, user='_2c0861da27548010', value_cache=collections.defaultdict{})
  File "env/lib/python3.14/site-packages/MySQLdb/__init__.py", line 121, in Connect
    return Connection(*args, **kwargs)
      args = ()
      kwargs = {'user': '_2c0861da27548010', 'conv': {<class 'int'>: <function Thing2Str at 0x7f45d9d8cbf0>, <class 'float'>: <function Float2Str at 0x7f45d9d8cca0>, <class 'NoneType'>: <function None2NULL at 0x7f45d9d8cd50>, <class 'array.array'>: <function array2Str at 0x7f45d9d8cf60>, <class 'bool'>: <function Bool2Str at 0x7f45d9d8c9e0>, <class 'datetime.date'>: <function Thing2Literal at 0x7f45d9d8ce00>, <class 'datetime.datetime'>: <function DateTime2literal at 0x7f45d9d8c510>, <class 'datetime.timedelta'>: <function escape_timedelta at 0x7f45d9d8eda0>, <class 'set'>: <function Set2Str at 0x7f45d9d8cb40>, <class 'decimal.Decimal'>: <function Decimal2Literal at 0x7f45d9d8ceb0>, 1: <class 'int'>, 2: <c...t'>: <function escape_dict at 0x7f45d9d8ee50>, <class 'frozenset'>: <function escape_frozenset at 0x7f45d9d478a0>}, 'charset': 'utf8mb4', 'use_unicode': True, 'local_infile': False, 'multi_statements': False, 'database': '_2c0861da27548010', 'host': '127.0.0.1', 'port': 3306, 'password': '********'}
      Connection = MySQLdb.connections.Connection
  File "env/lib/python3.14/site-packages/MySQLdb/connections.py", line 200, in __init__
    super().__init__(*args, **kwargs2)
      self = <_mysql.connection open to '(null)' at 0x5445a00>
      args = ()
      kwargs = {'user': '_2c0861da27548010', 'conv': {<class 'int'>: <function Thing2Str at 0x7f45d9d8cbf0>, <class 'float'>: <function Float2Str at 0x7f45d9d8cca0>, <class 'NoneType'>: <function None2NULL at 0x7f45d9d8cd50>, <class 'array.array'>: <function array2Str at 0x7f45d9d8cf60>, <class 'bool'>: <function Bool2Str at 0x7f45d9d8c9e0>, <class 'datetime.date'>: <function Thing2Literal at 0x7f45d9d8ce00>, <class 'datetime.datetime'>: <function DateTime2literal at 0x7f45d9d8c510>, <class 'datetime.timedelta'>: <function escape_timedelta at 0x7f45d9d8eda0>, <class 'set'>: <function Set2Str at 0x7f45d9d8cb40>, <class 'decimal.Decimal'>: <function Decimal2Literal at 0x7f45d9d8ceb0>, 1: <class 'int'>, 2: <c...t'>: <function escape_dict at 0x7f45d9d8ee50>, <class 'frozenset'>: <function escape_frozenset at 0x7f45d9d478a0>}, 'charset': 'utf8mb4', 'use_unicode': True, 'local_infile': False, 'multi_statements': False, 'database': '_2c0861da27548010', 'host': '127.0.0.1', 'port': 3306, 'password': '********'}
      CLIENT = <module 'MySQLdb.constants.CLIENT' from 'env/lib/python3.14/site-packages/MySQLdb/constants/CLIENT.py'>
      FIELD_TYPE = <module 'MySQLdb.constants.FIELD_TYPE' from 'env/lib/python3.14/site-packages/MySQLdb/constants/FIELD_TYPE.py'>
      conversions = {<class 'int'>: <function Thing2Str at 0x7f45d9d8cbf0>, <class 'float'>: <function Float2Str at 0x7f45d9d8cca0>, <class 'NoneType'>: <function None2NULL at 0x7f45d9d8cd50>, <class 'array.array'>: <function array2Str at 0x7f45d9d8cf60>, <class 'bool'>: <function Bool2Str at 0x7f45d9d8c9e0>, <class 'datetime.date'>: <function Thing2Literal at 0x7f45d9d8ce00>, <class 'datetime.datetime'>: <function DateTime2literal at 0x7f45d9d8c510>, <class 'datetime.timedelta'>: <function DateTimeDelta2literal at 0x7f45d9d8c5c0>, <class 'set'>: <function Set2Str at 0x7f45d9d8cb40>, <class 'decimal.Decimal'>: <function Decimal2Literal at 0x7f45d9d8ceb0>, 1: <class 'int'>, 2: <class 'int'>, 3: <class 'int'>, 4:...r_None at 0x7f45d9d8c250>, 11: <function TimeDelta_or_None at 0x7f45d9d8c300>, 10: <function Date_or_None at 0x7f45d9d8c460>, 249: <class 'bytes'>, 250: <class 'bytes'>, 251: <class 'bytes'>, 252: <class 'bytes'>, 254: <class 'bytes'>, 253: <class 'bytes'>, 15: <class 'bytes'>, 245: <class 'bytes'>}
      _bytes_or_str = ((128, bytes), (None, str))
      kwargs2 = {'user': '_2c0861da27548010', 'conv': {<class 'int'>: <function Thing2Str at 0x7f45d9d8cbf0>, <class 'float'>: <function Float2Str at 0x7f45d9d8cca0>, <class 'NoneType'>: <function None2NULL at 0x7f45d9d8cd50>, <class 'array.array'>: <function array2Str at 0x7f45d9d8cf60>, <class 'bool'>: <function Bool2Str at 0x7f45d9d8c9e0>, <class 'datetime.date'>: <function Thing2Literal at 0x7f45d9d8ce00>, <class 'datetime.datetime'>: <function DateTime2literal at 0x7f45d9d8c510>, <class 'datetime.timedelta'>: <function escape_timedelta at 0x7f45d9d8eda0>, <class 'set'>: <function Set2Str at 0x7f45d9d8cb40>, <class 'decimal.Decimal'>: <function Decimal2Literal at 0x7f45d9d8ceb0>, 1: <class 'int'>, 2: <c...ass 'bytes'>, <class 'dict'>: <function escape_dict at 0x7f45d9d8ee50>, <class 'frozenset'>: <function escape_frozenset at 0x7f45d9d478a0>}, 'charset': 'utf8mb4', 'local_infile': False, 'database': '_2c0861da27548010', 'host': '127.0.0.1', 'port': 3306, 'password': '********', 'client_flag': 131072}
      conv = {<class 'int'>: <function Thing2Str at 0x7f45d9d8cbf0>, <class 'float'>: <function Float2Str at 0x7f45d9d8cca0>, <class 'NoneType'>: <function None2NULL at 0x7f45d9d8cd50>, <class 'array.array'>: <function array2Str at 0x7f45d9d8cf60>, <class 'bool'>: <function Bool2Str at 0x7f45d9d8c9e0>, <class 'datetime.date'>: <function Thing2Literal at 0x7f45d9d8ce00>, <class 'datetime.datetime'>: <function DateTime2literal at 0x7f45d9d8c510>, <class 'datetime.timedelta'>: <function escape_timedelta at 0x7f45d9d8eda0>, <class 'set'>: <function Set2Str at 0x7f45d9d8cb40>, <class 'decimal.Decimal'>: <function Decimal2Literal at 0x7f45d9d8ceb0>, 1: <class 'int'>, 2: <class 'int'>, 3: <class 'int'>, 4: <cla...249: <class 'bytes'>, 250: <class 'bytes'>, 251: <class 'bytes'>, 252: <class 'bytes'>, 254: <class 'bytes'>, 253: <class 'bytes'>, 15: <class 'bytes'>, 245: <class 'bytes'>, <class 'dict'>: <function escape_dict at 0x7f45d9d8ee50>, <class 'frozenset'>: <function escape_frozenset at 0x7f45d9d478a0>}
      conv2 = {<class 'int'>: <function Thing2Str at 0x7f45d9d8cbf0>, <class 'float'>: <function Float2Str at 0x7f45d9d8cca0>, <class 'NoneType'>: <function None2NULL at 0x7f45d9d8cd50>, <class 'array.array'>: <function array2Str at 0x7f45d9d8cf60>, <class 'bool'>: <function Bool2Str at 0x7f45d9d8c9e0>, <class 'datetime.date'>: <function Thing2Literal at 0x7f45d9d8ce00>, <class 'datetime.datetime'>: <function DateTime2literal at 0x7f45d9d8c510>, <class 'datetime.timedelta'>: <function escape_timedelta at 0x7f45d9d8eda0>, <class 'set'>: <function Set2Str at 0x7f45d9d8cb40>, <class 'decimal.Decimal'>: <function Decimal2Literal at 0x7f45d9d8ceb0>, 1: <class 'int'>, 2: <class 'int'>, 3: <class 'int'>, 4: <cla...249: <class 'bytes'>, 250: <class 'bytes'>, 251: <class 'bytes'>, 252: <class 'bytes'>, 254: <class 'bytes'>, 253: <class 'bytes'>, 15: <class 'bytes'>, 245: <class 'bytes'>, <class 'dict'>: <function escape_dict at 0x7f45d9d8ee50>, <class 'frozenset'>: <function escape_frozenset at 0x7f45d9d478a0>}
      k = frozenset
      v = <function escape_frozenset at 0x7f45d9d478a0>
      cursorclass = MySQLdb.cursors.Cursor
      charset = 'utf8mb4'
      collation = ''
      use_unicode = True
      sql_mode = ''
      client_flag = 131072
      multi_statements = False
      autocommit = False
      __class__ = MySQLdb.connections.Connection
MySQLdb.OperationalError: (1045, "Access denied for user '_2c0861da27548010'@'localhost' (using password: YES)")
Backup failed for Site site2.local. Database or site_config.json may be corrupted
Traceback with variables (most recent call last):
  File "apps/frappe/frappe/commands/site.py", line 881, in backup
    odb = scheduled_backup(
      context = CliCtxObj(force=False, profile=False, sites=['doctypesite', 'project', 'project1', 'site1.local', 'site2.local'], verbose=True)
      with_files = False
      backup_path = None
      backup_path_db = None
      backup_path_files = None
      backup_path_private_files = None
      backup_path_conf = None
      ignore_backup_conf = False
      verbose = True
      compress = False
      include = ''
      exclude = ''
      old_backup_metadata = False
      scheduled_backup = <function scheduled_backup at 0x7f45dabe6560>
      exit_code = 1
      rollback_callback = None
      site = 'site2.local'
      odb = frappe.utils.backups.BackupGenerator(backup_excludes=[], backup_includes=[], backup_path=None, backup_path_conf='./project/private/backups/20260724_113004-project-site_config_backup.json', backup_path_db='./project/private/backups/20260724_113004-project-database.sql.gz', backup_path_files='./project/private/backups/20260724_113004-project-files.tar', backup_path_private_files='./project/private/backups/20260724_113004-project-private-files.tar', compress_files=False, db_host='127.0.0.1', db_name='_cc001b8908fd52e2', db_port=3306, db_socket=None, db_type='mariadb', exclude_doctypes='', ignore_conf=False, include_doctypes='', old_backup_metadata=False, partial=[], password='MkfhelKK7676ix1L', rollback_callback=frappe.utils.CallbackManager(-), site_slug='project', todays_date='20260724_113004', user='_cc001b8908fd52e2', verbose=True)
  File "apps/frappe/frappe/utils/backups.py", line 589, in scheduled_backup
    return new_backup(
      older_than = 6
      ignore_files = True
      backup_path = None
      backup_path_db = None
      backup_path_files = None
      backup_path_private_files = None
      backup_path_conf = None
      ignore_conf = False
      include_doctypes = ''
      exclude_doctypes = ''
      compress = False
      force = True
      verbose = True
      old_backup_metadata = False
      rollback_callback = frappe.utils.CallbackManager()
  File "apps/frappe/frappe/utils/backups.py", line 626, in new_backup
    odb = BackupGenerator(
      older_than = 6
      ignore_files = True
      backup_path = None
      backup_path_db = None
      backup_path_files = None
      backup_path_private_files = None
      backup_path_conf = None
      ignore_conf = False
      include_doctypes = ''
      exclude_doctypes = ''
      compress = False
      force = True
      verbose = True
      old_backup_metadata = False
      rollback_callback = frappe.utils.CallbackManager()
  File "apps/frappe/frappe/utils/backups.py", line 89, in __init__
    self.setup_backup_tables()
      self = frappe.utils.backups.BackupGenerator(backup_path=None, backup_path_conf=None, backup_path_db=None, backup_path_files=None, backup_path_private_files=None, compress_files=False, db_host='127.0.0.1', db_name='_2c0861da27548010', db_port=3306, db_socket=None, db_type='mariadb', exclude_doctypes='', ignore_conf=False, include_doctypes='', old_backup_metadata=False, partial=False, password='hDO55ejkgO4waVz0', rollback_callback=frappe.utils.CallbackManager(-), site_slug='project1', user='_2c0861da27548010', verbose=True)
      db_name = '_2c0861da27548010'
      user = '_2c0861da27548010'
      password = ********
      backup_path = None
      backup_path_db = None
      backup_path_files = None
      backup_path_private_files = None
      db_socket = None
      db_host = '127.0.0.1'
      db_port = 3306
      db_type = 'mariadb'
      backup_path_conf = None
      ignore_conf = False
      compress_files = False
      include_doctypes = ''
      exclude_doctypes = ''
      verbose = True
      old_backup_metadata = False
      rollback_callback = frappe.utils.CallbackManager()
      site = 'project1'
  File "apps/frappe/frappe/utils/backups.py", line 126, in setup_backup_tables
    self._set_existing_tables()
      self = frappe.utils.backups.BackupGenerator(backup_path=None, backup_path_conf=None, backup_path_db=None, backup_path_files=None, backup_path_private_files=None, compress_files=False, db_host='127.0.0.1', db_name='_2c0861da27548010', db_port=3306, db_socket=None, db_type='mariadb', exclude_doctypes='', ignore_conf=False, include_doctypes='', old_backup_metadata=False, partial=False, password='hDO55ejkgO4waVz0', rollback_callback=frappe.utils.CallbackManager(-), site_slug='project1', user='_2c0861da27548010', verbose=True)
  File "apps/frappe/frappe/utils/backups.py", line 122, in _set_existing_tables
    self._existing_tables = frappe.db.get_tables()
      self = frappe.utils.backups.BackupGenerator(backup_path=None, backup_path_conf=None, backup_path_db=None, backup_path_files=None, backup_path_private_files=None, compress_files=False, db_host='127.0.0.1', db_name='_2c0861da27548010', db_port=3306, db_socket=None, db_type='mariadb', exclude_doctypes='', ignore_conf=False, include_doctypes='', old_backup_metadata=False, partial=False, password='hDO55ejkgO4waVz0', rollback_callback=frappe.utils.CallbackManager(-), site_slug='project1', user='_2c0861da27548010', verbose=True)
  File "apps/frappe/frappe/database/mariadb/mysqlclient.py", line 522, in get_tables
    .run(pluck=True)
      self = frappe.database.mariadb.mysqlclient.MariaDBDatabase(after_commit=frappe.utils.CallbackManager(-), after_rollback=frappe.utils.CallbackManager(-), auto_commit_on_many_writes=0, before_commit=frappe.utils.CallbackManager(-), before_rollback=frappe.utils.CallbackManager(-), cur_db_name='_2c0861da27548010', db_type='mariadb', host='127.0.0.1', logger=<Logger database-project1 (WARNING)>, password='hDO55ejkgO4waVz0', port=3306, socket=None, transaction_writes=0, type_map={'Currency': ('decimal', '21,9'), 'Int': ('int', '11'), 'Long Int': ('bigint', '20'), 'Float': ('decimal', '21,9'), 'Percent': ('decimal', '21,9'), 'Check': ('tinyint', '4'), 'Small Text': ('text', ''), 'Long Text': ('longtext...'), 'Color': ('varchar', 140), 'Barcode': ('longtext', ''), 'Geolocation': ('longtext', ''), 'Duration': ('decimal', '21,9'), 'Icon': ('varchar', 140), 'Phone': ('varchar', 140), 'Autocomplete': ('varchar', 140), 'JSON': ('json', '')}, user='_2c0861da27548010', value_cache=collections.defaultdict{})
      cached = True
      to_query = True
      tables = None
      information_schema = pypika.queries.Schema()
  File "apps/frappe/frappe/query_builder/utils.py", line 131, in execute_query
    result = frappe.local.db.sql(query, params, *args, **kwargs)  # nosemgrep
      query = 'SELECT `table_name` FROM `information_schema`.`tables` WHERE `table_schema`=%(param1)s'
      args = ()
      kwargs = {'pluck': True}
      dt = None
      fields = []
      child_queries = "_child_queries"
      params = {'param1': '_2c0861da27548010'}
  File "apps/frappe/frappe/database/database.py", line 249, in sql
    self.connect()
      self = frappe.database.mariadb.mysqlclient.MariaDBDatabase(after_commit=frappe.utils.CallbackManager(-), after_rollback=frappe.utils.CallbackManager(-), auto_commit_on_many_writes=0, before_commit=frappe.utils.CallbackManager(-), before_rollback=frappe.utils.CallbackManager(-), cur_db_name='_2c0861da27548010', db_type='mariadb', host='127.0.0.1', logger=<Logger database-project1 (WARNING)>, password='hDO55ejkgO4waVz0', port=3306, socket=None, transaction_writes=0, type_map={'Currency': ('decimal', '21,9'), 'Int': ('int', '11'), 'Long Int': ('bigint', '20'), 'Float': ('decimal', '21,9'), 'Percent': ('decimal', '21,9'), 'Check': ('tinyint', '4'), 'Small Text': ('text', ''), 'Long Text': ('longtext...'), 'Color': ('varchar', 140), 'Barcode': ('longtext', ''), 'Geolocation': ('longtext', ''), 'Duration': ('decimal', '21,9'), 'Icon': ('varchar', 140), 'Phone': ('varchar', 140), 'Autocomplete': ('varchar', 140), 'JSON': ('json', '')}, user='_2c0861da27548010', value_cache=collections.defaultdict{})
      query = 'SELECT `table_name` FROM `information_schema`.`tables` WHERE `table_schema`=%(param1)s'
      values = {'param1': '_2c0861da27548010'}
      as_dict = 0
      as_list = 0
      debug = False
      ignore_ddl = 0
      auto_commit = 0
      update = None
      explain = False
      run = True
      pluck = True
      as_iterator = False
      query_type = 'select'
  File "apps/frappe/frappe/database/database.py", line 147, in connect
    self.get_connection()
      self = frappe.database.mariadb.mysqlclient.MariaDBDatabase(after_commit=frappe.utils.CallbackManager(-), after_rollback=frappe.utils.CallbackManager(-), auto_commit_on_many_writes=0, before_commit=frappe.utils.CallbackManager(-), before_rollback=frappe.utils.CallbackManager(-), cur_db_name='_2c0861da27548010', db_type='mariadb', host='127.0.0.1', logger=<Logger database-project1 (WARNING)>, password='hDO55ejkgO4waVz0', port=3306, socket=None, transaction_writes=0, type_map={'Currency': ('decimal', '21,9'), 'Int': ('int', '11'), 'Long Int': ('bigint', '20'), 'Float': ('decimal', '21,9'), 'Percent': ('decimal', '21,9'), 'Check': ('tinyint', '4'), 'Small Text': ('text', ''), 'Long Text': ('longtext...'), 'Color': ('varchar', 140), 'Barcode': ('longtext', ''), 'Geolocation': ('longtext', ''), 'Duration': ('decimal', '21,9'), 'Icon': ('varchar', 140), 'Phone': ('varchar', 140), 'Autocomplete': ('varchar', 140), 'JSON': ('json', '')}, user='_2c0861da27548010', value_cache=collections.defaultdict{})
  File "apps/frappe/frappe/database/mariadb/mysqlclient.py", line 113, in get_connection
    conn = self._get_connection()
      self = frappe.database.mariadb.mysqlclient.MariaDBDatabase(after_commit=frappe.utils.CallbackManager(-), after_rollback=frappe.utils.CallbackManager(-), auto_commit_on_many_writes=0, before_commit=frappe.utils.CallbackManager(-), before_rollback=frappe.utils.CallbackManager(-), cur_db_name='_2c0861da27548010', db_type='mariadb', host='127.0.0.1', logger=<Logger database-project1 (WARNING)>, password='hDO55ejkgO4waVz0', port=3306, socket=None, transaction_writes=0, type_map={'Currency': ('decimal', '21,9'), 'Int': ('int', '11'), 'Long Int': ('bigint', '20'), 'Float': ('decimal', '21,9'), 'Percent': ('decimal', '21,9'), 'Check': ('tinyint', '4'), 'Small Text': ('text', ''), 'Long Text': ('longtext...'), 'Color': ('varchar', 140), 'Barcode': ('longtext', ''), 'Geolocation': ('longtext', ''), 'Duration': ('decimal', '21,9'), 'Icon': ('varchar', 140), 'Phone': ('varchar', 140), 'Autocomplete': ('varchar', 140), 'JSON': ('json', '')}, user='_2c0861da27548010', value_cache=collections.defaultdict{})
  File "apps/frappe/frappe/database/mariadb/mysqlclient.py", line 118, in _get_connection
    return self.create_connection()
      self = frappe.database.mariadb.mysqlclient.MariaDBDatabase(after_commit=frappe.utils.CallbackManager(-), after_rollback=frappe.utils.CallbackManager(-), auto_commit_on_many_writes=0, before_commit=frappe.utils.CallbackManager(-), before_rollback=frappe.utils.CallbackManager(-), cur_db_name='_2c0861da27548010', db_type='mariadb', host='127.0.0.1', logger=<Logger database-project1 (WARNING)>, password='hDO55ejkgO4waVz0', port=3306, socket=None, transaction_writes=0, type_map={'Currency': ('decimal', '21,9'), 'Int': ('int', '11'), 'Long Int': ('bigint', '20'), 'Float': ('decimal', '21,9'), 'Percent': ('decimal', '21,9'), 'Check': ('tinyint', '4'), 'Small Text': ('text', ''), 'Long Text': ('longtext...'), 'Color': ('varchar', 140), 'Barcode': ('longtext', ''), 'Geolocation': ('longtext', ''), 'Duration': ('decimal', '21,9'), 'Icon': ('varchar', 140), 'Phone': ('varchar', 140), 'Autocomplete': ('varchar', 140), 'JSON': ('json', '')}, user='_2c0861da27548010', value_cache=collections.defaultdict{})
  File "apps/frappe/frappe/database/mariadb/mysqlclient.py", line 121, in create_connection
    return MySQLdb.connect(**self.get_connection_settings())
      self = frappe.database.mariadb.mysqlclient.MariaDBDatabase(after_commit=frappe.utils.CallbackManager(-), after_rollback=frappe.utils.CallbackManager(-), auto_commit_on_many_writes=0, before_commit=frappe.utils.CallbackManager(-), before_rollback=frappe.utils.CallbackManager(-), cur_db_name='_2c0861da27548010', db_type='mariadb', host='127.0.0.1', logger=<Logger database-project1 (WARNING)>, password='hDO55ejkgO4waVz0', port=3306, socket=None, transaction_writes=0, type_map={'Currency': ('decimal', '21,9'), 'Int': ('int', '11'), 'Long Int': ('bigint', '20'), 'Float': ('decimal', '21,9'), 'Percent': ('decimal', '21,9'), 'Check': ('tinyint', '4'), 'Small Text': ('text', ''), 'Long Text': ('longtext...'), 'Color': ('varchar', 140), 'Barcode': ('longtext', ''), 'Geolocation': ('longtext', ''), 'Duration': ('decimal', '21,9'), 'Icon': ('varchar', 140), 'Phone': ('varchar', 140), 'Autocomplete': ('varchar', 140), 'JSON': ('json', '')}, user='_2c0861da27548010', value_cache=collections.defaultdict{})
  File "env/lib/python3.14/site-packages/MySQLdb/__init__.py", line 121, in Connect
    return Connection(*args, **kwargs)
      args = ()
      kwargs = {'user': '_2c0861da27548010', 'conv': {<class 'int'>: <function Thing2Str at 0x7f45d9d8cbf0>, <class 'float'>: <function Float2Str at 0x7f45d9d8cca0>, <class 'NoneType'>: <function None2NULL at 0x7f45d9d8cd50>, <class 'array.array'>: <function array2Str at 0x7f45d9d8cf60>, <class 'bool'>: <function Bool2Str at 0x7f45d9d8c9e0>, <class 'datetime.date'>: <function Thing2Literal at 0x7f45d9d8ce00>, <class 'datetime.datetime'>: <function DateTime2literal at 0x7f45d9d8c510>, <class 'datetime.timedelta'>: <function escape_timedelta at 0x7f45d9d8eda0>, <class 'set'>: <function Set2Str at 0x7f45d9d8cb40>, <class 'decimal.Decimal'>: <function Decimal2Literal at 0x7f45d9d8ceb0>, 1: <class 'int'>, 2: <c...t'>: <function escape_dict at 0x7f45d9d8ee50>, <class 'frozenset'>: <function escape_frozenset at 0x7f45d9d478a0>}, 'charset': 'utf8mb4', 'use_unicode': True, 'local_infile': False, 'multi_statements': False, 'database': '_2c0861da27548010', 'host': '127.0.0.1', 'port': 3306, 'password': '********'}
      Connection = MySQLdb.connections.Connection
  File "env/lib/python3.14/site-packages/MySQLdb/connections.py", line 200, in __init__
    super().__init__(*args, **kwargs2)
      self = <_mysql.connection open to '(null)' at 0x5445a00>
      args = ()
      kwargs = {'user': '_2c0861da27548010', 'conv': {<class 'int'>: <function Thing2Str at 0x7f45d9d8cbf0>, <class 'float'>: <function Float2Str at 0x7f45d9d8cca0>, <class 'NoneType'>: <function None2NULL at 0x7f45d9d8cd50>, <class 'array.array'>: <function array2Str at 0x7f45d9d8cf60>, <class 'bool'>: <function Bool2Str at 0x7f45d9d8c9e0>, <class 'datetime.date'>: <function Thing2Literal at 0x7f45d9d8ce00>, <class 'datetime.datetime'>: <function DateTime2literal at 0x7f45d9d8c510>, <class 'datetime.timedelta'>: <function escape_timedelta at 0x7f45d9d8eda0>, <class 'set'>: <function Set2Str at 0x7f45d9d8cb40>, <class 'decimal.Decimal'>: <function Decimal2Literal at 0x7f45d9d8ceb0>, 1: <class 'int'>, 2: <c...t'>: <function escape_dict at 0x7f45d9d8ee50>, <class 'frozenset'>: <function escape_frozenset at 0x7f45d9d478a0>}, 'charset': 'utf8mb4', 'use_unicode': True, 'local_infile': False, 'multi_statements': False, 'database': '_2c0861da27548010', 'host': '127.0.0.1', 'port': 3306, 'password': '********'}
      CLIENT = <module 'MySQLdb.constants.CLIENT' from 'env/lib/python3.14/site-packages/MySQLdb/constants/CLIENT.py'>
      FIELD_TYPE = <module 'MySQLdb.constants.FIELD_TYPE' from 'env/lib/python3.14/site-packages/MySQLdb/constants/FIELD_TYPE.py'>
      conversions = {<class 'int'>: <function Thing2Str at 0x7f45d9d8cbf0>, <class 'float'>: <function Float2Str at 0x7f45d9d8cca0>, <class 'NoneType'>: <function None2NULL at 0x7f45d9d8cd50>, <class 'array.array'>: <function array2Str at 0x7f45d9d8cf60>, <class 'bool'>: <function Bool2Str at 0x7f45d9d8c9e0>, <class 'datetime.date'>: <function Thing2Literal at 0x7f45d9d8ce00>, <class 'datetime.datetime'>: <function DateTime2literal at 0x7f45d9d8c510>, <class 'datetime.timedelta'>: <function DateTimeDelta2literal at 0x7f45d9d8c5c0>, <class 'set'>: <function Set2Str at 0x7f45d9d8cb40>, <class 'decimal.Decimal'>: <function Decimal2Literal at 0x7f45d9d8ceb0>, 1: <class 'int'>, 2: <class 'int'>, 3: <class 'int'>, 4:...r_None at 0x7f45d9d8c250>, 11: <function TimeDelta_or_None at 0x7f45d9d8c300>, 10: <function Date_or_None at 0x7f45d9d8c460>, 249: <class 'bytes'>, 250: <class 'bytes'>, 251: <class 'bytes'>, 252: <class 'bytes'>, 254: <class 'bytes'>, 253: <class 'bytes'>, 15: <class 'bytes'>, 245: <class 'bytes'>}
      _bytes_or_str = ((128, bytes), (None, str))
      kwargs2 = {'user': '_2c0861da27548010', 'conv': {<class 'int'>: <function Thing2Str at 0x7f45d9d8cbf0>, <class 'float'>: <function Float2Str at 0x7f45d9d8cca0>, <class 'NoneType'>: <function None2NULL at 0x7f45d9d8cd50>, <class 'array.array'>: <function array2Str at 0x7f45d9d8cf60>, <class 'bool'>: <function Bool2Str at 0x7f45d9d8c9e0>, <class 'datetime.date'>: <function Thing2Literal at 0x7f45d9d8ce00>, <class 'datetime.datetime'>: <function DateTime2literal at 0x7f45d9d8c510>, <class 'datetime.timedelta'>: <function escape_timedelta at 0x7f45d9d8eda0>, <class 'set'>: <function Set2Str at 0x7f45d9d8cb40>, <class 'decimal.Decimal'>: <function Decimal2Literal at 0x7f45d9d8ceb0>, 1: <class 'int'>, 2: <c...ass 'bytes'>, <class 'dict'>: <function escape_dict at 0x7f45d9d8ee50>, <class 'frozenset'>: <function escape_frozenset at 0x7f45d9d478a0>}, 'charset': 'utf8mb4', 'local_infile': False, 'database': '_2c0861da27548010', 'host': '127.0.0.1', 'port': 3306, 'password': '********', 'client_flag': 131072}
      conv = {<class 'int'>: <function Thing2Str at 0x7f45d9d8cbf0>, <class 'float'>: <function Float2Str at 0x7f45d9d8cca0>, <class 'NoneType'>: <function None2NULL at 0x7f45d9d8cd50>, <class 'array.array'>: <function array2Str at 0x7f45d9d8cf60>, <class 'bool'>: <function Bool2Str at 0x7f45d9d8c9e0>, <class 'datetime.date'>: <function Thing2Literal at 0x7f45d9d8ce00>, <class 'datetime.datetime'>: <function DateTime2literal at 0x7f45d9d8c510>, <class 'datetime.timedelta'>: <function escape_timedelta at 0x7f45d9d8eda0>, <class 'set'>: <function Set2Str at 0x7f45d9d8cb40>, <class 'decimal.Decimal'>: <function Decimal2Literal at 0x7f45d9d8ceb0>, 1: <class 'int'>, 2: <class 'int'>, 3: <class 'int'>, 4: <cla...249: <class 'bytes'>, 250: <class 'bytes'>, 251: <class 'bytes'>, 252: <class 'bytes'>, 254: <class 'bytes'>, 253: <class 'bytes'>, 15: <class 'bytes'>, 245: <class 'bytes'>, <class 'dict'>: <function escape_dict at 0x7f45d9d8ee50>, <class 'frozenset'>: <function escape_frozenset at 0x7f45d9d478a0>}
      conv2 = {<class 'int'>: <function Thing2Str at 0x7f45d9d8cbf0>, <class 'float'>: <function Float2Str at 0x7f45d9d8cca0>, <class 'NoneType'>: <function None2NULL at 0x7f45d9d8cd50>, <class 'array.array'>: <function array2Str at 0x7f45d9d8cf60>, <class 'bool'>: <function Bool2Str at 0x7f45d9d8c9e0>, <class 'datetime.date'>: <function Thing2Literal at 0x7f45d9d8ce00>, <class 'datetime.datetime'>: <function DateTime2literal at 0x7f45d9d8c510>, <class 'datetime.timedelta'>: <function escape_timedelta at 0x7f45d9d8eda0>, <class 'set'>: <function Set2Str at 0x7f45d9d8cb40>, <class 'decimal.Decimal'>: <function Decimal2Literal at 0x7f45d9d8ceb0>, 1: <class 'int'>, 2: <class 'int'>, 3: <class 'int'>, 4: <cla...249: <class 'bytes'>, 250: <class 'bytes'>, 251: <class 'bytes'>, 252: <class 'bytes'>, 254: <class 'bytes'>, 253: <class 'bytes'>, 15: <class 'bytes'>, 245: <class 'bytes'>, <class 'dict'>: <function escape_dict at 0x7f45d9d8ee50>, <class 'frozenset'>: <function escape_frozenset at 0x7f45d9d478a0>}
      k = frozenset
      v = <function escape_frozenset at 0x7f45d9d478a0>
      cursorclass = MySQLdb.cursors.Cursor
      charset = 'utf8mb4'
      collation = ''
      use_unicode = True
      sql_mode = ''
      client_flag = 131072
      multi_statements = False
      autocommit = False
      __class__ = MySQLdb.connections.Connection
MySQLdb.OperationalError: (1045, "Access denied for user '_2c0861da27548010'@'localhost' (using password: YES)")
set -o pipefail; /usr/bin/mariadb-dump --user=_0e0e8f4505c3c9e6 --host=127.0.0.1 --port=3306 --password=********** --single-transaction --quick --lock-tables=false _0e0e8f4505c3c9e6 | /usr/bin/gzip >> ./doctypesite/private/backups/20260724_173002-doctypesite-database.sql.gz

Backup Summary for doctypesite at 2026-07-24 17:30:04.504417
Config  : /home/sanjayh/frappe16-bench/sites/doctypesite/private/backups/20260724_173002-doctypesite-site_config_backup.json 246.0B
Database: /home/sanjayh/frappe16-bench/sites/doctypesite/private/backups/20260724_173002-doctypesite-database.sql.gz 423.5KiB
Backup for Site doctypesite has been successfully completed
File ./project/private/backups/20260724_113004-project-database.sql.gz is recent
File ./project/private/backups/20260724_113004-project-site_config_backup.json is recent
set -o pipefail; /usr/bin/mariadb-dump --user=_cc001b8908fd52e2 --host=127.0.0.1 --port=3306 --password=********** --single-transaction --quick --lock-tables=false _cc001b8908fd52e2 | /usr/bin/gzip >> ./project/private/backups/20260724_173004-project-database.sql.gz

Backup Summary for project at 2026-07-24 17:30:05.540578
Config  : /home/sanjayh/frappe16-bench/sites/project/private/backups/20260724_173004-project-site_config_backup.json 187.0B
Database: /home/sanjayh/frappe16-bench/sites/project/private/backups/20260724_173004-project-database.sql.gz 282.4KiB
Backup for Site project has been successfully completed
Backup failed for Site project1. Database or site_config.json may be corrupted
Traceback with variables (most recent call last):
  File "apps/frappe/frappe/commands/site.py", line 881, in backup
    odb = scheduled_backup(
      context = CliCtxObj(force=False, profile=False, sites=['doctypesite', 'project', 'project1', 'site1.local', 'site2.local'], verbose=True)
      with_files = False
      backup_path = None
      backup_path_db = None
      backup_path_files = None
      backup_path_private_files = None
      backup_path_conf = None
      ignore_backup_conf = False
      verbose = True
      compress = False
      include = ''
      exclude = ''
      old_backup_metadata = False
      scheduled_backup = <function scheduled_backup at 0x7ddc433d6560>
      exit_code = 0
      rollback_callback = None
      site = 'project1'
      odb = frappe.utils.backups.BackupGenerator(backup_excludes=[], backup_includes=[], backup_path=None, backup_path_conf='./project/private/backups/20260724_173004-project-site_config_backup.json', backup_path_db='./project/private/backups/20260724_173004-project-database.sql.gz', backup_path_files='./project/private/backups/20260724_173004-project-files.tar', backup_path_private_files='./project/private/backups/20260724_173004-project-private-files.tar', compress_files=False, db_host='127.0.0.1', db_name='_cc001b8908fd52e2', db_port=3306, db_socket=None, db_type='mariadb', exclude_doctypes='', ignore_conf=False, include_doctypes='', old_backup_metadata=False, partial=[], password='MkfhelKK7676ix1L', rollback_callback=frappe.utils.CallbackManager(-), site_slug='project', todays_date='20260724_173004', user='_cc001b8908fd52e2', verbose=True)
  File "apps/frappe/frappe/utils/backups.py", line 589, in scheduled_backup
    return new_backup(
      older_than = 6
      ignore_files = True
      backup_path = None
      backup_path_db = None
      backup_path_files = None
      backup_path_private_files = None
      backup_path_conf = None
      ignore_conf = False
      include_doctypes = ''
      exclude_doctypes = ''
      compress = False
      force = True
      verbose = True
      old_backup_metadata = False
      rollback_callback = frappe.utils.CallbackManager()
  File "apps/frappe/frappe/utils/backups.py", line 626, in new_backup
    odb = BackupGenerator(
      older_than = 6
      ignore_files = True
      backup_path = None
      backup_path_db = None
      backup_path_files = None
      backup_path_private_files = None
      backup_path_conf = None
      ignore_conf = False
      include_doctypes = ''
      exclude_doctypes = ''
      compress = False
      force = True
      verbose = True
      old_backup_metadata = False
      rollback_callback = frappe.utils.CallbackManager()
  File "apps/frappe/frappe/utils/backups.py", line 89, in __init__
    self.setup_backup_tables()
      self = frappe.utils.backups.BackupGenerator(backup_path=None, backup_path_conf=None, backup_path_db=None, backup_path_files=None, backup_path_private_files=None, compress_files=False, db_host='127.0.0.1', db_name='_2c0861da27548010', db_port=3306, db_socket=None, db_type='mariadb', exclude_doctypes='', ignore_conf=False, include_doctypes='', old_backup_metadata=False, partial=False, password='hDO55ejkgO4waVz0', rollback_callback=frappe.utils.CallbackManager(-), site_slug='project1', user='_2c0861da27548010', verbose=True)
      db_name = '_2c0861da27548010'
      user = '_2c0861da27548010'
      password = ********
      backup_path = None
      backup_path_db = None
      backup_path_files = None
      backup_path_private_files = None
      db_socket = None
      db_host = '127.0.0.1'
      db_port = 3306
      db_type = 'mariadb'
      backup_path_conf = None
      ignore_conf = False
      compress_files = False
      include_doctypes = ''
      exclude_doctypes = ''
      verbose = True
      old_backup_metadata = False
      rollback_callback = frappe.utils.CallbackManager()
      site = 'project1'
  File "apps/frappe/frappe/utils/backups.py", line 126, in setup_backup_tables
    self._set_existing_tables()
      self = frappe.utils.backups.BackupGenerator(backup_path=None, backup_path_conf=None, backup_path_db=None, backup_path_files=None, backup_path_private_files=None, compress_files=False, db_host='127.0.0.1', db_name='_2c0861da27548010', db_port=3306, db_socket=None, db_type='mariadb', exclude_doctypes='', ignore_conf=False, include_doctypes='', old_backup_metadata=False, partial=False, password='hDO55ejkgO4waVz0', rollback_callback=frappe.utils.CallbackManager(-), site_slug='project1', user='_2c0861da27548010', verbose=True)
  File "apps/frappe/frappe/utils/backups.py", line 122, in _set_existing_tables
    self._existing_tables = frappe.db.get_tables()
      self = frappe.utils.backups.BackupGenerator(backup_path=None, backup_path_conf=None, backup_path_db=None, backup_path_files=None, backup_path_private_files=None, compress_files=False, db_host='127.0.0.1', db_name='_2c0861da27548010', db_port=3306, db_socket=None, db_type='mariadb', exclude_doctypes='', ignore_conf=False, include_doctypes='', old_backup_metadata=False, partial=False, password='hDO55ejkgO4waVz0', rollback_callback=frappe.utils.CallbackManager(-), site_slug='project1', user='_2c0861da27548010', verbose=True)
  File "apps/frappe/frappe/database/mariadb/mysqlclient.py", line 522, in get_tables
    .run(pluck=True)
      self = frappe.database.mariadb.mysqlclient.MariaDBDatabase(after_commit=frappe.utils.CallbackManager(-), after_rollback=frappe.utils.CallbackManager(-), auto_commit_on_many_writes=0, before_commit=frappe.utils.CallbackManager(-), before_rollback=frappe.utils.CallbackManager(-), cur_db_name='_2c0861da27548010', db_type='mariadb', host='127.0.0.1', logger=<Logger database-project1 (WARNING)>, password='hDO55ejkgO4waVz0', port=3306, socket=None, transaction_writes=0, type_map={'Currency': ('decimal', '21,9'), 'Int': ('int', '11'), 'Long Int': ('bigint', '20'), 'Float': ('decimal', '21,9'), 'Percent': ('decimal', '21,9'), 'Check': ('tinyint', '4'), 'Small Text': ('text', ''), 'Long Text': ('longtext...'), 'Color': ('varchar', 140), 'Barcode': ('longtext', ''), 'Geolocation': ('longtext', ''), 'Duration': ('decimal', '21,9'), 'Icon': ('varchar', 140), 'Phone': ('varchar', 140), 'Autocomplete': ('varchar', 140), 'JSON': ('json', '')}, user='_2c0861da27548010', value_cache=collections.defaultdict{})
      cached = True
      to_query = True
      tables = None
      information_schema = pypika.queries.Schema()
  File "apps/frappe/frappe/query_builder/utils.py", line 131, in execute_query
    result = frappe.local.db.sql(query, params, *args, **kwargs)  # nosemgrep
      query = 'SELECT `table_name` FROM `information_schema`.`tables` WHERE `table_schema`=%(param1)s'
      args = ()
      kwargs = {'pluck': True}
      dt = None
      fields = []
      child_queries = "_child_queries"
      params = {'param1': '_2c0861da27548010'}
  File "apps/frappe/frappe/database/database.py", line 249, in sql
    self.connect()
      self = frappe.database.mariadb.mysqlclient.MariaDBDatabase(after_commit=frappe.utils.CallbackManager(-), after_rollback=frappe.utils.CallbackManager(-), auto_commit_on_many_writes=0, before_commit=frappe.utils.CallbackManager(-), before_rollback=frappe.utils.CallbackManager(-), cur_db_name='_2c0861da27548010', db_type='mariadb', host='127.0.0.1', logger=<Logger database-project1 (WARNING)>, password='hDO55ejkgO4waVz0', port=3306, socket=None, transaction_writes=0, type_map={'Currency': ('decimal', '21,9'), 'Int': ('int', '11'), 'Long Int': ('bigint', '20'), 'Float': ('decimal', '21,9'), 'Percent': ('decimal', '21,9'), 'Check': ('tinyint', '4'), 'Small Text': ('text', ''), 'Long Text': ('longtext...'), 'Color': ('varchar', 140), 'Barcode': ('longtext', ''), 'Geolocation': ('longtext', ''), 'Duration': ('decimal', '21,9'), 'Icon': ('varchar', 140), 'Phone': ('varchar', 140), 'Autocomplete': ('varchar', 140), 'JSON': ('json', '')}, user='_2c0861da27548010', value_cache=collections.defaultdict{})
      query = 'SELECT `table_name` FROM `information_schema`.`tables` WHERE `table_schema`=%(param1)s'
      values = {'param1': '_2c0861da27548010'}
      as_dict = 0
      as_list = 0
      debug = False
      ignore_ddl = 0
      auto_commit = 0
      update = None
      explain = False
      run = True
      pluck = True
      as_iterator = False
      query_type = 'select'
  File "apps/frappe/frappe/database/database.py", line 147, in connect
    self.get_connection()
      self = frappe.database.mariadb.mysqlclient.MariaDBDatabase(after_commit=frappe.utils.CallbackManager(-), after_rollback=frappe.utils.CallbackManager(-), auto_commit_on_many_writes=0, before_commit=frappe.utils.CallbackManager(-), before_rollback=frappe.utils.CallbackManager(-), cur_db_name='_2c0861da27548010', db_type='mariadb', host='127.0.0.1', logger=<Logger database-project1 (WARNING)>, password='hDO55ejkgO4waVz0', port=3306, socket=None, transaction_writes=0, type_map={'Currency': ('decimal', '21,9'), 'Int': ('int', '11'), 'Long Int': ('bigint', '20'), 'Float': ('decimal', '21,9'), 'Percent': ('decimal', '21,9'), 'Check': ('tinyint', '4'), 'Small Text': ('text', ''), 'Long Text': ('longtext...'), 'Color': ('varchar', 140), 'Barcode': ('longtext', ''), 'Geolocation': ('longtext', ''), 'Duration': ('decimal', '21,9'), 'Icon': ('varchar', 140), 'Phone': ('varchar', 140), 'Autocomplete': ('varchar', 140), 'JSON': ('json', '')}, user='_2c0861da27548010', value_cache=collections.defaultdict{})
  File "apps/frappe/frappe/database/mariadb/mysqlclient.py", line 113, in get_connection
    conn = self._get_connection()
      self = frappe.database.mariadb.mysqlclient.MariaDBDatabase(after_commit=frappe.utils.CallbackManager(-), after_rollback=frappe.utils.CallbackManager(-), auto_commit_on_many_writes=0, before_commit=frappe.utils.CallbackManager(-), before_rollback=frappe.utils.CallbackManager(-), cur_db_name='_2c0861da27548010', db_type='mariadb', host='127.0.0.1', logger=<Logger database-project1 (WARNING)>, password='hDO55ejkgO4waVz0', port=3306, socket=None, transaction_writes=0, type_map={'Currency': ('decimal', '21,9'), 'Int': ('int', '11'), 'Long Int': ('bigint', '20'), 'Float': ('decimal', '21,9'), 'Percent': ('decimal', '21,9'), 'Check': ('tinyint', '4'), 'Small Text': ('text', ''), 'Long Text': ('longtext...'), 'Color': ('varchar', 140), 'Barcode': ('longtext', ''), 'Geolocation': ('longtext', ''), 'Duration': ('decimal', '21,9'), 'Icon': ('varchar', 140), 'Phone': ('varchar', 140), 'Autocomplete': ('varchar', 140), 'JSON': ('json', '')}, user='_2c0861da27548010', value_cache=collections.defaultdict{})
  File "apps/frappe/frappe/database/mariadb/mysqlclient.py", line 118, in _get_connection
    return self.create_connection()
      self = frappe.database.mariadb.mysqlclient.MariaDBDatabase(after_commit=frappe.utils.CallbackManager(-), after_rollback=frappe.utils.CallbackManager(-), auto_commit_on_many_writes=0, before_commit=frappe.utils.CallbackManager(-), before_rollback=frappe.utils.CallbackManager(-), cur_db_name='_2c0861da27548010', db_type='mariadb', host='127.0.0.1', logger=<Logger database-project1 (WARNING)>, password='hDO55ejkgO4waVz0', port=3306, socket=None, transaction_writes=0, type_map={'Currency': ('decimal', '21,9'), 'Int': ('int', '11'), 'Long Int': ('bigint', '20'), 'Float': ('decimal', '21,9'), 'Percent': ('decimal', '21,9'), 'Check': ('tinyint', '4'), 'Small Text': ('text', ''), 'Long Text': ('longtext...'), 'Color': ('varchar', 140), 'Barcode': ('longtext', ''), 'Geolocation': ('longtext', ''), 'Duration': ('decimal', '21,9'), 'Icon': ('varchar', 140), 'Phone': ('varchar', 140), 'Autocomplete': ('varchar', 140), 'JSON': ('json', '')}, user='_2c0861da27548010', value_cache=collections.defaultdict{})
  File "apps/frappe/frappe/database/mariadb/mysqlclient.py", line 121, in create_connection
    return MySQLdb.connect(**self.get_connection_settings())
      self = frappe.database.mariadb.mysqlclient.MariaDBDatabase(after_commit=frappe.utils.CallbackManager(-), after_rollback=frappe.utils.CallbackManager(-), auto_commit_on_many_writes=0, before_commit=frappe.utils.CallbackManager(-), before_rollback=frappe.utils.CallbackManager(-), cur_db_name='_2c0861da27548010', db_type='mariadb', host='127.0.0.1', logger=<Logger database-project1 (WARNING)>, password='hDO55ejkgO4waVz0', port=3306, socket=None, transaction_writes=0, type_map={'Currency': ('decimal', '21,9'), 'Int': ('int', '11'), 'Long Int': ('bigint', '20'), 'Float': ('decimal', '21,9'), 'Percent': ('decimal', '21,9'), 'Check': ('tinyint', '4'), 'Small Text': ('text', ''), 'Long Text': ('longtext...'), 'Color': ('varchar', 140), 'Barcode': ('longtext', ''), 'Geolocation': ('longtext', ''), 'Duration': ('decimal', '21,9'), 'Icon': ('varchar', 140), 'Phone': ('varchar', 140), 'Autocomplete': ('varchar', 140), 'JSON': ('json', '')}, user='_2c0861da27548010', value_cache=collections.defaultdict{})
  File "env/lib/python3.14/site-packages/MySQLdb/__init__.py", line 121, in Connect
    return Connection(*args, **kwargs)
      args = ()
      kwargs = {'user': '_2c0861da27548010', 'conv': {<class 'int'>: <function Thing2Str at 0x7ddc424a0bf0>, <class 'float'>: <function Float2Str at 0x7ddc424a0ca0>, <class 'NoneType'>: <function None2NULL at 0x7ddc424a0d50>, <class 'array.array'>: <function array2Str at 0x7ddc424a0f60>, <class 'bool'>: <function Bool2Str at 0x7ddc424a09e0>, <class 'datetime.date'>: <function Thing2Literal at 0x7ddc424a0e00>, <class 'datetime.datetime'>: <function DateTime2literal at 0x7ddc424a0510>, <class 'datetime.timedelta'>: <function escape_timedelta at 0x7ddc424a2da0>, <class 'set'>: <function Set2Str at 0x7ddc424a0b40>, <class 'decimal.Decimal'>: <function Decimal2Literal at 0x7ddc424a0eb0>, 1: <class 'int'>, 2: <c...t'>: <function escape_dict at 0x7ddc424a2e50>, <class 'frozenset'>: <function escape_frozenset at 0x7ddc4245b8a0>}, 'charset': 'utf8mb4', 'use_unicode': True, 'local_infile': False, 'multi_statements': False, 'database': '_2c0861da27548010', 'host': '127.0.0.1', 'port': 3306, 'password': '********'}
      Connection = MySQLdb.connections.Connection
  File "env/lib/python3.14/site-packages/MySQLdb/connections.py", line 200, in __init__
    super().__init__(*args, **kwargs2)
      self = <_mysql.connection open to '(null)' at 0xc5ef580>
      args = ()
      kwargs = {'user': '_2c0861da27548010', 'conv': {<class 'int'>: <function Thing2Str at 0x7ddc424a0bf0>, <class 'float'>: <function Float2Str at 0x7ddc424a0ca0>, <class 'NoneType'>: <function None2NULL at 0x7ddc424a0d50>, <class 'array.array'>: <function array2Str at 0x7ddc424a0f60>, <class 'bool'>: <function Bool2Str at 0x7ddc424a09e0>, <class 'datetime.date'>: <function Thing2Literal at 0x7ddc424a0e00>, <class 'datetime.datetime'>: <function DateTime2literal at 0x7ddc424a0510>, <class 'datetime.timedelta'>: <function escape_timedelta at 0x7ddc424a2da0>, <class 'set'>: <function Set2Str at 0x7ddc424a0b40>, <class 'decimal.Decimal'>: <function Decimal2Literal at 0x7ddc424a0eb0>, 1: <class 'int'>, 2: <c...t'>: <function escape_dict at 0x7ddc424a2e50>, <class 'frozenset'>: <function escape_frozenset at 0x7ddc4245b8a0>}, 'charset': 'utf8mb4', 'use_unicode': True, 'local_infile': False, 'multi_statements': False, 'database': '_2c0861da27548010', 'host': '127.0.0.1', 'port': 3306, 'password': '********'}
      CLIENT = <module 'MySQLdb.constants.CLIENT' from 'env/lib/python3.14/site-packages/MySQLdb/constants/CLIENT.py'>
      FIELD_TYPE = <module 'MySQLdb.constants.FIELD_TYPE' from 'env/lib/python3.14/site-packages/MySQLdb/constants/FIELD_TYPE.py'>
      conversions = {<class 'int'>: <function Thing2Str at 0x7ddc424a0bf0>, <class 'float'>: <function Float2Str at 0x7ddc424a0ca0>, <class 'NoneType'>: <function None2NULL at 0x7ddc424a0d50>, <class 'array.array'>: <function array2Str at 0x7ddc424a0f60>, <class 'bool'>: <function Bool2Str at 0x7ddc424a09e0>, <class 'datetime.date'>: <function Thing2Literal at 0x7ddc424a0e00>, <class 'datetime.datetime'>: <function DateTime2literal at 0x7ddc424a0510>, <class 'datetime.timedelta'>: <function DateTimeDelta2literal at 0x7ddc424a05c0>, <class 'set'>: <function Set2Str at 0x7ddc424a0b40>, <class 'decimal.Decimal'>: <function Decimal2Literal at 0x7ddc424a0eb0>, 1: <class 'int'>, 2: <class 'int'>, 3: <class 'int'>, 4:...r_None at 0x7ddc424a0250>, 11: <function TimeDelta_or_None at 0x7ddc424a0300>, 10: <function Date_or_None at 0x7ddc424a0460>, 249: <class 'bytes'>, 250: <class 'bytes'>, 251: <class 'bytes'>, 252: <class 'bytes'>, 254: <class 'bytes'>, 253: <class 'bytes'>, 15: <class 'bytes'>, 245: <class 'bytes'>}
      _bytes_or_str = ((128, bytes), (None, str))
      kwargs2 = {'user': '_2c0861da27548010', 'conv': {<class 'int'>: <function Thing2Str at 0x7ddc424a0bf0>, <class 'float'>: <function Float2Str at 0x7ddc424a0ca0>, <class 'NoneType'>: <function None2NULL at 0x7ddc424a0d50>, <class 'array.array'>: <function array2Str at 0x7ddc424a0f60>, <class 'bool'>: <function Bool2Str at 0x7ddc424a09e0>, <class 'datetime.date'>: <function Thing2Literal at 0x7ddc424a0e00>, <class 'datetime.datetime'>: <function DateTime2literal at 0x7ddc424a0510>, <class 'datetime.timedelta'>: <function escape_timedelta at 0x7ddc424a2da0>, <class 'set'>: <function Set2Str at 0x7ddc424a0b40>, <class 'decimal.Decimal'>: <function Decimal2Literal at 0x7ddc424a0eb0>, 1: <class 'int'>, 2: <c...ass 'bytes'>, <class 'dict'>: <function escape_dict at 0x7ddc424a2e50>, <class 'frozenset'>: <function escape_frozenset at 0x7ddc4245b8a0>}, 'charset': 'utf8mb4', 'local_infile': False, 'database': '_2c0861da27548010', 'host': '127.0.0.1', 'port': 3306, 'password': '********', 'client_flag': 131072}
      conv = {<class 'int'>: <function Thing2Str at 0x7ddc424a0bf0>, <class 'float'>: <function Float2Str at 0x7ddc424a0ca0>, <class 'NoneType'>: <function None2NULL at 0x7ddc424a0d50>, <class 'array.array'>: <function array2Str at 0x7ddc424a0f60>, <class 'bool'>: <function Bool2Str at 0x7ddc424a09e0>, <class 'datetime.date'>: <function Thing2Literal at 0x7ddc424a0e00>, <class 'datetime.datetime'>: <function DateTime2literal at 0x7ddc424a0510>, <class 'datetime.timedelta'>: <function escape_timedelta at 0x7ddc424a2da0>, <class 'set'>: <function Set2Str at 0x7ddc424a0b40>, <class 'decimal.Decimal'>: <function Decimal2Literal at 0x7ddc424a0eb0>, 1: <class 'int'>, 2: <class 'int'>, 3: <class 'int'>, 4: <cla...249: <class 'bytes'>, 250: <class 'bytes'>, 251: <class 'bytes'>, 252: <class 'bytes'>, 254: <class 'bytes'>, 253: <class 'bytes'>, 15: <class 'bytes'>, 245: <class 'bytes'>, <class 'dict'>: <function escape_dict at 0x7ddc424a2e50>, <class 'frozenset'>: <function escape_frozenset at 0x7ddc4245b8a0>}
      conv2 = {<class 'int'>: <function Thing2Str at 0x7ddc424a0bf0>, <class 'float'>: <function Float2Str at 0x7ddc424a0ca0>, <class 'NoneType'>: <function None2NULL at 0x7ddc424a0d50>, <class 'array.array'>: <function array2Str at 0x7ddc424a0f60>, <class 'bool'>: <function Bool2Str at 0x7ddc424a09e0>, <class 'datetime.date'>: <function Thing2Literal at 0x7ddc424a0e00>, <class 'datetime.datetime'>: <function DateTime2literal at 0x7ddc424a0510>, <class 'datetime.timedelta'>: <function escape_timedelta at 0x7ddc424a2da0>, <class 'set'>: <function Set2Str at 0x7ddc424a0b40>, <class 'decimal.Decimal'>: <function Decimal2Literal at 0x7ddc424a0eb0>, 1: <class 'int'>, 2: <class 'int'>, 3: <class 'int'>, 4: <cla...249: <class 'bytes'>, 250: <class 'bytes'>, 251: <class 'bytes'>, 252: <class 'bytes'>, 254: <class 'bytes'>, 253: <class 'bytes'>, 15: <class 'bytes'>, 245: <class 'bytes'>, <class 'dict'>: <function escape_dict at 0x7ddc424a2e50>, <class 'frozenset'>: <function escape_frozenset at 0x7ddc4245b8a0>}
      k = frozenset
      v = <function escape_frozenset at 0x7ddc4245b8a0>
      cursorclass = MySQLdb.cursors.Cursor
      charset = 'utf8mb4'
      collation = ''
      use_unicode = True
      sql_mode = ''
      client_flag = 131072
      multi_statements = False
      autocommit = False
      __class__ = MySQLdb.connections.Connection
MySQLdb.OperationalError: (1045, "Access denied for user '_2c0861da27548010'@'localhost' (using password: YES)")
Backup failed for Site site1.local. Database or site_config.json may be corrupted
Traceback with variables (most recent call last):
  File "apps/frappe/frappe/commands/site.py", line 881, in backup
    odb = scheduled_backup(
      context = CliCtxObj(force=False, profile=False, sites=['doctypesite', 'project', 'project1', 'site1.local', 'site2.local'], verbose=True)
      with_files = False
      backup_path = None
      backup_path_db = None
      backup_path_files = None
      backup_path_private_files = None
      backup_path_conf = None
      ignore_backup_conf = False
      verbose = True
      compress = False
      include = ''
      exclude = ''
      old_backup_metadata = False
      scheduled_backup = <function scheduled_backup at 0x7ddc433d6560>
      exit_code = 1
      rollback_callback = None
      site = 'site1.local'
      odb = frappe.utils.backups.BackupGenerator(backup_excludes=[], backup_includes=[], backup_path=None, backup_path_conf='./project/private/backups/20260724_173004-project-site_config_backup.json', backup_path_db='./project/private/backups/20260724_173004-project-database.sql.gz', backup_path_files='./project/private/backups/20260724_173004-project-files.tar', backup_path_private_files='./project/private/backups/20260724_173004-project-private-files.tar', compress_files=False, db_host='127.0.0.1', db_name='_cc001b8908fd52e2', db_port=3306, db_socket=None, db_type='mariadb', exclude_doctypes='', ignore_conf=False, include_doctypes='', old_backup_metadata=False, partial=[], password='MkfhelKK7676ix1L', rollback_callback=frappe.utils.CallbackManager(-), site_slug='project', todays_date='20260724_173004', user='_cc001b8908fd52e2', verbose=True)
  File "apps/frappe/frappe/utils/backups.py", line 589, in scheduled_backup
    return new_backup(
      older_than = 6
      ignore_files = True
      backup_path = None
      backup_path_db = None
      backup_path_files = None
      backup_path_private_files = None
      backup_path_conf = None
      ignore_conf = False
      include_doctypes = ''
      exclude_doctypes = ''
      compress = False
      force = True
      verbose = True
      old_backup_metadata = False
      rollback_callback = frappe.utils.CallbackManager()
  File "apps/frappe/frappe/utils/backups.py", line 626, in new_backup
    odb = BackupGenerator(
      older_than = 6
      ignore_files = True
      backup_path = None
      backup_path_db = None
      backup_path_files = None
      backup_path_private_files = None
      backup_path_conf = None
      ignore_conf = False
      include_doctypes = ''
      exclude_doctypes = ''
      compress = False
      force = True
      verbose = True
      old_backup_metadata = False
      rollback_callback = frappe.utils.CallbackManager()
  File "apps/frappe/frappe/utils/backups.py", line 89, in __init__
    self.setup_backup_tables()
      self = frappe.utils.backups.BackupGenerator(backup_path=None, backup_path_conf=None, backup_path_db=None, backup_path_files=None, backup_path_private_files=None, compress_files=False, db_host='127.0.0.1', db_name='_2c0861da27548010', db_port=3306, db_socket=None, db_type='mariadb', exclude_doctypes='', ignore_conf=False, include_doctypes='', old_backup_metadata=False, partial=False, password='hDO55ejkgO4waVz0', rollback_callback=frappe.utils.CallbackManager(-), site_slug='project1', user='_2c0861da27548010', verbose=True)
      db_name = '_2c0861da27548010'
      user = '_2c0861da27548010'
      password = ********
      backup_path = None
      backup_path_db = None
      backup_path_files = None
      backup_path_private_files = None
      db_socket = None
      db_host = '127.0.0.1'
      db_port = 3306
      db_type = 'mariadb'
      backup_path_conf = None
      ignore_conf = False
      compress_files = False
      include_doctypes = ''
      exclude_doctypes = ''
      verbose = True
      old_backup_metadata = False
      rollback_callback = frappe.utils.CallbackManager()
      site = 'project1'
  File "apps/frappe/frappe/utils/backups.py", line 126, in setup_backup_tables
    self._set_existing_tables()
      self = frappe.utils.backups.BackupGenerator(backup_path=None, backup_path_conf=None, backup_path_db=None, backup_path_files=None, backup_path_private_files=None, compress_files=False, db_host='127.0.0.1', db_name='_2c0861da27548010', db_port=3306, db_socket=None, db_type='mariadb', exclude_doctypes='', ignore_conf=False, include_doctypes='', old_backup_metadata=False, partial=False, password='hDO55ejkgO4waVz0', rollback_callback=frappe.utils.CallbackManager(-), site_slug='project1', user='_2c0861da27548010', verbose=True)
  File "apps/frappe/frappe/utils/backups.py", line 122, in _set_existing_tables
    self._existing_tables = frappe.db.get_tables()
      self = frappe.utils.backups.BackupGenerator(backup_path=None, backup_path_conf=None, backup_path_db=None, backup_path_files=None, backup_path_private_files=None, compress_files=False, db_host='127.0.0.1', db_name='_2c0861da27548010', db_port=3306, db_socket=None, db_type='mariadb', exclude_doctypes='', ignore_conf=False, include_doctypes='', old_backup_metadata=False, partial=False, password='hDO55ejkgO4waVz0', rollback_callback=frappe.utils.CallbackManager(-), site_slug='project1', user='_2c0861da27548010', verbose=True)
  File "apps/frappe/frappe/database/mariadb/mysqlclient.py", line 522, in get_tables
    .run(pluck=True)
      self = frappe.database.mariadb.mysqlclient.MariaDBDatabase(after_commit=frappe.utils.CallbackManager(-), after_rollback=frappe.utils.CallbackManager(-), auto_commit_on_many_writes=0, before_commit=frappe.utils.CallbackManager(-), before_rollback=frappe.utils.CallbackManager(-), cur_db_name='_2c0861da27548010', db_type='mariadb', host='127.0.0.1', logger=<Logger database-project1 (WARNING)>, password='hDO55ejkgO4waVz0', port=3306, socket=None, transaction_writes=0, type_map={'Currency': ('decimal', '21,9'), 'Int': ('int', '11'), 'Long Int': ('bigint', '20'), 'Float': ('decimal', '21,9'), 'Percent': ('decimal', '21,9'), 'Check': ('tinyint', '4'), 'Small Text': ('text', ''), 'Long Text': ('longtext...'), 'Color': ('varchar', 140), 'Barcode': ('longtext', ''), 'Geolocation': ('longtext', ''), 'Duration': ('decimal', '21,9'), 'Icon': ('varchar', 140), 'Phone': ('varchar', 140), 'Autocomplete': ('varchar', 140), 'JSON': ('json', '')}, user='_2c0861da27548010', value_cache=collections.defaultdict{})
      cached = True
      to_query = True
      tables = None
      information_schema = pypika.queries.Schema()
  File "apps/frappe/frappe/query_builder/utils.py", line 131, in execute_query
    result = frappe.local.db.sql(query, params, *args, **kwargs)  # nosemgrep
      query = 'SELECT `table_name` FROM `information_schema`.`tables` WHERE `table_schema`=%(param1)s'
      args = ()
      kwargs = {'pluck': True}
      dt = None
      fields = []
      child_queries = "_child_queries"
      params = {'param1': '_2c0861da27548010'}
  File "apps/frappe/frappe/database/database.py", line 249, in sql
    self.connect()
      self = frappe.database.mariadb.mysqlclient.MariaDBDatabase(after_commit=frappe.utils.CallbackManager(-), after_rollback=frappe.utils.CallbackManager(-), auto_commit_on_many_writes=0, before_commit=frappe.utils.CallbackManager(-), before_rollback=frappe.utils.CallbackManager(-), cur_db_name='_2c0861da27548010', db_type='mariadb', host='127.0.0.1', logger=<Logger database-project1 (WARNING)>, password='hDO55ejkgO4waVz0', port=3306, socket=None, transaction_writes=0, type_map={'Currency': ('decimal', '21,9'), 'Int': ('int', '11'), 'Long Int': ('bigint', '20'), 'Float': ('decimal', '21,9'), 'Percent': ('decimal', '21,9'), 'Check': ('tinyint', '4'), 'Small Text': ('text', ''), 'Long Text': ('longtext...'), 'Color': ('varchar', 140), 'Barcode': ('longtext', ''), 'Geolocation': ('longtext', ''), 'Duration': ('decimal', '21,9'), 'Icon': ('varchar', 140), 'Phone': ('varchar', 140), 'Autocomplete': ('varchar', 140), 'JSON': ('json', '')}, user='_2c0861da27548010', value_cache=collections.defaultdict{})
      query = 'SELECT `table_name` FROM `information_schema`.`tables` WHERE `table_schema`=%(param1)s'
      values = {'param1': '_2c0861da27548010'}
      as_dict = 0
      as_list = 0
      debug = False
      ignore_ddl = 0
      auto_commit = 0
      update = None
      explain = False
      run = True
      pluck = True
      as_iterator = False
      query_type = 'select'
  File "apps/frappe/frappe/database/database.py", line 147, in connect
    self.get_connection()
      self = frappe.database.mariadb.mysqlclient.MariaDBDatabase(after_commit=frappe.utils.CallbackManager(-), after_rollback=frappe.utils.CallbackManager(-), auto_commit_on_many_writes=0, before_commit=frappe.utils.CallbackManager(-), before_rollback=frappe.utils.CallbackManager(-), cur_db_name='_2c0861da27548010', db_type='mariadb', host='127.0.0.1', logger=<Logger database-project1 (WARNING)>, password='hDO55ejkgO4waVz0', port=3306, socket=None, transaction_writes=0, type_map={'Currency': ('decimal', '21,9'), 'Int': ('int', '11'), 'Long Int': ('bigint', '20'), 'Float': ('decimal', '21,9'), 'Percent': ('decimal', '21,9'), 'Check': ('tinyint', '4'), 'Small Text': ('text', ''), 'Long Text': ('longtext...'), 'Color': ('varchar', 140), 'Barcode': ('longtext', ''), 'Geolocation': ('longtext', ''), 'Duration': ('decimal', '21,9'), 'Icon': ('varchar', 140), 'Phone': ('varchar', 140), 'Autocomplete': ('varchar', 140), 'JSON': ('json', '')}, user='_2c0861da27548010', value_cache=collections.defaultdict{})
  File "apps/frappe/frappe/database/mariadb/mysqlclient.py", line 113, in get_connection
    conn = self._get_connection()
      self = frappe.database.mariadb.mysqlclient.MariaDBDatabase(after_commit=frappe.utils.CallbackManager(-), after_rollback=frappe.utils.CallbackManager(-), auto_commit_on_many_writes=0, before_commit=frappe.utils.CallbackManager(-), before_rollback=frappe.utils.CallbackManager(-), cur_db_name='_2c0861da27548010', db_type='mariadb', host='127.0.0.1', logger=<Logger database-project1 (WARNING)>, password='hDO55ejkgO4waVz0', port=3306, socket=None, transaction_writes=0, type_map={'Currency': ('decimal', '21,9'), 'Int': ('int', '11'), 'Long Int': ('bigint', '20'), 'Float': ('decimal', '21,9'), 'Percent': ('decimal', '21,9'), 'Check': ('tinyint', '4'), 'Small Text': ('text', ''), 'Long Text': ('longtext...'), 'Color': ('varchar', 140), 'Barcode': ('longtext', ''), 'Geolocation': ('longtext', ''), 'Duration': ('decimal', '21,9'), 'Icon': ('varchar', 140), 'Phone': ('varchar', 140), 'Autocomplete': ('varchar', 140), 'JSON': ('json', '')}, user='_2c0861da27548010', value_cache=collections.defaultdict{})
  File "apps/frappe/frappe/database/mariadb/mysqlclient.py", line 118, in _get_connection
    return self.create_connection()
      self = frappe.database.mariadb.mysqlclient.MariaDBDatabase(after_commit=frappe.utils.CallbackManager(-), after_rollback=frappe.utils.CallbackManager(-), auto_commit_on_many_writes=0, before_commit=frappe.utils.CallbackManager(-), before_rollback=frappe.utils.CallbackManager(-), cur_db_name='_2c0861da27548010', db_type='mariadb', host='127.0.0.1', logger=<Logger database-project1 (WARNING)>, password='hDO55ejkgO4waVz0', port=3306, socket=None, transaction_writes=0, type_map={'Currency': ('decimal', '21,9'), 'Int': ('int', '11'), 'Long Int': ('bigint', '20'), 'Float': ('decimal', '21,9'), 'Percent': ('decimal', '21,9'), 'Check': ('tinyint', '4'), 'Small Text': ('text', ''), 'Long Text': ('longtext...'), 'Color': ('varchar', 140), 'Barcode': ('longtext', ''), 'Geolocation': ('longtext', ''), 'Duration': ('decimal', '21,9'), 'Icon': ('varchar', 140), 'Phone': ('varchar', 140), 'Autocomplete': ('varchar', 140), 'JSON': ('json', '')}, user='_2c0861da27548010', value_cache=collections.defaultdict{})
  File "apps/frappe/frappe/database/mariadb/mysqlclient.py", line 121, in create_connection
    return MySQLdb.connect(**self.get_connection_settings())
      self = frappe.database.mariadb.mysqlclient.MariaDBDatabase(after_commit=frappe.utils.CallbackManager(-), after_rollback=frappe.utils.CallbackManager(-), auto_commit_on_many_writes=0, before_commit=frappe.utils.CallbackManager(-), before_rollback=frappe.utils.CallbackManager(-), cur_db_name='_2c0861da27548010', db_type='mariadb', host='127.0.0.1', logger=<Logger database-project1 (WARNING)>, password='hDO55ejkgO4waVz0', port=3306, socket=None, transaction_writes=0, type_map={'Currency': ('decimal', '21,9'), 'Int': ('int', '11'), 'Long Int': ('bigint', '20'), 'Float': ('decimal', '21,9'), 'Percent': ('decimal', '21,9'), 'Check': ('tinyint', '4'), 'Small Text': ('text', ''), 'Long Text': ('longtext...'), 'Color': ('varchar', 140), 'Barcode': ('longtext', ''), 'Geolocation': ('longtext', ''), 'Duration': ('decimal', '21,9'), 'Icon': ('varchar', 140), 'Phone': ('varchar', 140), 'Autocomplete': ('varchar', 140), 'JSON': ('json', '')}, user='_2c0861da27548010', value_cache=collections.defaultdict{})
  File "env/lib/python3.14/site-packages/MySQLdb/__init__.py", line 121, in Connect
    return Connection(*args, **kwargs)
      args = ()
      kwargs = {'user': '_2c0861da27548010', 'conv': {<class 'int'>: <function Thing2Str at 0x7ddc424a0bf0>, <class 'float'>: <function Float2Str at 0x7ddc424a0ca0>, <class 'NoneType'>: <function None2NULL at 0x7ddc424a0d50>, <class 'array.array'>: <function array2Str at 0x7ddc424a0f60>, <class 'bool'>: <function Bool2Str at 0x7ddc424a09e0>, <class 'datetime.date'>: <function Thing2Literal at 0x7ddc424a0e00>, <class 'datetime.datetime'>: <function DateTime2literal at 0x7ddc424a0510>, <class 'datetime.timedelta'>: <function escape_timedelta at 0x7ddc424a2da0>, <class 'set'>: <function Set2Str at 0x7ddc424a0b40>, <class 'decimal.Decimal'>: <function Decimal2Literal at 0x7ddc424a0eb0>, 1: <class 'int'>, 2: <c...t'>: <function escape_dict at 0x7ddc424a2e50>, <class 'frozenset'>: <function escape_frozenset at 0x7ddc4245b8a0>}, 'charset': 'utf8mb4', 'use_unicode': True, 'local_infile': False, 'multi_statements': False, 'database': '_2c0861da27548010', 'host': '127.0.0.1', 'port': 3306, 'password': '********'}
      Connection = MySQLdb.connections.Connection
  File "env/lib/python3.14/site-packages/MySQLdb/connections.py", line 200, in __init__
    super().__init__(*args, **kwargs2)
      self = <_mysql.connection open to '(null)' at 0xc602820>
      args = ()
      kwargs = {'user': '_2c0861da27548010', 'conv': {<class 'int'>: <function Thing2Str at 0x7ddc424a0bf0>, <class 'float'>: <function Float2Str at 0x7ddc424a0ca0>, <class 'NoneType'>: <function None2NULL at 0x7ddc424a0d50>, <class 'array.array'>: <function array2Str at 0x7ddc424a0f60>, <class 'bool'>: <function Bool2Str at 0x7ddc424a09e0>, <class 'datetime.date'>: <function Thing2Literal at 0x7ddc424a0e00>, <class 'datetime.datetime'>: <function DateTime2literal at 0x7ddc424a0510>, <class 'datetime.timedelta'>: <function escape_timedelta at 0x7ddc424a2da0>, <class 'set'>: <function Set2Str at 0x7ddc424a0b40>, <class 'decimal.Decimal'>: <function Decimal2Literal at 0x7ddc424a0eb0>, 1: <class 'int'>, 2: <c...t'>: <function escape_dict at 0x7ddc424a2e50>, <class 'frozenset'>: <function escape_frozenset at 0x7ddc4245b8a0>}, 'charset': 'utf8mb4', 'use_unicode': True, 'local_infile': False, 'multi_statements': False, 'database': '_2c0861da27548010', 'host': '127.0.0.1', 'port': 3306, 'password': '********'}
      CLIENT = <module 'MySQLdb.constants.CLIENT' from 'env/lib/python3.14/site-packages/MySQLdb/constants/CLIENT.py'>
      FIELD_TYPE = <module 'MySQLdb.constants.FIELD_TYPE' from 'env/lib/python3.14/site-packages/MySQLdb/constants/FIELD_TYPE.py'>
      conversions = {<class 'int'>: <function Thing2Str at 0x7ddc424a0bf0>, <class 'float'>: <function Float2Str at 0x7ddc424a0ca0>, <class 'NoneType'>: <function None2NULL at 0x7ddc424a0d50>, <class 'array.array'>: <function array2Str at 0x7ddc424a0f60>, <class 'bool'>: <function Bool2Str at 0x7ddc424a09e0>, <class 'datetime.date'>: <function Thing2Literal at 0x7ddc424a0e00>, <class 'datetime.datetime'>: <function DateTime2literal at 0x7ddc424a0510>, <class 'datetime.timedelta'>: <function DateTimeDelta2literal at 0x7ddc424a05c0>, <class 'set'>: <function Set2Str at 0x7ddc424a0b40>, <class 'decimal.Decimal'>: <function Decimal2Literal at 0x7ddc424a0eb0>, 1: <class 'int'>, 2: <class 'int'>, 3: <class 'int'>, 4:...r_None at 0x7ddc424a0250>, 11: <function TimeDelta_or_None at 0x7ddc424a0300>, 10: <function Date_or_None at 0x7ddc424a0460>, 249: <class 'bytes'>, 250: <class 'bytes'>, 251: <class 'bytes'>, 252: <class 'bytes'>, 254: <class 'bytes'>, 253: <class 'bytes'>, 15: <class 'bytes'>, 245: <class 'bytes'>}
      _bytes_or_str = ((128, bytes), (None, str))
      kwargs2 = {'user': '_2c0861da27548010', 'conv': {<class 'int'>: <function Thing2Str at 0x7ddc424a0bf0>, <class 'float'>: <function Float2Str at 0x7ddc424a0ca0>, <class 'NoneType'>: <function None2NULL at 0x7ddc424a0d50>, <class 'array.array'>: <function array2Str at 0x7ddc424a0f60>, <class 'bool'>: <function Bool2Str at 0x7ddc424a09e0>, <class 'datetime.date'>: <function Thing2Literal at 0x7ddc424a0e00>, <class 'datetime.datetime'>: <function DateTime2literal at 0x7ddc424a0510>, <class 'datetime.timedelta'>: <function escape_timedelta at 0x7ddc424a2da0>, <class 'set'>: <function Set2Str at 0x7ddc424a0b40>, <class 'decimal.Decimal'>: <function Decimal2Literal at 0x7ddc424a0eb0>, 1: <class 'int'>, 2: <c...ass 'bytes'>, <class 'dict'>: <function escape_dict at 0x7ddc424a2e50>, <class 'frozenset'>: <function escape_frozenset at 0x7ddc4245b8a0>}, 'charset': 'utf8mb4', 'local_infile': False, 'database': '_2c0861da27548010', 'host': '127.0.0.1', 'port': 3306, 'password': '********', 'client_flag': 131072}
      conv = {<class 'int'>: <function Thing2Str at 0x7ddc424a0bf0>, <class 'float'>: <function Float2Str at 0x7ddc424a0ca0>, <class 'NoneType'>: <function None2NULL at 0x7ddc424a0d50>, <class 'array.array'>: <function array2Str at 0x7ddc424a0f60>, <class 'bool'>: <function Bool2Str at 0x7ddc424a09e0>, <class 'datetime.date'>: <function Thing2Literal at 0x7ddc424a0e00>, <class 'datetime.datetime'>: <function DateTime2literal at 0x7ddc424a0510>, <class 'datetime.timedelta'>: <function escape_timedelta at 0x7ddc424a2da0>, <class 'set'>: <function Set2Str at 0x7ddc424a0b40>, <class 'decimal.Decimal'>: <function Decimal2Literal at 0x7ddc424a0eb0>, 1: <class 'int'>, 2: <class 'int'>, 3: <class 'int'>, 4: <cla...249: <class 'bytes'>, 250: <class 'bytes'>, 251: <class 'bytes'>, 252: <class 'bytes'>, 254: <class 'bytes'>, 253: <class 'bytes'>, 15: <class 'bytes'>, 245: <class 'bytes'>, <class 'dict'>: <function escape_dict at 0x7ddc424a2e50>, <class 'frozenset'>: <function escape_frozenset at 0x7ddc4245b8a0>}
      conv2 = {<class 'int'>: <function Thing2Str at 0x7ddc424a0bf0>, <class 'float'>: <function Float2Str at 0x7ddc424a0ca0>, <class 'NoneType'>: <function None2NULL at 0x7ddc424a0d50>, <class 'array.array'>: <function array2Str at 0x7ddc424a0f60>, <class 'bool'>: <function Bool2Str at 0x7ddc424a09e0>, <class 'datetime.date'>: <function Thing2Literal at 0x7ddc424a0e00>, <class 'datetime.datetime'>: <function DateTime2literal at 0x7ddc424a0510>, <class 'datetime.timedelta'>: <function escape_timedelta at 0x7ddc424a2da0>, <class 'set'>: <function Set2Str at 0x7ddc424a0b40>, <class 'decimal.Decimal'>: <function Decimal2Literal at 0x7ddc424a0eb0>, 1: <class 'int'>, 2: <class 'int'>, 3: <class 'int'>, 4: <cla...249: <class 'bytes'>, 250: <class 'bytes'>, 251: <class 'bytes'>, 252: <class 'bytes'>, 254: <class 'bytes'>, 253: <class 'bytes'>, 15: <class 'bytes'>, 245: <class 'bytes'>, <class 'dict'>: <function escape_dict at 0x7ddc424a2e50>, <class 'frozenset'>: <function escape_frozenset at 0x7ddc4245b8a0>}
      k = frozenset
      v = <function escape_frozenset at 0x7ddc4245b8a0>
      cursorclass = MySQLdb.cursors.Cursor
      charset = 'utf8mb4'
      collation = ''
      use_unicode = True
      sql_mode = ''
      client_flag = 131072
      multi_statements = False
      autocommit = False
      __class__ = MySQLdb.connections.Connection
MySQLdb.OperationalError: (1045, "Access denied for user '_2c0861da27548010'@'localhost' (using password: YES)")
Backup failed for Site site2.local. Database or site_config.json may be corrupted
Traceback with variables (most recent call last):
  File "apps/frappe/frappe/commands/site.py", line 881, in backup
    odb = scheduled_backup(
      context = CliCtxObj(force=False, profile=False, sites=['doctypesite', 'project', 'project1', 'site1.local', 'site2.local'], verbose=True)
      with_files = False
      backup_path = None
      backup_path_db = None
      backup_path_files = None
      backup_path_private_files = None
      backup_path_conf = None
      ignore_backup_conf = False
      verbose = True
      compress = False
      include = ''
      exclude = ''
      old_backup_metadata = False
      scheduled_backup = <function scheduled_backup at 0x7ddc433d6560>
      exit_code = 1
      rollback_callback = None
      site = 'site2.local'
      odb = frappe.utils.backups.BackupGenerator(backup_excludes=[], backup_includes=[], backup_path=None, backup_path_conf='./project/private/backups/20260724_173004-project-site_config_backup.json', backup_path_db='./project/private/backups/20260724_173004-project-database.sql.gz', backup_path_files='./project/private/backups/20260724_173004-project-files.tar', backup_path_private_files='./project/private/backups/20260724_173004-project-private-files.tar', compress_files=False, db_host='127.0.0.1', db_name='_cc001b8908fd52e2', db_port=3306, db_socket=None, db_type='mariadb', exclude_doctypes='', ignore_conf=False, include_doctypes='', old_backup_metadata=False, partial=[], password='MkfhelKK7676ix1L', rollback_callback=frappe.utils.CallbackManager(-), site_slug='project', todays_date='20260724_173004', user='_cc001b8908fd52e2', verbose=True)
  File "apps/frappe/frappe/utils/backups.py", line 589, in scheduled_backup
    return new_backup(
      older_than = 6
      ignore_files = True
      backup_path = None
      backup_path_db = None
      backup_path_files = None
      backup_path_private_files = None
      backup_path_conf = None
      ignore_conf = False
      include_doctypes = ''
      exclude_doctypes = ''
      compress = False
      force = True
      verbose = True
      old_backup_metadata = False
      rollback_callback = frappe.utils.CallbackManager()
  File "apps/frappe/frappe/utils/backups.py", line 626, in new_backup
    odb = BackupGenerator(
      older_than = 6
      ignore_files = True
      backup_path = None
      backup_path_db = None
      backup_path_files = None
      backup_path_private_files = None
      backup_path_conf = None
      ignore_conf = False
      include_doctypes = ''
      exclude_doctypes = ''
      compress = False
      force = True
      verbose = True
      old_backup_metadata = False
      rollback_callback = frappe.utils.CallbackManager()
  File "apps/frappe/frappe/utils/backups.py", line 89, in __init__
    self.setup_backup_tables()
      self = frappe.utils.backups.BackupGenerator(backup_path=None, backup_path_conf=None, backup_path_db=None, backup_path_files=None, backup_path_private_files=None, compress_files=False, db_host='127.0.0.1', db_name='_2c0861da27548010', db_port=3306, db_socket=None, db_type='mariadb', exclude_doctypes='', ignore_conf=False, include_doctypes='', old_backup_metadata=False, partial=False, password='hDO55ejkgO4waVz0', rollback_callback=frappe.utils.CallbackManager(-), site_slug='project1', user='_2c0861da27548010', verbose=True)
      db_name = '_2c0861da27548010'
      user = '_2c0861da27548010'
      password = ********
      backup_path = None
      backup_path_db = None
      backup_path_files = None
      backup_path_private_files = None
      db_socket = None
      db_host = '127.0.0.1'
      db_port = 3306
      db_type = 'mariadb'
      backup_path_conf = None
      ignore_conf = False
      compress_files = False
      include_doctypes = ''
      exclude_doctypes = ''
      verbose = True
      old_backup_metadata = False
      rollback_callback = frappe.utils.CallbackManager()
      site = 'project1'
  File "apps/frappe/frappe/utils/backups.py", line 126, in setup_backup_tables
    self._set_existing_tables()
      self = frappe.utils.backups.BackupGenerator(backup_path=None, backup_path_conf=None, backup_path_db=None, backup_path_files=None, backup_path_private_files=None, compress_files=False, db_host='127.0.0.1', db_name='_2c0861da27548010', db_port=3306, db_socket=None, db_type='mariadb', exclude_doctypes='', ignore_conf=False, include_doctypes='', old_backup_metadata=False, partial=False, password='hDO55ejkgO4waVz0', rollback_callback=frappe.utils.CallbackManager(-), site_slug='project1', user='_2c0861da27548010', verbose=True)
  File "apps/frappe/frappe/utils/backups.py", line 122, in _set_existing_tables
    self._existing_tables = frappe.db.get_tables()
      self = frappe.utils.backups.BackupGenerator(backup_path=None, backup_path_conf=None, backup_path_db=None, backup_path_files=None, backup_path_private_files=None, compress_files=False, db_host='127.0.0.1', db_name='_2c0861da27548010', db_port=3306, db_socket=None, db_type='mariadb', exclude_doctypes='', ignore_conf=False, include_doctypes='', old_backup_metadata=False, partial=False, password='hDO55ejkgO4waVz0', rollback_callback=frappe.utils.CallbackManager(-), site_slug='project1', user='_2c0861da27548010', verbose=True)
  File "apps/frappe/frappe/database/mariadb/mysqlclient.py", line 522, in get_tables
    .run(pluck=True)
      self = frappe.database.mariadb.mysqlclient.MariaDBDatabase(after_commit=frappe.utils.CallbackManager(-), after_rollback=frappe.utils.CallbackManager(-), auto_commit_on_many_writes=0, before_commit=frappe.utils.CallbackManager(-), before_rollback=frappe.utils.CallbackManager(-), cur_db_name='_2c0861da27548010', db_type='mariadb', host='127.0.0.1', logger=<Logger database-project1 (WARNING)>, password='hDO55ejkgO4waVz0', port=3306, socket=None, transaction_writes=0, type_map={'Currency': ('decimal', '21,9'), 'Int': ('int', '11'), 'Long Int': ('bigint', '20'), 'Float': ('decimal', '21,9'), 'Percent': ('decimal', '21,9'), 'Check': ('tinyint', '4'), 'Small Text': ('text', ''), 'Long Text': ('longtext...'), 'Color': ('varchar', 140), 'Barcode': ('longtext', ''), 'Geolocation': ('longtext', ''), 'Duration': ('decimal', '21,9'), 'Icon': ('varchar', 140), 'Phone': ('varchar', 140), 'Autocomplete': ('varchar', 140), 'JSON': ('json', '')}, user='_2c0861da27548010', value_cache=collections.defaultdict{})
      cached = True
      to_query = True
      tables = None
      information_schema = pypika.queries.Schema()
  File "apps/frappe/frappe/query_builder/utils.py", line 131, in execute_query
    result = frappe.local.db.sql(query, params, *args, **kwargs)  # nosemgrep
      query = 'SELECT `table_name` FROM `information_schema`.`tables` WHERE `table_schema`=%(param1)s'
      args = ()
      kwargs = {'pluck': True}
      dt = None
      fields = []
      child_queries = "_child_queries"
      params = {'param1': '_2c0861da27548010'}
  File "apps/frappe/frappe/database/database.py", line 249, in sql
    self.connect()
      self = frappe.database.mariadb.mysqlclient.MariaDBDatabase(after_commit=frappe.utils.CallbackManager(-), after_rollback=frappe.utils.CallbackManager(-), auto_commit_on_many_writes=0, before_commit=frappe.utils.CallbackManager(-), before_rollback=frappe.utils.CallbackManager(-), cur_db_name='_2c0861da27548010', db_type='mariadb', host='127.0.0.1', logger=<Logger database-project1 (WARNING)>, password='hDO55ejkgO4waVz0', port=3306, socket=None, transaction_writes=0, type_map={'Currency': ('decimal', '21,9'), 'Int': ('int', '11'), 'Long Int': ('bigint', '20'), 'Float': ('decimal', '21,9'), 'Percent': ('decimal', '21,9'), 'Check': ('tinyint', '4'), 'Small Text': ('text', ''), 'Long Text': ('longtext...'), 'Color': ('varchar', 140), 'Barcode': ('longtext', ''), 'Geolocation': ('longtext', ''), 'Duration': ('decimal', '21,9'), 'Icon': ('varchar', 140), 'Phone': ('varchar', 140), 'Autocomplete': ('varchar', 140), 'JSON': ('json', '')}, user='_2c0861da27548010', value_cache=collections.defaultdict{})
      query = 'SELECT `table_name` FROM `information_schema`.`tables` WHERE `table_schema`=%(param1)s'
      values = {'param1': '_2c0861da27548010'}
      as_dict = 0
      as_list = 0
      debug = False
      ignore_ddl = 0
      auto_commit = 0
      update = None
      explain = False
      run = True
      pluck = True
      as_iterator = False
      query_type = 'select'
  File "apps/frappe/frappe/database/database.py", line 147, in connect
    self.get_connection()
      self = frappe.database.mariadb.mysqlclient.MariaDBDatabase(after_commit=frappe.utils.CallbackManager(-), after_rollback=frappe.utils.CallbackManager(-), auto_commit_on_many_writes=0, before_commit=frappe.utils.CallbackManager(-), before_rollback=frappe.utils.CallbackManager(-), cur_db_name='_2c0861da27548010', db_type='mariadb', host='127.0.0.1', logger=<Logger database-project1 (WARNING)>, password='hDO55ejkgO4waVz0', port=3306, socket=None, transaction_writes=0, type_map={'Currency': ('decimal', '21,9'), 'Int': ('int', '11'), 'Long Int': ('bigint', '20'), 'Float': ('decimal', '21,9'), 'Percent': ('decimal', '21,9'), 'Check': ('tinyint', '4'), 'Small Text': ('text', ''), 'Long Text': ('longtext...'), 'Color': ('varchar', 140), 'Barcode': ('longtext', ''), 'Geolocation': ('longtext', ''), 'Duration': ('decimal', '21,9'), 'Icon': ('varchar', 140), 'Phone': ('varchar', 140), 'Autocomplete': ('varchar', 140), 'JSON': ('json', '')}, user='_2c0861da27548010', value_cache=collections.defaultdict{})
  File "apps/frappe/frappe/database/mariadb/mysqlclient.py", line 113, in get_connection
    conn = self._get_connection()
      self = frappe.database.mariadb.mysqlclient.MariaDBDatabase(after_commit=frappe.utils.CallbackManager(-), after_rollback=frappe.utils.CallbackManager(-), auto_commit_on_many_writes=0, before_commit=frappe.utils.CallbackManager(-), before_rollback=frappe.utils.CallbackManager(-), cur_db_name='_2c0861da27548010', db_type='mariadb', host='127.0.0.1', logger=<Logger database-project1 (WARNING)>, password='hDO55ejkgO4waVz0', port=3306, socket=None, transaction_writes=0, type_map={'Currency': ('decimal', '21,9'), 'Int': ('int', '11'), 'Long Int': ('bigint', '20'), 'Float': ('decimal', '21,9'), 'Percent': ('decimal', '21,9'), 'Check': ('tinyint', '4'), 'Small Text': ('text', ''), 'Long Text': ('longtext...'), 'Color': ('varchar', 140), 'Barcode': ('longtext', ''), 'Geolocation': ('longtext', ''), 'Duration': ('decimal', '21,9'), 'Icon': ('varchar', 140), 'Phone': ('varchar', 140), 'Autocomplete': ('varchar', 140), 'JSON': ('json', '')}, user='_2c0861da27548010', value_cache=collections.defaultdict{})
  File "apps/frappe/frappe/database/mariadb/mysqlclient.py", line 118, in _get_connection
    return self.create_connection()
      self = frappe.database.mariadb.mysqlclient.MariaDBDatabase(after_commit=frappe.utils.CallbackManager(-), after_rollback=frappe.utils.CallbackManager(-), auto_commit_on_many_writes=0, before_commit=frappe.utils.CallbackManager(-), before_rollback=frappe.utils.CallbackManager(-), cur_db_name='_2c0861da27548010', db_type='mariadb', host='127.0.0.1', logger=<Logger database-project1 (WARNING)>, password='hDO55ejkgO4waVz0', port=3306, socket=None, transaction_writes=0, type_map={'Currency': ('decimal', '21,9'), 'Int': ('int', '11'), 'Long Int': ('bigint', '20'), 'Float': ('decimal', '21,9'), 'Percent': ('decimal', '21,9'), 'Check': ('tinyint', '4'), 'Small Text': ('text', ''), 'Long Text': ('longtext...'), 'Color': ('varchar', 140), 'Barcode': ('longtext', ''), 'Geolocation': ('longtext', ''), 'Duration': ('decimal', '21,9'), 'Icon': ('varchar', 140), 'Phone': ('varchar', 140), 'Autocomplete': ('varchar', 140), 'JSON': ('json', '')}, user='_2c0861da27548010', value_cache=collections.defaultdict{})
  File "apps/frappe/frappe/database/mariadb/mysqlclient.py", line 121, in create_connection
    return MySQLdb.connect(**self.get_connection_settings())
      self = frappe.database.mariadb.mysqlclient.MariaDBDatabase(after_commit=frappe.utils.CallbackManager(-), after_rollback=frappe.utils.CallbackManager(-), auto_commit_on_many_writes=0, before_commit=frappe.utils.CallbackManager(-), before_rollback=frappe.utils.CallbackManager(-), cur_db_name='_2c0861da27548010', db_type='mariadb', host='127.0.0.1', logger=<Logger database-project1 (WARNING)>, password='hDO55ejkgO4waVz0', port=3306, socket=None, transaction_writes=0, type_map={'Currency': ('decimal', '21,9'), 'Int': ('int', '11'), 'Long Int': ('bigint', '20'), 'Float': ('decimal', '21,9'), 'Percent': ('decimal', '21,9'), 'Check': ('tinyint', '4'), 'Small Text': ('text', ''), 'Long Text': ('longtext...'), 'Color': ('varchar', 140), 'Barcode': ('longtext', ''), 'Geolocation': ('longtext', ''), 'Duration': ('decimal', '21,9'), 'Icon': ('varchar', 140), 'Phone': ('varchar', 140), 'Autocomplete': ('varchar', 140), 'JSON': ('json', '')}, user='_2c0861da27548010', value_cache=collections.defaultdict{})
  File "env/lib/python3.14/site-packages/MySQLdb/__init__.py", line 121, in Connect
    return Connection(*args, **kwargs)
      args = ()
      kwargs = {'user': '_2c0861da27548010', 'conv': {<class 'int'>: <function Thing2Str at 0x7ddc424a0bf0>, <class 'float'>: <function Float2Str at 0x7ddc424a0ca0>, <class 'NoneType'>: <function None2NULL at 0x7ddc424a0d50>, <class 'array.array'>: <function array2Str at 0x7ddc424a0f60>, <class 'bool'>: <function Bool2Str at 0x7ddc424a09e0>, <class 'datetime.date'>: <function Thing2Literal at 0x7ddc424a0e00>, <class 'datetime.datetime'>: <function DateTime2literal at 0x7ddc424a0510>, <class 'datetime.timedelta'>: <function escape_timedelta at 0x7ddc424a2da0>, <class 'set'>: <function Set2Str at 0x7ddc424a0b40>, <class 'decimal.Decimal'>: <function Decimal2Literal at 0x7ddc424a0eb0>, 1: <class 'int'>, 2: <c...t'>: <function escape_dict at 0x7ddc424a2e50>, <class 'frozenset'>: <function escape_frozenset at 0x7ddc4245b8a0>}, 'charset': 'utf8mb4', 'use_unicode': True, 'local_infile': False, 'multi_statements': False, 'database': '_2c0861da27548010', 'host': '127.0.0.1', 'port': 3306, 'password': '********'}
      Connection = MySQLdb.connections.Connection
  File "env/lib/python3.14/site-packages/MySQLdb/connections.py", line 200, in __init__
    super().__init__(*args, **kwargs2)
      self = <_mysql.connection open to '(null)' at 0xc602820>
      args = ()
      kwargs = {'user': '_2c0861da27548010', 'conv': {<class 'int'>: <function Thing2Str at 0x7ddc424a0bf0>, <class 'float'>: <function Float2Str at 0x7ddc424a0ca0>, <class 'NoneType'>: <function None2NULL at 0x7ddc424a0d50>, <class 'array.array'>: <function array2Str at 0x7ddc424a0f60>, <class 'bool'>: <function Bool2Str at 0x7ddc424a09e0>, <class 'datetime.date'>: <function Thing2Literal at 0x7ddc424a0e00>, <class 'datetime.datetime'>: <function DateTime2literal at 0x7ddc424a0510>, <class 'datetime.timedelta'>: <function escape_timedelta at 0x7ddc424a2da0>, <class 'set'>: <function Set2Str at 0x7ddc424a0b40>, <class 'decimal.Decimal'>: <function Decimal2Literal at 0x7ddc424a0eb0>, 1: <class 'int'>, 2: <c...t'>: <function escape_dict at 0x7ddc424a2e50>, <class 'frozenset'>: <function escape_frozenset at 0x7ddc4245b8a0>}, 'charset': 'utf8mb4', 'use_unicode': True, 'local_infile': False, 'multi_statements': False, 'database': '_2c0861da27548010', 'host': '127.0.0.1', 'port': 3306, 'password': '********'}
      CLIENT = <module 'MySQLdb.constants.CLIENT' from 'env/lib/python3.14/site-packages/MySQLdb/constants/CLIENT.py'>
      FIELD_TYPE = <module 'MySQLdb.constants.FIELD_TYPE' from 'env/lib/python3.14/site-packages/MySQLdb/constants/FIELD_TYPE.py'>
      conversions = {<class 'int'>: <function Thing2Str at 0x7ddc424a0bf0>, <class 'float'>: <function Float2Str at 0x7ddc424a0ca0>, <class 'NoneType'>: <function None2NULL at 0x7ddc424a0d50>, <class 'array.array'>: <function array2Str at 0x7ddc424a0f60>, <class 'bool'>: <function Bool2Str at 0x7ddc424a09e0>, <class 'datetime.date'>: <function Thing2Literal at 0x7ddc424a0e00>, <class 'datetime.datetime'>: <function DateTime2literal at 0x7ddc424a0510>, <class 'datetime.timedelta'>: <function DateTimeDelta2literal at 0x7ddc424a05c0>, <class 'set'>: <function Set2Str at 0x7ddc424a0b40>, <class 'decimal.Decimal'>: <function Decimal2Literal at 0x7ddc424a0eb0>, 1: <class 'int'>, 2: <class 'int'>, 3: <class 'int'>, 4:...r_None at 0x7ddc424a0250>, 11: <function TimeDelta_or_None at 0x7ddc424a0300>, 10: <function Date_or_None at 0x7ddc424a0460>, 249: <class 'bytes'>, 250: <class 'bytes'>, 251: <class 'bytes'>, 252: <class 'bytes'>, 254: <class 'bytes'>, 253: <class 'bytes'>, 15: <class 'bytes'>, 245: <class 'bytes'>}
      _bytes_or_str = ((128, bytes), (None, str))
      kwargs2 = {'user': '_2c0861da27548010', 'conv': {<class 'int'>: <function Thing2Str at 0x7ddc424a0bf0>, <class 'float'>: <function Float2Str at 0x7ddc424a0ca0>, <class 'NoneType'>: <function None2NULL at 0x7ddc424a0d50>, <class 'array.array'>: <function array2Str at 0x7ddc424a0f60>, <class 'bool'>: <function Bool2Str at 0x7ddc424a09e0>, <class 'datetime.date'>: <function Thing2Literal at 0x7ddc424a0e00>, <class 'datetime.datetime'>: <function DateTime2literal at 0x7ddc424a0510>, <class 'datetime.timedelta'>: <function escape_timedelta at 0x7ddc424a2da0>, <class 'set'>: <function Set2Str at 0x7ddc424a0b40>, <class 'decimal.Decimal'>: <function Decimal2Literal at 0x7ddc424a0eb0>, 1: <class 'int'>, 2: <c...ass 'bytes'>, <class 'dict'>: <function escape_dict at 0x7ddc424a2e50>, <class 'frozenset'>: <function escape_frozenset at 0x7ddc4245b8a0>}, 'charset': 'utf8mb4', 'local_infile': False, 'database': '_2c0861da27548010', 'host': '127.0.0.1', 'port': 3306, 'password': '********', 'client_flag': 131072}
      conv = {<class 'int'>: <function Thing2Str at 0x7ddc424a0bf0>, <class 'float'>: <function Float2Str at 0x7ddc424a0ca0>, <class 'NoneType'>: <function None2NULL at 0x7ddc424a0d50>, <class 'array.array'>: <function array2Str at 0x7ddc424a0f60>, <class 'bool'>: <function Bool2Str at 0x7ddc424a09e0>, <class 'datetime.date'>: <function Thing2Literal at 0x7ddc424a0e00>, <class 'datetime.datetime'>: <function DateTime2literal at 0x7ddc424a0510>, <class 'datetime.timedelta'>: <function escape_timedelta at 0x7ddc424a2da0>, <class 'set'>: <function Set2Str at 0x7ddc424a0b40>, <class 'decimal.Decimal'>: <function Decimal2Literal at 0x7ddc424a0eb0>, 1: <class 'int'>, 2: <class 'int'>, 3: <class 'int'>, 4: <cla...249: <class 'bytes'>, 250: <class 'bytes'>, 251: <class 'bytes'>, 252: <class 'bytes'>, 254: <class 'bytes'>, 253: <class 'bytes'>, 15: <class 'bytes'>, 245: <class 'bytes'>, <class 'dict'>: <function escape_dict at 0x7ddc424a2e50>, <class 'frozenset'>: <function escape_frozenset at 0x7ddc4245b8a0>}
      conv2 = {<class 'int'>: <function Thing2Str at 0x7ddc424a0bf0>, <class 'float'>: <function Float2Str at 0x7ddc424a0ca0>, <class 'NoneType'>: <function None2NULL at 0x7ddc424a0d50>, <class 'array.array'>: <function array2Str at 0x7ddc424a0f60>, <class 'bool'>: <function Bool2Str at 0x7ddc424a09e0>, <class 'datetime.date'>: <function Thing2Literal at 0x7ddc424a0e00>, <class 'datetime.datetime'>: <function DateTime2literal at 0x7ddc424a0510>, <class 'datetime.timedelta'>: <function escape_timedelta at 0x7ddc424a2da0>, <class 'set'>: <function Set2Str at 0x7ddc424a0b40>, <class 'decimal.Decimal'>: <function Decimal2Literal at 0x7ddc424a0eb0>, 1: <class 'int'>, 2: <class 'int'>, 3: <class 'int'>, 4: <cla...249: <class 'bytes'>, 250: <class 'bytes'>, 251: <class 'bytes'>, 252: <class 'bytes'>, 254: <class 'bytes'>, 253: <class 'bytes'>, 15: <class 'bytes'>, 245: <class 'bytes'>, <class 'dict'>: <function escape_dict at 0x7ddc424a2e50>, <class 'frozenset'>: <function escape_frozenset at 0x7ddc4245b8a0>}
      k = frozenset
      v = <function escape_frozenset at 0x7ddc4245b8a0>
      cursorclass = MySQLdb.cursors.Cursor
      charset = 'utf8mb4'
      collation = ''
      use_unicode = True
      sql_mode = ''
      client_flag = 131072
      multi_statements = False
      autocommit = False
      __class__ = MySQLdb.connections.Connection
MySQLdb.OperationalError: (1045, "Access denied for user '_2c0861da27548010'@'localhost' (using password: YES)")
set -o pipefail; /usr/bin/mariadb-dump --user=_0e0e8f4505c3c9e6 --host=127.0.0.1 --port=3306 --password=********** --single-transaction --quick --lock-tables=false _0e0e8f4505c3c9e6 | /usr/bin/gzip >> ./doctypesite/private/backups/20260727_173002-doctypesite-database.sql.gz

Backup Summary for doctypesite at 2026-07-27 17:30:04.725019
Config  : /home/sanjayh/frappe16-bench/sites/doctypesite/private/backups/20260727_173002-doctypesite-site_config_backup.json 246.0B
Database: /home/sanjayh/frappe16-bench/sites/doctypesite/private/backups/20260727_173002-doctypesite-database.sql.gz 423.3KiB
Backup for Site doctypesite has been successfully completed
File ./project/private/backups/20260724_173004-project-database.sql.gz is older than 23 hours
File ./project/private/backups/20260724_113004-project-database.sql.gz is older than 23 hours
File ./project/private/backups/20260724_113004-project-site_config_backup.json is older than 23 hours
File ./project/private/backups/20260724_173004-project-site_config_backup.json is older than 23 hours
set -o pipefail; /usr/bin/mariadb-dump --user=_cc001b8908fd52e2 --host=127.0.0.1 --port=3306 --password=********** --single-transaction --quick --lock-tables=false _cc001b8908fd52e2 | /usr/bin/gzip >> ./project/private/backups/20260727_173004-project-database.sql.gz

Backup Summary for project at 2026-07-27 17:30:05.786435
Config  : /home/sanjayh/frappe16-bench/sites/project/private/backups/20260727_173004-project-site_config_backup.json 187.0B
Database: /home/sanjayh/frappe16-bench/sites/project/private/backups/20260727_173004-project-database.sql.gz 285.8KiB
Backup for Site project has been successfully completed
Backup failed for Site project1. Database or site_config.json may be corrupted
Traceback with variables (most recent call last):
  File "apps/frappe/frappe/commands/site.py", line 881, in backup
    odb = scheduled_backup(
      context = CliCtxObj(force=False, profile=False, sites=['doctypesite', 'project', 'project1', 'site1.local', 'site2.local'], verbose=True)
      with_files = False
      backup_path = None
      backup_path_db = None
      backup_path_files = None
      backup_path_private_files = None
      backup_path_conf = None
      ignore_backup_conf = False
      verbose = True
      compress = False
      include = ''
      exclude = ''
      old_backup_metadata = False
      scheduled_backup = <function scheduled_backup at 0x789e0a236560>
      exit_code = 0
      rollback_callback = None
      site = 'project1'
      odb = frappe.utils.backups.BackupGenerator(backup_excludes=[], backup_includes=[], backup_path=None, backup_path_conf='./project/private/backups/20260727_173004-project-site_config_backup.json', backup_path_db='./project/private/backups/20260727_173004-project-database.sql.gz', backup_path_files='./project/private/backups/20260727_173004-project-files.tar', backup_path_private_files='./project/private/backups/20260727_173004-project-private-files.tar', compress_files=False, db_host='127.0.0.1', db_name='_cc001b8908fd52e2', db_port=3306, db_socket=None, db_type='mariadb', exclude_doctypes='', ignore_conf=False, include_doctypes='', old_backup_metadata=False, partial=[], password='MkfhelKK7676ix1L', rollback_callback=frappe.utils.CallbackManager(-), site_slug='project', todays_date='20260727_173004', user='_cc001b8908fd52e2', verbose=True)
  File "apps/frappe/frappe/utils/backups.py", line 589, in scheduled_backup
    return new_backup(
      older_than = 6
      ignore_files = True
      backup_path = None
      backup_path_db = None
      backup_path_files = None
      backup_path_private_files = None
      backup_path_conf = None
      ignore_conf = False
      include_doctypes = ''
      exclude_doctypes = ''
      compress = False
      force = True
      verbose = True
      old_backup_metadata = False
      rollback_callback = frappe.utils.CallbackManager()
  File "apps/frappe/frappe/utils/backups.py", line 626, in new_backup
    odb = BackupGenerator(
      older_than = 6
      ignore_files = True
      backup_path = None
      backup_path_db = None
      backup_path_files = None
      backup_path_private_files = None
      backup_path_conf = None
      ignore_conf = False
      include_doctypes = ''
      exclude_doctypes = ''
      compress = False
      force = True
      verbose = True
      old_backup_metadata = False
      rollback_callback = frappe.utils.CallbackManager()
  File "apps/frappe/frappe/utils/backups.py", line 89, in __init__
    self.setup_backup_tables()
      self = frappe.utils.backups.BackupGenerator(backup_path=None, backup_path_conf=None, backup_path_db=None, backup_path_files=None, backup_path_private_files=None, compress_files=False, db_host='127.0.0.1', db_name='_2c0861da27548010', db_port=3306, db_socket=None, db_type='mariadb', exclude_doctypes='', ignore_conf=False, include_doctypes='', old_backup_metadata=False, partial=False, password='hDO55ejkgO4waVz0', rollback_callback=frappe.utils.CallbackManager(-), site_slug='project1', user='_2c0861da27548010', verbose=True)
      db_name = '_2c0861da27548010'
      user = '_2c0861da27548010'
      password = ********
      backup_path = None
      backup_path_db = None
      backup_path_files = None
      backup_path_private_files = None
      db_socket = None
      db_host = '127.0.0.1'
      db_port = 3306
      db_type = 'mariadb'
      backup_path_conf = None
      ignore_conf = False
      compress_files = False
      include_doctypes = ''
      exclude_doctypes = ''
      verbose = True
      old_backup_metadata = False
      rollback_callback = frappe.utils.CallbackManager()
      site = 'project1'
  File "apps/frappe/frappe/utils/backups.py", line 126, in setup_backup_tables
    self._set_existing_tables()
      self = frappe.utils.backups.BackupGenerator(backup_path=None, backup_path_conf=None, backup_path_db=None, backup_path_files=None, backup_path_private_files=None, compress_files=False, db_host='127.0.0.1', db_name='_2c0861da27548010', db_port=3306, db_socket=None, db_type='mariadb', exclude_doctypes='', ignore_conf=False, include_doctypes='', old_backup_metadata=False, partial=False, password='hDO55ejkgO4waVz0', rollback_callback=frappe.utils.CallbackManager(-), site_slug='project1', user='_2c0861da27548010', verbose=True)
  File "apps/frappe/frappe/utils/backups.py", line 122, in _set_existing_tables
    self._existing_tables = frappe.db.get_tables()
      self = frappe.utils.backups.BackupGenerator(backup_path=None, backup_path_conf=None, backup_path_db=None, backup_path_files=None, backup_path_private_files=None, compress_files=False, db_host='127.0.0.1', db_name='_2c0861da27548010', db_port=3306, db_socket=None, db_type='mariadb', exclude_doctypes='', ignore_conf=False, include_doctypes='', old_backup_metadata=False, partial=False, password='hDO55ejkgO4waVz0', rollback_callback=frappe.utils.CallbackManager(-), site_slug='project1', user='_2c0861da27548010', verbose=True)
  File "apps/frappe/frappe/database/mariadb/mysqlclient.py", line 522, in get_tables
    .run(pluck=True)
      self = frappe.database.mariadb.mysqlclient.MariaDBDatabase(after_commit=frappe.utils.CallbackManager(-), after_rollback=frappe.utils.CallbackManager(-), auto_commit_on_many_writes=0, before_commit=frappe.utils.CallbackManager(-), before_rollback=frappe.utils.CallbackManager(-), cur_db_name='_2c0861da27548010', db_type='mariadb', host='127.0.0.1', logger=<Logger database-project1 (WARNING)>, password='hDO55ejkgO4waVz0', port=3306, socket=None, transaction_writes=0, type_map={'Currency': ('decimal', '21,9'), 'Int': ('int', '11'), 'Long Int': ('bigint', '20'), 'Float': ('decimal', '21,9'), 'Percent': ('decimal', '21,9'), 'Check': ('tinyint', '4'), 'Small Text': ('text', ''), 'Long Text': ('longtext...'), 'Color': ('varchar', 140), 'Barcode': ('longtext', ''), 'Geolocation': ('longtext', ''), 'Duration': ('decimal', '21,9'), 'Icon': ('varchar', 140), 'Phone': ('varchar', 140), 'Autocomplete': ('varchar', 140), 'JSON': ('json', '')}, user='_2c0861da27548010', value_cache=collections.defaultdict{})
      cached = True
      to_query = True
      tables = None
      information_schema = pypika.queries.Schema()
  File "apps/frappe/frappe/query_builder/utils.py", line 131, in execute_query
    result = frappe.local.db.sql(query, params, *args, **kwargs)  # nosemgrep
      query = 'SELECT `table_name` FROM `information_schema`.`tables` WHERE `table_schema`=%(param1)s'
      args = ()
      kwargs = {'pluck': True}
      dt = None
      fields = []
      child_queries = "_child_queries"
      params = {'param1': '_2c0861da27548010'}
  File "apps/frappe/frappe/database/database.py", line 249, in sql
    self.connect()
      self = frappe.database.mariadb.mysqlclient.MariaDBDatabase(after_commit=frappe.utils.CallbackManager(-), after_rollback=frappe.utils.CallbackManager(-), auto_commit_on_many_writes=0, before_commit=frappe.utils.CallbackManager(-), before_rollback=frappe.utils.CallbackManager(-), cur_db_name='_2c0861da27548010', db_type='mariadb', host='127.0.0.1', logger=<Logger database-project1 (WARNING)>, password='hDO55ejkgO4waVz0', port=3306, socket=None, transaction_writes=0, type_map={'Currency': ('decimal', '21,9'), 'Int': ('int', '11'), 'Long Int': ('bigint', '20'), 'Float': ('decimal', '21,9'), 'Percent': ('decimal', '21,9'), 'Check': ('tinyint', '4'), 'Small Text': ('text', ''), 'Long Text': ('longtext...'), 'Color': ('varchar', 140), 'Barcode': ('longtext', ''), 'Geolocation': ('longtext', ''), 'Duration': ('decimal', '21,9'), 'Icon': ('varchar', 140), 'Phone': ('varchar', 140), 'Autocomplete': ('varchar', 140), 'JSON': ('json', '')}, user='_2c0861da27548010', value_cache=collections.defaultdict{})
      query = 'SELECT `table_name` FROM `information_schema`.`tables` WHERE `table_schema`=%(param1)s'
      values = {'param1': '_2c0861da27548010'}
      as_dict = 0
      as_list = 0
      debug = False
      ignore_ddl = 0
      auto_commit = 0
      update = None
      explain = False
      run = True
      pluck = True
      as_iterator = False
      query_type = 'select'
  File "apps/frappe/frappe/database/database.py", line 147, in connect
    self.get_connection()
      self = frappe.database.mariadb.mysqlclient.MariaDBDatabase(after_commit=frappe.utils.CallbackManager(-), after_rollback=frappe.utils.CallbackManager(-), auto_commit_on_many_writes=0, before_commit=frappe.utils.CallbackManager(-), before_rollback=frappe.utils.CallbackManager(-), cur_db_name='_2c0861da27548010', db_type='mariadb', host='127.0.0.1', logger=<Logger database-project1 (WARNING)>, password='hDO55ejkgO4waVz0', port=3306, socket=None, transaction_writes=0, type_map={'Currency': ('decimal', '21,9'), 'Int': ('int', '11'), 'Long Int': ('bigint', '20'), 'Float': ('decimal', '21,9'), 'Percent': ('decimal', '21,9'), 'Check': ('tinyint', '4'), 'Small Text': ('text', ''), 'Long Text': ('longtext...'), 'Color': ('varchar', 140), 'Barcode': ('longtext', ''), 'Geolocation': ('longtext', ''), 'Duration': ('decimal', '21,9'), 'Icon': ('varchar', 140), 'Phone': ('varchar', 140), 'Autocomplete': ('varchar', 140), 'JSON': ('json', '')}, user='_2c0861da27548010', value_cache=collections.defaultdict{})
  File "apps/frappe/frappe/database/mariadb/mysqlclient.py", line 113, in get_connection
    conn = self._get_connection()
      self = frappe.database.mariadb.mysqlclient.MariaDBDatabase(after_commit=frappe.utils.CallbackManager(-), after_rollback=frappe.utils.CallbackManager(-), auto_commit_on_many_writes=0, before_commit=frappe.utils.CallbackManager(-), before_rollback=frappe.utils.CallbackManager(-), cur_db_name='_2c0861da27548010', db_type='mariadb', host='127.0.0.1', logger=<Logger database-project1 (WARNING)>, password='hDO55ejkgO4waVz0', port=3306, socket=None, transaction_writes=0, type_map={'Currency': ('decimal', '21,9'), 'Int': ('int', '11'), 'Long Int': ('bigint', '20'), 'Float': ('decimal', '21,9'), 'Percent': ('decimal', '21,9'), 'Check': ('tinyint', '4'), 'Small Text': ('text', ''), 'Long Text': ('longtext...'), 'Color': ('varchar', 140), 'Barcode': ('longtext', ''), 'Geolocation': ('longtext', ''), 'Duration': ('decimal', '21,9'), 'Icon': ('varchar', 140), 'Phone': ('varchar', 140), 'Autocomplete': ('varchar', 140), 'JSON': ('json', '')}, user='_2c0861da27548010', value_cache=collections.defaultdict{})
  File "apps/frappe/frappe/database/mariadb/mysqlclient.py", line 118, in _get_connection
    return self.create_connection()
      self = frappe.database.mariadb.mysqlclient.MariaDBDatabase(after_commit=frappe.utils.CallbackManager(-), after_rollback=frappe.utils.CallbackManager(-), auto_commit_on_many_writes=0, before_commit=frappe.utils.CallbackManager(-), before_rollback=frappe.utils.CallbackManager(-), cur_db_name='_2c0861da27548010', db_type='mariadb', host='127.0.0.1', logger=<Logger database-project1 (WARNING)>, password='hDO55ejkgO4waVz0', port=3306, socket=None, transaction_writes=0, type_map={'Currency': ('decimal', '21,9'), 'Int': ('int', '11'), 'Long Int': ('bigint', '20'), 'Float': ('decimal', '21,9'), 'Percent': ('decimal', '21,9'), 'Check': ('tinyint', '4'), 'Small Text': ('text', ''), 'Long Text': ('longtext...'), 'Color': ('varchar', 140), 'Barcode': ('longtext', ''), 'Geolocation': ('longtext', ''), 'Duration': ('decimal', '21,9'), 'Icon': ('varchar', 140), 'Phone': ('varchar', 140), 'Autocomplete': ('varchar', 140), 'JSON': ('json', '')}, user='_2c0861da27548010', value_cache=collections.defaultdict{})
  File "apps/frappe/frappe/database/mariadb/mysqlclient.py", line 121, in create_connection
    return MySQLdb.connect(**self.get_connection_settings())
      self = frappe.database.mariadb.mysqlclient.MariaDBDatabase(after_commit=frappe.utils.CallbackManager(-), after_rollback=frappe.utils.CallbackManager(-), auto_commit_on_many_writes=0, before_commit=frappe.utils.CallbackManager(-), before_rollback=frappe.utils.CallbackManager(-), cur_db_name='_2c0861da27548010', db_type='mariadb', host='127.0.0.1', logger=<Logger database-project1 (WARNING)>, password='hDO55ejkgO4waVz0', port=3306, socket=None, transaction_writes=0, type_map={'Currency': ('decimal', '21,9'), 'Int': ('int', '11'), 'Long Int': ('bigint', '20'), 'Float': ('decimal', '21,9'), 'Percent': ('decimal', '21,9'), 'Check': ('tinyint', '4'), 'Small Text': ('text', ''), 'Long Text': ('longtext...'), 'Color': ('varchar', 140), 'Barcode': ('longtext', ''), 'Geolocation': ('longtext', ''), 'Duration': ('decimal', '21,9'), 'Icon': ('varchar', 140), 'Phone': ('varchar', 140), 'Autocomplete': ('varchar', 140), 'JSON': ('json', '')}, user='_2c0861da27548010', value_cache=collections.defaultdict{})
  File "env/lib/python3.14/site-packages/MySQLdb/__init__.py", line 121, in Connect
    return Connection(*args, **kwargs)
      args = ()
      kwargs = {'user': '_2c0861da27548010', 'conv': {<class 'int'>: <function Thing2Str at 0x789e0937cbf0>, <class 'float'>: <function Float2Str at 0x789e0937cca0>, <class 'NoneType'>: <function None2NULL at 0x789e0937cd50>, <class 'array.array'>: <function array2Str at 0x789e0937cf60>, <class 'bool'>: <function Bool2Str at 0x789e0937c9e0>, <class 'datetime.date'>: <function Thing2Literal at 0x789e0937ce00>, <class 'datetime.datetime'>: <function DateTime2literal at 0x789e0937c510>, <class 'datetime.timedelta'>: <function escape_timedelta at 0x789e0937eda0>, <class 'set'>: <function Set2Str at 0x789e0937cb40>, <class 'decimal.Decimal'>: <function Decimal2Literal at 0x789e0937ceb0>, 1: <class 'int'>, 2: <c...t'>: <function escape_dict at 0x789e0937ee50>, <class 'frozenset'>: <function escape_frozenset at 0x789e0933b8a0>}, 'charset': 'utf8mb4', 'use_unicode': True, 'local_infile': False, 'multi_statements': False, 'database': '_2c0861da27548010', 'host': '127.0.0.1', 'port': 3306, 'password': '********'}
      Connection = MySQLdb.connections.Connection
  File "env/lib/python3.14/site-packages/MySQLdb/connections.py", line 200, in __init__
    super().__init__(*args, **kwargs2)
      self = <_mysql.connection open to '(null)' at 0x86d59b0>
      args = ()
      kwargs = {'user': '_2c0861da27548010', 'conv': {<class 'int'>: <function Thing2Str at 0x789e0937cbf0>, <class 'float'>: <function Float2Str at 0x789e0937cca0>, <class 'NoneType'>: <function None2NULL at 0x789e0937cd50>, <class 'array.array'>: <function array2Str at 0x789e0937cf60>, <class 'bool'>: <function Bool2Str at 0x789e0937c9e0>, <class 'datetime.date'>: <function Thing2Literal at 0x789e0937ce00>, <class 'datetime.datetime'>: <function DateTime2literal at 0x789e0937c510>, <class 'datetime.timedelta'>: <function escape_timedelta at 0x789e0937eda0>, <class 'set'>: <function Set2Str at 0x789e0937cb40>, <class 'decimal.Decimal'>: <function Decimal2Literal at 0x789e0937ceb0>, 1: <class 'int'>, 2: <c...t'>: <function escape_dict at 0x789e0937ee50>, <class 'frozenset'>: <function escape_frozenset at 0x789e0933b8a0>}, 'charset': 'utf8mb4', 'use_unicode': True, 'local_infile': False, 'multi_statements': False, 'database': '_2c0861da27548010', 'host': '127.0.0.1', 'port': 3306, 'password': '********'}
      CLIENT = <module 'MySQLdb.constants.CLIENT' from 'env/lib/python3.14/site-packages/MySQLdb/constants/CLIENT.py'>
      FIELD_TYPE = <module 'MySQLdb.constants.FIELD_TYPE' from 'env/lib/python3.14/site-packages/MySQLdb/constants/FIELD_TYPE.py'>
      conversions = {<class 'int'>: <function Thing2Str at 0x789e0937cbf0>, <class 'float'>: <function Float2Str at 0x789e0937cca0>, <class 'NoneType'>: <function None2NULL at 0x789e0937cd50>, <class 'array.array'>: <function array2Str at 0x789e0937cf60>, <class 'bool'>: <function Bool2Str at 0x789e0937c9e0>, <class 'datetime.date'>: <function Thing2Literal at 0x789e0937ce00>, <class 'datetime.datetime'>: <function DateTime2literal at 0x789e0937c510>, <class 'datetime.timedelta'>: <function DateTimeDelta2literal at 0x789e0937c5c0>, <class 'set'>: <function Set2Str at 0x789e0937cb40>, <class 'decimal.Decimal'>: <function Decimal2Literal at 0x789e0937ceb0>, 1: <class 'int'>, 2: <class 'int'>, 3: <class 'int'>, 4:...r_None at 0x789e0937c250>, 11: <function TimeDelta_or_None at 0x789e0937c300>, 10: <function Date_or_None at 0x789e0937c460>, 249: <class 'bytes'>, 250: <class 'bytes'>, 251: <class 'bytes'>, 252: <class 'bytes'>, 254: <class 'bytes'>, 253: <class 'bytes'>, 15: <class 'bytes'>, 245: <class 'bytes'>}
      _bytes_or_str = ((128, bytes), (None, str))
      kwargs2 = {'user': '_2c0861da27548010', 'conv': {<class 'int'>: <function Thing2Str at 0x789e0937cbf0>, <class 'float'>: <function Float2Str at 0x789e0937cca0>, <class 'NoneType'>: <function None2NULL at 0x789e0937cd50>, <class 'array.array'>: <function array2Str at 0x789e0937cf60>, <class 'bool'>: <function Bool2Str at 0x789e0937c9e0>, <class 'datetime.date'>: <function Thing2Literal at 0x789e0937ce00>, <class 'datetime.datetime'>: <function DateTime2literal at 0x789e0937c510>, <class 'datetime.timedelta'>: <function escape_timedelta at 0x789e0937eda0>, <class 'set'>: <function Set2Str at 0x789e0937cb40>, <class 'decimal.Decimal'>: <function Decimal2Literal at 0x789e0937ceb0>, 1: <class 'int'>, 2: <c...ass 'bytes'>, <class 'dict'>: <function escape_dict at 0x789e0937ee50>, <class 'frozenset'>: <function escape_frozenset at 0x789e0933b8a0>}, 'charset': 'utf8mb4', 'local_infile': False, 'database': '_2c0861da27548010', 'host': '127.0.0.1', 'port': 3306, 'password': '********', 'client_flag': 131072}
      conv = {<class 'int'>: <function Thing2Str at 0x789e0937cbf0>, <class 'float'>: <function Float2Str at 0x789e0937cca0>, <class 'NoneType'>: <function None2NULL at 0x789e0937cd50>, <class 'array.array'>: <function array2Str at 0x789e0937cf60>, <class 'bool'>: <function Bool2Str at 0x789e0937c9e0>, <class 'datetime.date'>: <function Thing2Literal at 0x789e0937ce00>, <class 'datetime.datetime'>: <function DateTime2literal at 0x789e0937c510>, <class 'datetime.timedelta'>: <function escape_timedelta at 0x789e0937eda0>, <class 'set'>: <function Set2Str at 0x789e0937cb40>, <class 'decimal.Decimal'>: <function Decimal2Literal at 0x789e0937ceb0>, 1: <class 'int'>, 2: <class 'int'>, 3: <class 'int'>, 4: <cla...249: <class 'bytes'>, 250: <class 'bytes'>, 251: <class 'bytes'>, 252: <class 'bytes'>, 254: <class 'bytes'>, 253: <class 'bytes'>, 15: <class 'bytes'>, 245: <class 'bytes'>, <class 'dict'>: <function escape_dict at 0x789e0937ee50>, <class 'frozenset'>: <function escape_frozenset at 0x789e0933b8a0>}
      conv2 = {<class 'int'>: <function Thing2Str at 0x789e0937cbf0>, <class 'float'>: <function Float2Str at 0x789e0937cca0>, <class 'NoneType'>: <function None2NULL at 0x789e0937cd50>, <class 'array.array'>: <function array2Str at 0x789e0937cf60>, <class 'bool'>: <function Bool2Str at 0x789e0937c9e0>, <class 'datetime.date'>: <function Thing2Literal at 0x789e0937ce00>, <class 'datetime.datetime'>: <function DateTime2literal at 0x789e0937c510>, <class 'datetime.timedelta'>: <function escape_timedelta at 0x789e0937eda0>, <class 'set'>: <function Set2Str at 0x789e0937cb40>, <class 'decimal.Decimal'>: <function Decimal2Literal at 0x789e0937ceb0>, 1: <class 'int'>, 2: <class 'int'>, 3: <class 'int'>, 4: <cla...249: <class 'bytes'>, 250: <class 'bytes'>, 251: <class 'bytes'>, 252: <class 'bytes'>, 254: <class 'bytes'>, 253: <class 'bytes'>, 15: <class 'bytes'>, 245: <class 'bytes'>, <class 'dict'>: <function escape_dict at 0x789e0937ee50>, <class 'frozenset'>: <function escape_frozenset at 0x789e0933b8a0>}
      k = frozenset
      v = <function escape_frozenset at 0x789e0933b8a0>
      cursorclass = MySQLdb.cursors.Cursor
      charset = 'utf8mb4'
      collation = ''
      use_unicode = True
      sql_mode = ''
      client_flag = 131072
      multi_statements = False
      autocommit = False
      __class__ = MySQLdb.connections.Connection
MySQLdb.OperationalError: (1045, "Access denied for user '_2c0861da27548010'@'localhost' (using password: YES)")
Backup failed for Site site1.local. Database or site_config.json may be corrupted
Traceback with variables (most recent call last):
  File "apps/frappe/frappe/commands/site.py", line 881, in backup
    odb = scheduled_backup(
      context = CliCtxObj(force=False, profile=False, sites=['doctypesite', 'project', 'project1', 'site1.local', 'site2.local'], verbose=True)
      with_files = False
      backup_path = None
      backup_path_db = None
      backup_path_files = None
      backup_path_private_files = None
      backup_path_conf = None
      ignore_backup_conf = False
      verbose = True
      compress = False
      include = ''
      exclude = ''
      old_backup_metadata = False
      scheduled_backup = <function scheduled_backup at 0x789e0a236560>
      exit_code = 1
      rollback_callback = None
      site = 'site1.local'
      odb = frappe.utils.backups.BackupGenerator(backup_excludes=[], backup_includes=[], backup_path=None, backup_path_conf='./project/private/backups/20260727_173004-project-site_config_backup.json', backup_path_db='./project/private/backups/20260727_173004-project-database.sql.gz', backup_path_files='./project/private/backups/20260727_173004-project-files.tar', backup_path_private_files='./project/private/backups/20260727_173004-project-private-files.tar', compress_files=False, db_host='127.0.0.1', db_name='_cc001b8908fd52e2', db_port=3306, db_socket=None, db_type='mariadb', exclude_doctypes='', ignore_conf=False, include_doctypes='', old_backup_metadata=False, partial=[], password='MkfhelKK7676ix1L', rollback_callback=frappe.utils.CallbackManager(-), site_slug='project', todays_date='20260727_173004', user='_cc001b8908fd52e2', verbose=True)
  File "apps/frappe/frappe/utils/backups.py", line 589, in scheduled_backup
    return new_backup(
      older_than = 6
      ignore_files = True
      backup_path = None
      backup_path_db = None
      backup_path_files = None
      backup_path_private_files = None
      backup_path_conf = None
      ignore_conf = False
      include_doctypes = ''
      exclude_doctypes = ''
      compress = False
      force = True
      verbose = True
      old_backup_metadata = False
      rollback_callback = frappe.utils.CallbackManager()
  File "apps/frappe/frappe/utils/backups.py", line 626, in new_backup
    odb = BackupGenerator(
      older_than = 6
      ignore_files = True
      backup_path = None
      backup_path_db = None
      backup_path_files = None
      backup_path_private_files = None
      backup_path_conf = None
      ignore_conf = False
      include_doctypes = ''
      exclude_doctypes = ''
      compress = False
      force = True
      verbose = True
      old_backup_metadata = False
      rollback_callback = frappe.utils.CallbackManager()
  File "apps/frappe/frappe/utils/backups.py", line 89, in __init__
    self.setup_backup_tables()
      self = frappe.utils.backups.BackupGenerator(backup_path=None, backup_path_conf=None, backup_path_db=None, backup_path_files=None, backup_path_private_files=None, compress_files=False, db_host='127.0.0.1', db_name='_2c0861da27548010', db_port=3306, db_socket=None, db_type='mariadb', exclude_doctypes='', ignore_conf=False, include_doctypes='', old_backup_metadata=False, partial=False, password='hDO55ejkgO4waVz0', rollback_callback=frappe.utils.CallbackManager(-), site_slug='project1', user='_2c0861da27548010', verbose=True)
      db_name = '_2c0861da27548010'
      user = '_2c0861da27548010'
      password = ********
      backup_path = None
      backup_path_db = None
      backup_path_files = None
      backup_path_private_files = None
      db_socket = None
      db_host = '127.0.0.1'
      db_port = 3306
      db_type = 'mariadb'
      backup_path_conf = None
      ignore_conf = False
      compress_files = False
      include_doctypes = ''
      exclude_doctypes = ''
      verbose = True
      old_backup_metadata = False
      rollback_callback = frappe.utils.CallbackManager()
      site = 'project1'
  File "apps/frappe/frappe/utils/backups.py", line 126, in setup_backup_tables
    self._set_existing_tables()
      self = frappe.utils.backups.BackupGenerator(backup_path=None, backup_path_conf=None, backup_path_db=None, backup_path_files=None, backup_path_private_files=None, compress_files=False, db_host='127.0.0.1', db_name='_2c0861da27548010', db_port=3306, db_socket=None, db_type='mariadb', exclude_doctypes='', ignore_conf=False, include_doctypes='', old_backup_metadata=False, partial=False, password='hDO55ejkgO4waVz0', rollback_callback=frappe.utils.CallbackManager(-), site_slug='project1', user='_2c0861da27548010', verbose=True)
  File "apps/frappe/frappe/utils/backups.py", line 122, in _set_existing_tables
    self._existing_tables = frappe.db.get_tables()
      self = frappe.utils.backups.BackupGenerator(backup_path=None, backup_path_conf=None, backup_path_db=None, backup_path_files=None, backup_path_private_files=None, compress_files=False, db_host='127.0.0.1', db_name='_2c0861da27548010', db_port=3306, db_socket=None, db_type='mariadb', exclude_doctypes='', ignore_conf=False, include_doctypes='', old_backup_metadata=False, partial=False, password='hDO55ejkgO4waVz0', rollback_callback=frappe.utils.CallbackManager(-), site_slug='project1', user='_2c0861da27548010', verbose=True)
  File "apps/frappe/frappe/database/mariadb/mysqlclient.py", line 522, in get_tables
    .run(pluck=True)
      self = frappe.database.mariadb.mysqlclient.MariaDBDatabase(after_commit=frappe.utils.CallbackManager(-), after_rollback=frappe.utils.CallbackManager(-), auto_commit_on_many_writes=0, before_commit=frappe.utils.CallbackManager(-), before_rollback=frappe.utils.CallbackManager(-), cur_db_name='_2c0861da27548010', db_type='mariadb', host='127.0.0.1', logger=<Logger database-project1 (WARNING)>, password='hDO55ejkgO4waVz0', port=3306, socket=None, transaction_writes=0, type_map={'Currency': ('decimal', '21,9'), 'Int': ('int', '11'), 'Long Int': ('bigint', '20'), 'Float': ('decimal', '21,9'), 'Percent': ('decimal', '21,9'), 'Check': ('tinyint', '4'), 'Small Text': ('text', ''), 'Long Text': ('longtext...'), 'Color': ('varchar', 140), 'Barcode': ('longtext', ''), 'Geolocation': ('longtext', ''), 'Duration': ('decimal', '21,9'), 'Icon': ('varchar', 140), 'Phone': ('varchar', 140), 'Autocomplete': ('varchar', 140), 'JSON': ('json', '')}, user='_2c0861da27548010', value_cache=collections.defaultdict{})
      cached = True
      to_query = True
      tables = None
      information_schema = pypika.queries.Schema()
  File "apps/frappe/frappe/query_builder/utils.py", line 131, in execute_query
    result = frappe.local.db.sql(query, params, *args, **kwargs)  # nosemgrep
      query = 'SELECT `table_name` FROM `information_schema`.`tables` WHERE `table_schema`=%(param1)s'
      args = ()
      kwargs = {'pluck': True}
      dt = None
      fields = []
      child_queries = "_child_queries"
      params = {'param1': '_2c0861da27548010'}
  File "apps/frappe/frappe/database/database.py", line 249, in sql
    self.connect()
      self = frappe.database.mariadb.mysqlclient.MariaDBDatabase(after_commit=frappe.utils.CallbackManager(-), after_rollback=frappe.utils.CallbackManager(-), auto_commit_on_many_writes=0, before_commit=frappe.utils.CallbackManager(-), before_rollback=frappe.utils.CallbackManager(-), cur_db_name='_2c0861da27548010', db_type='mariadb', host='127.0.0.1', logger=<Logger database-project1 (WARNING)>, password='hDO55ejkgO4waVz0', port=3306, socket=None, transaction_writes=0, type_map={'Currency': ('decimal', '21,9'), 'Int': ('int', '11'), 'Long Int': ('bigint', '20'), 'Float': ('decimal', '21,9'), 'Percent': ('decimal', '21,9'), 'Check': ('tinyint', '4'), 'Small Text': ('text', ''), 'Long Text': ('longtext...'), 'Color': ('varchar', 140), 'Barcode': ('longtext', ''), 'Geolocation': ('longtext', ''), 'Duration': ('decimal', '21,9'), 'Icon': ('varchar', 140), 'Phone': ('varchar', 140), 'Autocomplete': ('varchar', 140), 'JSON': ('json', '')}, user='_2c0861da27548010', value_cache=collections.defaultdict{})
      query = 'SELECT `table_name` FROM `information_schema`.`tables` WHERE `table_schema`=%(param1)s'
      values = {'param1': '_2c0861da27548010'}
      as_dict = 0
      as_list = 0
      debug = False
      ignore_ddl = 0
      auto_commit = 0
      update = None
      explain = False
      run = True
      pluck = True
      as_iterator = False
      query_type = 'select'
  File "apps/frappe/frappe/database/database.py", line 147, in connect
    self.get_connection()
      self = frappe.database.mariadb.mysqlclient.MariaDBDatabase(after_commit=frappe.utils.CallbackManager(-), after_rollback=frappe.utils.CallbackManager(-), auto_commit_on_many_writes=0, before_commit=frappe.utils.CallbackManager(-), before_rollback=frappe.utils.CallbackManager(-), cur_db_name='_2c0861da27548010', db_type='mariadb', host='127.0.0.1', logger=<Logger database-project1 (WARNING)>, password='hDO55ejkgO4waVz0', port=3306, socket=None, transaction_writes=0, type_map={'Currency': ('decimal', '21,9'), 'Int': ('int', '11'), 'Long Int': ('bigint', '20'), 'Float': ('decimal', '21,9'), 'Percent': ('decimal', '21,9'), 'Check': ('tinyint', '4'), 'Small Text': ('text', ''), 'Long Text': ('longtext...'), 'Color': ('varchar', 140), 'Barcode': ('longtext', ''), 'Geolocation': ('longtext', ''), 'Duration': ('decimal', '21,9'), 'Icon': ('varchar', 140), 'Phone': ('varchar', 140), 'Autocomplete': ('varchar', 140), 'JSON': ('json', '')}, user='_2c0861da27548010', value_cache=collections.defaultdict{})
  File "apps/frappe/frappe/database/mariadb/mysqlclient.py", line 113, in get_connection
    conn = self._get_connection()
      self = frappe.database.mariadb.mysqlclient.MariaDBDatabase(after_commit=frappe.utils.CallbackManager(-), after_rollback=frappe.utils.CallbackManager(-), auto_commit_on_many_writes=0, before_commit=frappe.utils.CallbackManager(-), before_rollback=frappe.utils.CallbackManager(-), cur_db_name='_2c0861da27548010', db_type='mariadb', host='127.0.0.1', logger=<Logger database-project1 (WARNING)>, password='hDO55ejkgO4waVz0', port=3306, socket=None, transaction_writes=0, type_map={'Currency': ('decimal', '21,9'), 'Int': ('int', '11'), 'Long Int': ('bigint', '20'), 'Float': ('decimal', '21,9'), 'Percent': ('decimal', '21,9'), 'Check': ('tinyint', '4'), 'Small Text': ('text', ''), 'Long Text': ('longtext...'), 'Color': ('varchar', 140), 'Barcode': ('longtext', ''), 'Geolocation': ('longtext', ''), 'Duration': ('decimal', '21,9'), 'Icon': ('varchar', 140), 'Phone': ('varchar', 140), 'Autocomplete': ('varchar', 140), 'JSON': ('json', '')}, user='_2c0861da27548010', value_cache=collections.defaultdict{})
  File "apps/frappe/frappe/database/mariadb/mysqlclient.py", line 118, in _get_connection
    return self.create_connection()
      self = frappe.database.mariadb.mysqlclient.MariaDBDatabase(after_commit=frappe.utils.CallbackManager(-), after_rollback=frappe.utils.CallbackManager(-), auto_commit_on_many_writes=0, before_commit=frappe.utils.CallbackManager(-), before_rollback=frappe.utils.CallbackManager(-), cur_db_name='_2c0861da27548010', db_type='mariadb', host='127.0.0.1', logger=<Logger database-project1 (WARNING)>, password='hDO55ejkgO4waVz0', port=3306, socket=None, transaction_writes=0, type_map={'Currency': ('decimal', '21,9'), 'Int': ('int', '11'), 'Long Int': ('bigint', '20'), 'Float': ('decimal', '21,9'), 'Percent': ('decimal', '21,9'), 'Check': ('tinyint', '4'), 'Small Text': ('text', ''), 'Long Text': ('longtext...'), 'Color': ('varchar', 140), 'Barcode': ('longtext', ''), 'Geolocation': ('longtext', ''), 'Duration': ('decimal', '21,9'), 'Icon': ('varchar', 140), 'Phone': ('varchar', 140), 'Autocomplete': ('varchar', 140), 'JSON': ('json', '')}, user='_2c0861da27548010', value_cache=collections.defaultdict{})
  File "apps/frappe/frappe/database/mariadb/mysqlclient.py", line 121, in create_connection
    return MySQLdb.connect(**self.get_connection_settings())
      self = frappe.database.mariadb.mysqlclient.MariaDBDatabase(after_commit=frappe.utils.CallbackManager(-), after_rollback=frappe.utils.CallbackManager(-), auto_commit_on_many_writes=0, before_commit=frappe.utils.CallbackManager(-), before_rollback=frappe.utils.CallbackManager(-), cur_db_name='_2c0861da27548010', db_type='mariadb', host='127.0.0.1', logger=<Logger database-project1 (WARNING)>, password='hDO55ejkgO4waVz0', port=3306, socket=None, transaction_writes=0, type_map={'Currency': ('decimal', '21,9'), 'Int': ('int', '11'), 'Long Int': ('bigint', '20'), 'Float': ('decimal', '21,9'), 'Percent': ('decimal', '21,9'), 'Check': ('tinyint', '4'), 'Small Text': ('text', ''), 'Long Text': ('longtext...'), 'Color': ('varchar', 140), 'Barcode': ('longtext', ''), 'Geolocation': ('longtext', ''), 'Duration': ('decimal', '21,9'), 'Icon': ('varchar', 140), 'Phone': ('varchar', 140), 'Autocomplete': ('varchar', 140), 'JSON': ('json', '')}, user='_2c0861da27548010', value_cache=collections.defaultdict{})
  File "env/lib/python3.14/site-packages/MySQLdb/__init__.py", line 121, in Connect
    return Connection(*args, **kwargs)
      args = ()
      kwargs = {'user': '_2c0861da27548010', 'conv': {<class 'int'>: <function Thing2Str at 0x789e0937cbf0>, <class 'float'>: <function Float2Str at 0x789e0937cca0>, <class 'NoneType'>: <function None2NULL at 0x789e0937cd50>, <class 'array.array'>: <function array2Str at 0x789e0937cf60>, <class 'bool'>: <function Bool2Str at 0x789e0937c9e0>, <class 'datetime.date'>: <function Thing2Literal at 0x789e0937ce00>, <class 'datetime.datetime'>: <function DateTime2literal at 0x789e0937c510>, <class 'datetime.timedelta'>: <function escape_timedelta at 0x789e0937eda0>, <class 'set'>: <function Set2Str at 0x789e0937cb40>, <class 'decimal.Decimal'>: <function Decimal2Literal at 0x789e0937ceb0>, 1: <class 'int'>, 2: <c...t'>: <function escape_dict at 0x789e0937ee50>, <class 'frozenset'>: <function escape_frozenset at 0x789e0933b8a0>}, 'charset': 'utf8mb4', 'use_unicode': True, 'local_infile': False, 'multi_statements': False, 'database': '_2c0861da27548010', 'host': '127.0.0.1', 'port': 3306, 'password': '********'}
      Connection = MySQLdb.connections.Connection
  File "env/lib/python3.14/site-packages/MySQLdb/connections.py", line 200, in __init__
    super().__init__(*args, **kwargs2)
      self = <_mysql.connection open to '(null)' at 0x86e8c50>
      args = ()
      kwargs = {'user': '_2c0861da27548010', 'conv': {<class 'int'>: <function Thing2Str at 0x789e0937cbf0>, <class 'float'>: <function Float2Str at 0x789e0937cca0>, <class 'NoneType'>: <function None2NULL at 0x789e0937cd50>, <class 'array.array'>: <function array2Str at 0x789e0937cf60>, <class 'bool'>: <function Bool2Str at 0x789e0937c9e0>, <class 'datetime.date'>: <function Thing2Literal at 0x789e0937ce00>, <class 'datetime.datetime'>: <function DateTime2literal at 0x789e0937c510>, <class 'datetime.timedelta'>: <function escape_timedelta at 0x789e0937eda0>, <class 'set'>: <function Set2Str at 0x789e0937cb40>, <class 'decimal.Decimal'>: <function Decimal2Literal at 0x789e0937ceb0>, 1: <class 'int'>, 2: <c...t'>: <function escape_dict at 0x789e0937ee50>, <class 'frozenset'>: <function escape_frozenset at 0x789e0933b8a0>}, 'charset': 'utf8mb4', 'use_unicode': True, 'local_infile': False, 'multi_statements': False, 'database': '_2c0861da27548010', 'host': '127.0.0.1', 'port': 3306, 'password': '********'}
      CLIENT = <module 'MySQLdb.constants.CLIENT' from 'env/lib/python3.14/site-packages/MySQLdb/constants/CLIENT.py'>
      FIELD_TYPE = <module 'MySQLdb.constants.FIELD_TYPE' from 'env/lib/python3.14/site-packages/MySQLdb/constants/FIELD_TYPE.py'>
      conversions = {<class 'int'>: <function Thing2Str at 0x789e0937cbf0>, <class 'float'>: <function Float2Str at 0x789e0937cca0>, <class 'NoneType'>: <function None2NULL at 0x789e0937cd50>, <class 'array.array'>: <function array2Str at 0x789e0937cf60>, <class 'bool'>: <function Bool2Str at 0x789e0937c9e0>, <class 'datetime.date'>: <function Thing2Literal at 0x789e0937ce00>, <class 'datetime.datetime'>: <function DateTime2literal at 0x789e0937c510>, <class 'datetime.timedelta'>: <function DateTimeDelta2literal at 0x789e0937c5c0>, <class 'set'>: <function Set2Str at 0x789e0937cb40>, <class 'decimal.Decimal'>: <function Decimal2Literal at 0x789e0937ceb0>, 1: <class 'int'>, 2: <class 'int'>, 3: <class 'int'>, 4:...r_None at 0x789e0937c250>, 11: <function TimeDelta_or_None at 0x789e0937c300>, 10: <function Date_or_None at 0x789e0937c460>, 249: <class 'bytes'>, 250: <class 'bytes'>, 251: <class 'bytes'>, 252: <class 'bytes'>, 254: <class 'bytes'>, 253: <class 'bytes'>, 15: <class 'bytes'>, 245: <class 'bytes'>}
      _bytes_or_str = ((128, bytes), (None, str))
      kwargs2 = {'user': '_2c0861da27548010', 'conv': {<class 'int'>: <function Thing2Str at 0x789e0937cbf0>, <class 'float'>: <function Float2Str at 0x789e0937cca0>, <class 'NoneType'>: <function None2NULL at 0x789e0937cd50>, <class 'array.array'>: <function array2Str at 0x789e0937cf60>, <class 'bool'>: <function Bool2Str at 0x789e0937c9e0>, <class 'datetime.date'>: <function Thing2Literal at 0x789e0937ce00>, <class 'datetime.datetime'>: <function DateTime2literal at 0x789e0937c510>, <class 'datetime.timedelta'>: <function escape_timedelta at 0x789e0937eda0>, <class 'set'>: <function Set2Str at 0x789e0937cb40>, <class 'decimal.Decimal'>: <function Decimal2Literal at 0x789e0937ceb0>, 1: <class 'int'>, 2: <c...ass 'bytes'>, <class 'dict'>: <function escape_dict at 0x789e0937ee50>, <class 'frozenset'>: <function escape_frozenset at 0x789e0933b8a0>}, 'charset': 'utf8mb4', 'local_infile': False, 'database': '_2c0861da27548010', 'host': '127.0.0.1', 'port': 3306, 'password': '********', 'client_flag': 131072}
      conv = {<class 'int'>: <function Thing2Str at 0x789e0937cbf0>, <class 'float'>: <function Float2Str at 0x789e0937cca0>, <class 'NoneType'>: <function None2NULL at 0x789e0937cd50>, <class 'array.array'>: <function array2Str at 0x789e0937cf60>, <class 'bool'>: <function Bool2Str at 0x789e0937c9e0>, <class 'datetime.date'>: <function Thing2Literal at 0x789e0937ce00>, <class 'datetime.datetime'>: <function DateTime2literal at 0x789e0937c510>, <class 'datetime.timedelta'>: <function escape_timedelta at 0x789e0937eda0>, <class 'set'>: <function Set2Str at 0x789e0937cb40>, <class 'decimal.Decimal'>: <function Decimal2Literal at 0x789e0937ceb0>, 1: <class 'int'>, 2: <class 'int'>, 3: <class 'int'>, 4: <cla...249: <class 'bytes'>, 250: <class 'bytes'>, 251: <class 'bytes'>, 252: <class 'bytes'>, 254: <class 'bytes'>, 253: <class 'bytes'>, 15: <class 'bytes'>, 245: <class 'bytes'>, <class 'dict'>: <function escape_dict at 0x789e0937ee50>, <class 'frozenset'>: <function escape_frozenset at 0x789e0933b8a0>}
      conv2 = {<class 'int'>: <function Thing2Str at 0x789e0937cbf0>, <class 'float'>: <function Float2Str at 0x789e0937cca0>, <class 'NoneType'>: <function None2NULL at 0x789e0937cd50>, <class 'array.array'>: <function array2Str at 0x789e0937cf60>, <class 'bool'>: <function Bool2Str at 0x789e0937c9e0>, <class 'datetime.date'>: <function Thing2Literal at 0x789e0937ce00>, <class 'datetime.datetime'>: <function DateTime2literal at 0x789e0937c510>, <class 'datetime.timedelta'>: <function escape_timedelta at 0x789e0937eda0>, <class 'set'>: <function Set2Str at 0x789e0937cb40>, <class 'decimal.Decimal'>: <function Decimal2Literal at 0x789e0937ceb0>, 1: <class 'int'>, 2: <class 'int'>, 3: <class 'int'>, 4: <cla...249: <class 'bytes'>, 250: <class 'bytes'>, 251: <class 'bytes'>, 252: <class 'bytes'>, 254: <class 'bytes'>, 253: <class 'bytes'>, 15: <class 'bytes'>, 245: <class 'bytes'>, <class 'dict'>: <function escape_dict at 0x789e0937ee50>, <class 'frozenset'>: <function escape_frozenset at 0x789e0933b8a0>}
      k = frozenset
      v = <function escape_frozenset at 0x789e0933b8a0>
      cursorclass = MySQLdb.cursors.Cursor
      charset = 'utf8mb4'
      collation = ''
      use_unicode = True
      sql_mode = ''
      client_flag = 131072
      multi_statements = False
      autocommit = False
      __class__ = MySQLdb.connections.Connection
MySQLdb.OperationalError: (1045, "Access denied for user '_2c0861da27548010'@'localhost' (using password: YES)")
Backup failed for Site site2.local. Database or site_config.json may be corrupted
Traceback with variables (most recent call last):
  File "apps/frappe/frappe/commands/site.py", line 881, in backup
    odb = scheduled_backup(
      context = CliCtxObj(force=False, profile=False, sites=['doctypesite', 'project', 'project1', 'site1.local', 'site2.local'], verbose=True)
      with_files = False
      backup_path = None
      backup_path_db = None
      backup_path_files = None
      backup_path_private_files = None
      backup_path_conf = None
      ignore_backup_conf = False
      verbose = True
      compress = False
      include = ''
      exclude = ''
      old_backup_metadata = False
      scheduled_backup = <function scheduled_backup at 0x789e0a236560>
      exit_code = 1
      rollback_callback = None
      site = 'site2.local'
      odb = frappe.utils.backups.BackupGenerator(backup_excludes=[], backup_includes=[], backup_path=None, backup_path_conf='./project/private/backups/20260727_173004-project-site_config_backup.json', backup_path_db='./project/private/backups/20260727_173004-project-database.sql.gz', backup_path_files='./project/private/backups/20260727_173004-project-files.tar', backup_path_private_files='./project/private/backups/20260727_173004-project-private-files.tar', compress_files=False, db_host='127.0.0.1', db_name='_cc001b8908fd52e2', db_port=3306, db_socket=None, db_type='mariadb', exclude_doctypes='', ignore_conf=False, include_doctypes='', old_backup_metadata=False, partial=[], password='MkfhelKK7676ix1L', rollback_callback=frappe.utils.CallbackManager(-), site_slug='project', todays_date='20260727_173004', user='_cc001b8908fd52e2', verbose=True)
  File "apps/frappe/frappe/utils/backups.py", line 589, in scheduled_backup
    return new_backup(
      older_than = 6
      ignore_files = True
      backup_path = None
      backup_path_db = None
      backup_path_files = None
      backup_path_private_files = None
      backup_path_conf = None
      ignore_conf = False
      include_doctypes = ''
      exclude_doctypes = ''
      compress = False
      force = True
      verbose = True
      old_backup_metadata = False
      rollback_callback = frappe.utils.CallbackManager()
  File "apps/frappe/frappe/utils/backups.py", line 626, in new_backup
    odb = BackupGenerator(
      older_than = 6
      ignore_files = True
      backup_path = None
      backup_path_db = None
      backup_path_files = None
      backup_path_private_files = None
      backup_path_conf = None
      ignore_conf = False
      include_doctypes = ''
      exclude_doctypes = ''
      compress = False
      force = True
      verbose = True
      old_backup_metadata = False
      rollback_callback = frappe.utils.CallbackManager()
  File "apps/frappe/frappe/utils/backups.py", line 89, in __init__
    self.setup_backup_tables()
      self = frappe.utils.backups.BackupGenerator(backup_path=None, backup_path_conf=None, backup_path_db=None, backup_path_files=None, backup_path_private_files=None, compress_files=False, db_host='127.0.0.1', db_name='_2c0861da27548010', db_port=3306, db_socket=None, db_type='mariadb', exclude_doctypes='', ignore_conf=False, include_doctypes='', old_backup_metadata=False, partial=False, password='hDO55ejkgO4waVz0', rollback_callback=frappe.utils.CallbackManager(-), site_slug='project1', user='_2c0861da27548010', verbose=True)
      db_name = '_2c0861da27548010'
      user = '_2c0861da27548010'
      password = ********
      backup_path = None
      backup_path_db = None
      backup_path_files = None
      backup_path_private_files = None
      db_socket = None
      db_host = '127.0.0.1'
      db_port = 3306
      db_type = 'mariadb'
      backup_path_conf = None
      ignore_conf = False
      compress_files = False
      include_doctypes = ''
      exclude_doctypes = ''
      verbose = True
      old_backup_metadata = False
      rollback_callback = frappe.utils.CallbackManager()
      site = 'project1'
  File "apps/frappe/frappe/utils/backups.py", line 126, in setup_backup_tables
    self._set_existing_tables()
      self = frappe.utils.backups.BackupGenerator(backup_path=None, backup_path_conf=None, backup_path_db=None, backup_path_files=None, backup_path_private_files=None, compress_files=False, db_host='127.0.0.1', db_name='_2c0861da27548010', db_port=3306, db_socket=None, db_type='mariadb', exclude_doctypes='', ignore_conf=False, include_doctypes='', old_backup_metadata=False, partial=False, password='hDO55ejkgO4waVz0', rollback_callback=frappe.utils.CallbackManager(-), site_slug='project1', user='_2c0861da27548010', verbose=True)
  File "apps/frappe/frappe/utils/backups.py", line 122, in _set_existing_tables
    self._existing_tables = frappe.db.get_tables()
      self = frappe.utils.backups.BackupGenerator(backup_path=None, backup_path_conf=None, backup_path_db=None, backup_path_files=None, backup_path_private_files=None, compress_files=False, db_host='127.0.0.1', db_name='_2c0861da27548010', db_port=3306, db_socket=None, db_type='mariadb', exclude_doctypes='', ignore_conf=False, include_doctypes='', old_backup_metadata=False, partial=False, password='hDO55ejkgO4waVz0', rollback_callback=frappe.utils.CallbackManager(-), site_slug='project1', user='_2c0861da27548010', verbose=True)
  File "apps/frappe/frappe/database/mariadb/mysqlclient.py", line 522, in get_tables
    .run(pluck=True)
      self = frappe.database.mariadb.mysqlclient.MariaDBDatabase(after_commit=frappe.utils.CallbackManager(-), after_rollback=frappe.utils.CallbackManager(-), auto_commit_on_many_writes=0, before_commit=frappe.utils.CallbackManager(-), before_rollback=frappe.utils.CallbackManager(-), cur_db_name='_2c0861da27548010', db_type='mariadb', host='127.0.0.1', logger=<Logger database-project1 (WARNING)>, password='hDO55ejkgO4waVz0', port=3306, socket=None, transaction_writes=0, type_map={'Currency': ('decimal', '21,9'), 'Int': ('int', '11'), 'Long Int': ('bigint', '20'), 'Float': ('decimal', '21,9'), 'Percent': ('decimal', '21,9'), 'Check': ('tinyint', '4'), 'Small Text': ('text', ''), 'Long Text': ('longtext...'), 'Color': ('varchar', 140), 'Barcode': ('longtext', ''), 'Geolocation': ('longtext', ''), 'Duration': ('decimal', '21,9'), 'Icon': ('varchar', 140), 'Phone': ('varchar', 140), 'Autocomplete': ('varchar', 140), 'JSON': ('json', '')}, user='_2c0861da27548010', value_cache=collections.defaultdict{})
      cached = True
      to_query = True
      tables = None
      information_schema = pypika.queries.Schema()
  File "apps/frappe/frappe/query_builder/utils.py", line 131, in execute_query
    result = frappe.local.db.sql(query, params, *args, **kwargs)  # nosemgrep
      query = 'SELECT `table_name` FROM `information_schema`.`tables` WHERE `table_schema`=%(param1)s'
      args = ()
      kwargs = {'pluck': True}
      dt = None
      fields = []
      child_queries = "_child_queries"
      params = {'param1': '_2c0861da27548010'}
  File "apps/frappe/frappe/database/database.py", line 249, in sql
    self.connect()
      self = frappe.database.mariadb.mysqlclient.MariaDBDatabase(after_commit=frappe.utils.CallbackManager(-), after_rollback=frappe.utils.CallbackManager(-), auto_commit_on_many_writes=0, before_commit=frappe.utils.CallbackManager(-), before_rollback=frappe.utils.CallbackManager(-), cur_db_name='_2c0861da27548010', db_type='mariadb', host='127.0.0.1', logger=<Logger database-project1 (WARNING)>, password='hDO55ejkgO4waVz0', port=3306, socket=None, transaction_writes=0, type_map={'Currency': ('decimal', '21,9'), 'Int': ('int', '11'), 'Long Int': ('bigint', '20'), 'Float': ('decimal', '21,9'), 'Percent': ('decimal', '21,9'), 'Check': ('tinyint', '4'), 'Small Text': ('text', ''), 'Long Text': ('longtext...'), 'Color': ('varchar', 140), 'Barcode': ('longtext', ''), 'Geolocation': ('longtext', ''), 'Duration': ('decimal', '21,9'), 'Icon': ('varchar', 140), 'Phone': ('varchar', 140), 'Autocomplete': ('varchar', 140), 'JSON': ('json', '')}, user='_2c0861da27548010', value_cache=collections.defaultdict{})
      query = 'SELECT `table_name` FROM `information_schema`.`tables` WHERE `table_schema`=%(param1)s'
      values = {'param1': '_2c0861da27548010'}
      as_dict = 0
      as_list = 0
      debug = False
      ignore_ddl = 0
      auto_commit = 0
      update = None
      explain = False
      run = True
      pluck = True
      as_iterator = False
      query_type = 'select'
  File "apps/frappe/frappe/database/database.py", line 147, in connect
    self.get_connection()
      self = frappe.database.mariadb.mysqlclient.MariaDBDatabase(after_commit=frappe.utils.CallbackManager(-), after_rollback=frappe.utils.CallbackManager(-), auto_commit_on_many_writes=0, before_commit=frappe.utils.CallbackManager(-), before_rollback=frappe.utils.CallbackManager(-), cur_db_name='_2c0861da27548010', db_type='mariadb', host='127.0.0.1', logger=<Logger database-project1 (WARNING)>, password='hDO55ejkgO4waVz0', port=3306, socket=None, transaction_writes=0, type_map={'Currency': ('decimal', '21,9'), 'Int': ('int', '11'), 'Long Int': ('bigint', '20'), 'Float': ('decimal', '21,9'), 'Percent': ('decimal', '21,9'), 'Check': ('tinyint', '4'), 'Small Text': ('text', ''), 'Long Text': ('longtext...'), 'Color': ('varchar', 140), 'Barcode': ('longtext', ''), 'Geolocation': ('longtext', ''), 'Duration': ('decimal', '21,9'), 'Icon': ('varchar', 140), 'Phone': ('varchar', 140), 'Autocomplete': ('varchar', 140), 'JSON': ('json', '')}, user='_2c0861da27548010', value_cache=collections.defaultdict{})
  File "apps/frappe/frappe/database/mariadb/mysqlclient.py", line 113, in get_connection
    conn = self._get_connection()
      self = frappe.database.mariadb.mysqlclient.MariaDBDatabase(after_commit=frappe.utils.CallbackManager(-), after_rollback=frappe.utils.CallbackManager(-), auto_commit_on_many_writes=0, before_commit=frappe.utils.CallbackManager(-), before_rollback=frappe.utils.CallbackManager(-), cur_db_name='_2c0861da27548010', db_type='mariadb', host='127.0.0.1', logger=<Logger database-project1 (WARNING)>, password='hDO55ejkgO4waVz0', port=3306, socket=None, transaction_writes=0, type_map={'Currency': ('decimal', '21,9'), 'Int': ('int', '11'), 'Long Int': ('bigint', '20'), 'Float': ('decimal', '21,9'), 'Percent': ('decimal', '21,9'), 'Check': ('tinyint', '4'), 'Small Text': ('text', ''), 'Long Text': ('longtext...'), 'Color': ('varchar', 140), 'Barcode': ('longtext', ''), 'Geolocation': ('longtext', ''), 'Duration': ('decimal', '21,9'), 'Icon': ('varchar', 140), 'Phone': ('varchar', 140), 'Autocomplete': ('varchar', 140), 'JSON': ('json', '')}, user='_2c0861da27548010', value_cache=collections.defaultdict{})
  File "apps/frappe/frappe/database/mariadb/mysqlclient.py", line 118, in _get_connection
    return self.create_connection()
      self = frappe.database.mariadb.mysqlclient.MariaDBDatabase(after_commit=frappe.utils.CallbackManager(-), after_rollback=frappe.utils.CallbackManager(-), auto_commit_on_many_writes=0, before_commit=frappe.utils.CallbackManager(-), before_rollback=frappe.utils.CallbackManager(-), cur_db_name='_2c0861da27548010', db_type='mariadb', host='127.0.0.1', logger=<Logger database-project1 (WARNING)>, password='hDO55ejkgO4waVz0', port=3306, socket=None, transaction_writes=0, type_map={'Currency': ('decimal', '21,9'), 'Int': ('int', '11'), 'Long Int': ('bigint', '20'), 'Float': ('decimal', '21,9'), 'Percent': ('decimal', '21,9'), 'Check': ('tinyint', '4'), 'Small Text': ('text', ''), 'Long Text': ('longtext...'), 'Color': ('varchar', 140), 'Barcode': ('longtext', ''), 'Geolocation': ('longtext', ''), 'Duration': ('decimal', '21,9'), 'Icon': ('varchar', 140), 'Phone': ('varchar', 140), 'Autocomplete': ('varchar', 140), 'JSON': ('json', '')}, user='_2c0861da27548010', value_cache=collections.defaultdict{})
  File "apps/frappe/frappe/database/mariadb/mysqlclient.py", line 121, in create_connection
    return MySQLdb.connect(**self.get_connection_settings())
      self = frappe.database.mariadb.mysqlclient.MariaDBDatabase(after_commit=frappe.utils.CallbackManager(-), after_rollback=frappe.utils.CallbackManager(-), auto_commit_on_many_writes=0, before_commit=frappe.utils.CallbackManager(-), before_rollback=frappe.utils.CallbackManager(-), cur_db_name='_2c0861da27548010', db_type='mariadb', host='127.0.0.1', logger=<Logger database-project1 (WARNING)>, password='hDO55ejkgO4waVz0', port=3306, socket=None, transaction_writes=0, type_map={'Currency': ('decimal', '21,9'), 'Int': ('int', '11'), 'Long Int': ('bigint', '20'), 'Float': ('decimal', '21,9'), 'Percent': ('decimal', '21,9'), 'Check': ('tinyint', '4'), 'Small Text': ('text', ''), 'Long Text': ('longtext...'), 'Color': ('varchar', 140), 'Barcode': ('longtext', ''), 'Geolocation': ('longtext', ''), 'Duration': ('decimal', '21,9'), 'Icon': ('varchar', 140), 'Phone': ('varchar', 140), 'Autocomplete': ('varchar', 140), 'JSON': ('json', '')}, user='_2c0861da27548010', value_cache=collections.defaultdict{})
  File "env/lib/python3.14/site-packages/MySQLdb/__init__.py", line 121, in Connect
    return Connection(*args, **kwargs)
      args = ()
      kwargs = {'user': '_2c0861da27548010', 'conv': {<class 'int'>: <function Thing2Str at 0x789e0937cbf0>, <class 'float'>: <function Float2Str at 0x789e0937cca0>, <class 'NoneType'>: <function None2NULL at 0x789e0937cd50>, <class 'array.array'>: <function array2Str at 0x789e0937cf60>, <class 'bool'>: <function Bool2Str at 0x789e0937c9e0>, <class 'datetime.date'>: <function Thing2Literal at 0x789e0937ce00>, <class 'datetime.datetime'>: <function DateTime2literal at 0x789e0937c510>, <class 'datetime.timedelta'>: <function escape_timedelta at 0x789e0937eda0>, <class 'set'>: <function Set2Str at 0x789e0937cb40>, <class 'decimal.Decimal'>: <function Decimal2Literal at 0x789e0937ceb0>, 1: <class 'int'>, 2: <c...t'>: <function escape_dict at 0x789e0937ee50>, <class 'frozenset'>: <function escape_frozenset at 0x789e0933b8a0>}, 'charset': 'utf8mb4', 'use_unicode': True, 'local_infile': False, 'multi_statements': False, 'database': '_2c0861da27548010', 'host': '127.0.0.1', 'port': 3306, 'password': '********'}
      Connection = MySQLdb.connections.Connection
  File "env/lib/python3.14/site-packages/MySQLdb/connections.py", line 200, in __init__
    super().__init__(*args, **kwargs2)
      self = <_mysql.connection open to '(null)' at 0x86e8c50>
      args = ()
      kwargs = {'user': '_2c0861da27548010', 'conv': {<class 'int'>: <function Thing2Str at 0x789e0937cbf0>, <class 'float'>: <function Float2Str at 0x789e0937cca0>, <class 'NoneType'>: <function None2NULL at 0x789e0937cd50>, <class 'array.array'>: <function array2Str at 0x789e0937cf60>, <class 'bool'>: <function Bool2Str at 0x789e0937c9e0>, <class 'datetime.date'>: <function Thing2Literal at 0x789e0937ce00>, <class 'datetime.datetime'>: <function DateTime2literal at 0x789e0937c510>, <class 'datetime.timedelta'>: <function escape_timedelta at 0x789e0937eda0>, <class 'set'>: <function Set2Str at 0x789e0937cb40>, <class 'decimal.Decimal'>: <function Decimal2Literal at 0x789e0937ceb0>, 1: <class 'int'>, 2: <c...t'>: <function escape_dict at 0x789e0937ee50>, <class 'frozenset'>: <function escape_frozenset at 0x789e0933b8a0>}, 'charset': 'utf8mb4', 'use_unicode': True, 'local_infile': False, 'multi_statements': False, 'database': '_2c0861da27548010', 'host': '127.0.0.1', 'port': 3306, 'password': '********'}
      CLIENT = <module 'MySQLdb.constants.CLIENT' from 'env/lib/python3.14/site-packages/MySQLdb/constants/CLIENT.py'>
      FIELD_TYPE = <module 'MySQLdb.constants.FIELD_TYPE' from 'env/lib/python3.14/site-packages/MySQLdb/constants/FIELD_TYPE.py'>
      conversions = {<class 'int'>: <function Thing2Str at 0x789e0937cbf0>, <class 'float'>: <function Float2Str at 0x789e0937cca0>, <class 'NoneType'>: <function None2NULL at 0x789e0937cd50>, <class 'array.array'>: <function array2Str at 0x789e0937cf60>, <class 'bool'>: <function Bool2Str at 0x789e0937c9e0>, <class 'datetime.date'>: <function Thing2Literal at 0x789e0937ce00>, <class 'datetime.datetime'>: <function DateTime2literal at 0x789e0937c510>, <class 'datetime.timedelta'>: <function DateTimeDelta2literal at 0x789e0937c5c0>, <class 'set'>: <function Set2Str at 0x789e0937cb40>, <class 'decimal.Decimal'>: <function Decimal2Literal at 0x789e0937ceb0>, 1: <class 'int'>, 2: <class 'int'>, 3: <class 'int'>, 4:...r_None at 0x789e0937c250>, 11: <function TimeDelta_or_None at 0x789e0937c300>, 10: <function Date_or_None at 0x789e0937c460>, 249: <class 'bytes'>, 250: <class 'bytes'>, 251: <class 'bytes'>, 252: <class 'bytes'>, 254: <class 'bytes'>, 253: <class 'bytes'>, 15: <class 'bytes'>, 245: <class 'bytes'>}
      _bytes_or_str = ((128, bytes), (None, str))
      kwargs2 = {'user': '_2c0861da27548010', 'conv': {<class 'int'>: <function Thing2Str at 0x789e0937cbf0>, <class 'float'>: <function Float2Str at 0x789e0937cca0>, <class 'NoneType'>: <function None2NULL at 0x789e0937cd50>, <class 'array.array'>: <function array2Str at 0x789e0937cf60>, <class 'bool'>: <function Bool2Str at 0x789e0937c9e0>, <class 'datetime.date'>: <function Thing2Literal at 0x789e0937ce00>, <class 'datetime.datetime'>: <function DateTime2literal at 0x789e0937c510>, <class 'datetime.timedelta'>: <function escape_timedelta at 0x789e0937eda0>, <class 'set'>: <function Set2Str at 0x789e0937cb40>, <class 'decimal.Decimal'>: <function Decimal2Literal at 0x789e0937ceb0>, 1: <class 'int'>, 2: <c...ass 'bytes'>, <class 'dict'>: <function escape_dict at 0x789e0937ee50>, <class 'frozenset'>: <function escape_frozenset at 0x789e0933b8a0>}, 'charset': 'utf8mb4', 'local_infile': False, 'database': '_2c0861da27548010', 'host': '127.0.0.1', 'port': 3306, 'password': '********', 'client_flag': 131072}
      conv = {<class 'int'>: <function Thing2Str at 0x789e0937cbf0>, <class 'float'>: <function Float2Str at 0x789e0937cca0>, <class 'NoneType'>: <function None2NULL at 0x789e0937cd50>, <class 'array.array'>: <function array2Str at 0x789e0937cf60>, <class 'bool'>: <function Bool2Str at 0x789e0937c9e0>, <class 'datetime.date'>: <function Thing2Literal at 0x789e0937ce00>, <class 'datetime.datetime'>: <function DateTime2literal at 0x789e0937c510>, <class 'datetime.timedelta'>: <function escape_timedelta at 0x789e0937eda0>, <class 'set'>: <function Set2Str at 0x789e0937cb40>, <class 'decimal.Decimal'>: <function Decimal2Literal at 0x789e0937ceb0>, 1: <class 'int'>, 2: <class 'int'>, 3: <class 'int'>, 4: <cla...249: <class 'bytes'>, 250: <class 'bytes'>, 251: <class 'bytes'>, 252: <class 'bytes'>, 254: <class 'bytes'>, 253: <class 'bytes'>, 15: <class 'bytes'>, 245: <class 'bytes'>, <class 'dict'>: <function escape_dict at 0x789e0937ee50>, <class 'frozenset'>: <function escape_frozenset at 0x789e0933b8a0>}
      conv2 = {<class 'int'>: <function Thing2Str at 0x789e0937cbf0>, <class 'float'>: <function Float2Str at 0x789e0937cca0>, <class 'NoneType'>: <function None2NULL at 0x789e0937cd50>, <class 'array.array'>: <function array2Str at 0x789e0937cf60>, <class 'bool'>: <function Bool2Str at 0x789e0937c9e0>, <class 'datetime.date'>: <function Thing2Literal at 0x789e0937ce00>, <class 'datetime.datetime'>: <function DateTime2literal at 0x789e0937c510>, <class 'datetime.timedelta'>: <function escape_timedelta at 0x789e0937eda0>, <class 'set'>: <function Set2Str at 0x789e0937cb40>, <class 'decimal.Decimal'>: <function Decimal2Literal at 0x789e0937ceb0>, 1: <class 'int'>, 2: <class 'int'>, 3: <class 'int'>, 4: <cla...249: <class 'bytes'>, 250: <class 'bytes'>, 251: <class 'bytes'>, 252: <class 'bytes'>, 254: <class 'bytes'>, 253: <class 'bytes'>, 15: <class 'bytes'>, 245: <class 'bytes'>, <class 'dict'>: <function escape_dict at 0x789e0937ee50>, <class 'frozenset'>: <function escape_frozenset at 0x789e0933b8a0>}
      k = frozenset
      v = <function escape_frozenset at 0x789e0933b8a0>
      cursorclass = MySQLdb.cursors.Cursor
      charset = 'utf8mb4'
      collation = ''
      use_unicode = True
      sql_mode = ''
      client_flag = 131072
      multi_statements = False
      autocommit = False
      __class__ = MySQLdb.connections.Connection
MySQLdb.OperationalError: (1045, "Access denied for user '_2c0861da27548010'@'localhost' (using password: YES)")
set -o pipefail; /usr/bin/mariadb-dump --user=_0e0e8f4505c3c9e6 --host=127.0.0.1 --port=3306 --password=********** --single-transaction --quick --lock-tables=false _0e0e8f4505c3c9e6 | /usr/bin/gzip >> ./doctypesite/private/backups/20260728_113003-doctypesite-database.sql.gz

Backup Summary for doctypesite at 2026-07-28 11:30:04.568486
Config  : /home/sanjayh/frappe16-bench/sites/doctypesite/private/backups/20260728_113003-doctypesite-site_config_backup.json 246.0B
Database: /home/sanjayh/frappe16-bench/sites/doctypesite/private/backups/20260728_113003-doctypesite-database.sql.gz 423.7KiB
Backup for Site doctypesite has been successfully completed
File ./project/private/backups/20260727_173004-project-database.sql.gz is recent
File ./project/private/backups/20260727_173004-project-site_config_backup.json is recent
set -o pipefail; /usr/bin/mariadb-dump --user=_cc001b8908fd52e2 --host=127.0.0.1 --port=3306 --password=********** --single-transaction --quick --lock-tables=false _cc001b8908fd52e2 | /usr/bin/gzip >> ./project/private/backups/20260728_113004-project-database.sql.gz

Backup Summary for project at 2026-07-28 11:30:05.193884
Config  : /home/sanjayh/frappe16-bench/sites/project/private/backups/20260728_113004-project-site_config_backup.json 187.0B
Database: /home/sanjayh/frappe16-bench/sites/project/private/backups/20260728_113004-project-database.sql.gz 286.2KiB
Backup for Site project has been successfully completed
Backup failed for Site project1. Database or site_config.json may be corrupted
Traceback with variables (most recent call last):
  File "apps/frappe/frappe/commands/site.py", line 881, in backup
    odb = scheduled_backup(
      context = CliCtxObj(force=False, profile=False, sites=['doctypesite', 'project', 'project1', 'site1.local', 'site2.local'], verbose=True)
      with_files = False
      backup_path = None
      backup_path_db = None
      backup_path_files = None
      backup_path_private_files = None
      backup_path_conf = None
      ignore_backup_conf = False
      verbose = True
      compress = False
      include = ''
      exclude = ''
      old_backup_metadata = False
      scheduled_backup = <function scheduled_backup at 0x78b6ec0e2560>
      exit_code = 0
      rollback_callback = None
      site = 'project1'
      odb = frappe.utils.backups.BackupGenerator(backup_excludes=[], backup_includes=[], backup_path=None, backup_path_conf='./project/private/backups/20260728_113004-project-site_config_backup.json', backup_path_db='./project/private/backups/20260728_113004-project-database.sql.gz', backup_path_files='./project/private/backups/20260728_113004-project-files.tar', backup_path_private_files='./project/private/backups/20260728_113004-project-private-files.tar', compress_files=False, db_host='127.0.0.1', db_name='_cc001b8908fd52e2', db_port=3306, db_socket=None, db_type='mariadb', exclude_doctypes='', ignore_conf=False, include_doctypes='', old_backup_metadata=False, partial=[], password='MkfhelKK7676ix1L', rollback_callback=frappe.utils.CallbackManager(-), site_slug='project', todays_date='20260728_113004', user='_cc001b8908fd52e2', verbose=True)
  File "apps/frappe/frappe/utils/backups.py", line 589, in scheduled_backup
    return new_backup(
      older_than = 6
      ignore_files = True
      backup_path = None
      backup_path_db = None
      backup_path_files = None
      backup_path_private_files = None
      backup_path_conf = None
      ignore_conf = False
      include_doctypes = ''
      exclude_doctypes = ''
      compress = False
      force = True
      verbose = True
      old_backup_metadata = False
      rollback_callback = frappe.utils.CallbackManager()
  File "apps/frappe/frappe/utils/backups.py", line 626, in new_backup
    odb = BackupGenerator(
      older_than = 6
      ignore_files = True
      backup_path = None
      backup_path_db = None
      backup_path_files = None
      backup_path_private_files = None
      backup_path_conf = None
      ignore_conf = False
      include_doctypes = ''
      exclude_doctypes = ''
      compress = False
      force = True
      verbose = True
      old_backup_metadata = False
      rollback_callback = frappe.utils.CallbackManager()
  File "apps/frappe/frappe/utils/backups.py", line 89, in __init__
    self.setup_backup_tables()
      self = frappe.utils.backups.BackupGenerator(backup_path=None, backup_path_conf=None, backup_path_db=None, backup_path_files=None, backup_path_private_files=None, compress_files=False, db_host='127.0.0.1', db_name='_2c0861da27548010', db_port=3306, db_socket=None, db_type='mariadb', exclude_doctypes='', ignore_conf=False, include_doctypes='', old_backup_metadata=False, partial=False, password='hDO55ejkgO4waVz0', rollback_callback=frappe.utils.CallbackManager(-), site_slug='project1', user='_2c0861da27548010', verbose=True)
      db_name = '_2c0861da27548010'
      user = '_2c0861da27548010'
      password = ********
      backup_path = None
      backup_path_db = None
      backup_path_files = None
      backup_path_private_files = None
      db_socket = None
      db_host = '127.0.0.1'
      db_port = 3306
      db_type = 'mariadb'
      backup_path_conf = None
      ignore_conf = False
      compress_files = False
      include_doctypes = ''
      exclude_doctypes = ''
      verbose = True
      old_backup_metadata = False
      rollback_callback = frappe.utils.CallbackManager()
      site = 'project1'
  File "apps/frappe/frappe/utils/backups.py", line 126, in setup_backup_tables
    self._set_existing_tables()
      self = frappe.utils.backups.BackupGenerator(backup_path=None, backup_path_conf=None, backup_path_db=None, backup_path_files=None, backup_path_private_files=None, compress_files=False, db_host='127.0.0.1', db_name='_2c0861da27548010', db_port=3306, db_socket=None, db_type='mariadb', exclude_doctypes='', ignore_conf=False, include_doctypes='', old_backup_metadata=False, partial=False, password='hDO55ejkgO4waVz0', rollback_callback=frappe.utils.CallbackManager(-), site_slug='project1', user='_2c0861da27548010', verbose=True)
  File "apps/frappe/frappe/utils/backups.py", line 122, in _set_existing_tables
    self._existing_tables = frappe.db.get_tables()
      self = frappe.utils.backups.BackupGenerator(backup_path=None, backup_path_conf=None, backup_path_db=None, backup_path_files=None, backup_path_private_files=None, compress_files=False, db_host='127.0.0.1', db_name='_2c0861da27548010', db_port=3306, db_socket=None, db_type='mariadb', exclude_doctypes='', ignore_conf=False, include_doctypes='', old_backup_metadata=False, partial=False, password='hDO55ejkgO4waVz0', rollback_callback=frappe.utils.CallbackManager(-), site_slug='project1', user='_2c0861da27548010', verbose=True)
  File "apps/frappe/frappe/database/mariadb/mysqlclient.py", line 522, in get_tables
    .run(pluck=True)
      self = frappe.database.mariadb.mysqlclient.MariaDBDatabase(after_commit=frappe.utils.CallbackManager(-), after_rollback=frappe.utils.CallbackManager(-), auto_commit_on_many_writes=0, before_commit=frappe.utils.CallbackManager(-), before_rollback=frappe.utils.CallbackManager(-), cur_db_name='_2c0861da27548010', db_type='mariadb', host='127.0.0.1', logger=<Logger database-project1 (WARNING)>, password='hDO55ejkgO4waVz0', port=3306, socket=None, transaction_writes=0, type_map={'Currency': ('decimal', '21,9'), 'Int': ('int', '11'), 'Long Int': ('bigint', '20'), 'Float': ('decimal', '21,9'), 'Percent': ('decimal', '21,9'), 'Check': ('tinyint', '4'), 'Small Text': ('text', ''), 'Long Text': ('longtext...'), 'Color': ('varchar', 140), 'Barcode': ('longtext', ''), 'Geolocation': ('longtext', ''), 'Duration': ('decimal', '21,9'), 'Icon': ('varchar', 140), 'Phone': ('varchar', 140), 'Autocomplete': ('varchar', 140), 'JSON': ('json', '')}, user='_2c0861da27548010', value_cache=collections.defaultdict{})
      cached = True
      to_query = True
      tables = None
      information_schema = pypika.queries.Schema()
  File "apps/frappe/frappe/query_builder/utils.py", line 131, in execute_query
    result = frappe.local.db.sql(query, params, *args, **kwargs)  # nosemgrep
      query = 'SELECT `table_name` FROM `information_schema`.`tables` WHERE `table_schema`=%(param1)s'
      args = ()
      kwargs = {'pluck': True}
      dt = None
      fields = []
      child_queries = "_child_queries"
      params = {'param1': '_2c0861da27548010'}
  File "apps/frappe/frappe/database/database.py", line 249, in sql
    self.connect()
      self = frappe.database.mariadb.mysqlclient.MariaDBDatabase(after_commit=frappe.utils.CallbackManager(-), after_rollback=frappe.utils.CallbackManager(-), auto_commit_on_many_writes=0, before_commit=frappe.utils.CallbackManager(-), before_rollback=frappe.utils.CallbackManager(-), cur_db_name='_2c0861da27548010', db_type='mariadb', host='127.0.0.1', logger=<Logger database-project1 (WARNING)>, password='hDO55ejkgO4waVz0', port=3306, socket=None, transaction_writes=0, type_map={'Currency': ('decimal', '21,9'), 'Int': ('int', '11'), 'Long Int': ('bigint', '20'), 'Float': ('decimal', '21,9'), 'Percent': ('decimal', '21,9'), 'Check': ('tinyint', '4'), 'Small Text': ('text', ''), 'Long Text': ('longtext...'), 'Color': ('varchar', 140), 'Barcode': ('longtext', ''), 'Geolocation': ('longtext', ''), 'Duration': ('decimal', '21,9'), 'Icon': ('varchar', 140), 'Phone': ('varchar', 140), 'Autocomplete': ('varchar', 140), 'JSON': ('json', '')}, user='_2c0861da27548010', value_cache=collections.defaultdict{})
      query = 'SELECT `table_name` FROM `information_schema`.`tables` WHERE `table_schema`=%(param1)s'
      values = {'param1': '_2c0861da27548010'}
      as_dict = 0
      as_list = 0
      debug = False
      ignore_ddl = 0
      auto_commit = 0
      update = None
      explain = False
      run = True
      pluck = True
      as_iterator = False
      query_type = 'select'
  File "apps/frappe/frappe/database/database.py", line 147, in connect
    self.get_connection()
      self = frappe.database.mariadb.mysqlclient.MariaDBDatabase(after_commit=frappe.utils.CallbackManager(-), after_rollback=frappe.utils.CallbackManager(-), auto_commit_on_many_writes=0, before_commit=frappe.utils.CallbackManager(-), before_rollback=frappe.utils.CallbackManager(-), cur_db_name='_2c0861da27548010', db_type='mariadb', host='127.0.0.1', logger=<Logger database-project1 (WARNING)>, password='hDO55ejkgO4waVz0', port=3306, socket=None, transaction_writes=0, type_map={'Currency': ('decimal', '21,9'), 'Int': ('int', '11'), 'Long Int': ('bigint', '20'), 'Float': ('decimal', '21,9'), 'Percent': ('decimal', '21,9'), 'Check': ('tinyint', '4'), 'Small Text': ('text', ''), 'Long Text': ('longtext...'), 'Color': ('varchar', 140), 'Barcode': ('longtext', ''), 'Geolocation': ('longtext', ''), 'Duration': ('decimal', '21,9'), 'Icon': ('varchar', 140), 'Phone': ('varchar', 140), 'Autocomplete': ('varchar', 140), 'JSON': ('json', '')}, user='_2c0861da27548010', value_cache=collections.defaultdict{})
  File "apps/frappe/frappe/database/mariadb/mysqlclient.py", line 113, in get_connection
    conn = self._get_connection()
      self = frappe.database.mariadb.mysqlclient.MariaDBDatabase(after_commit=frappe.utils.CallbackManager(-), after_rollback=frappe.utils.CallbackManager(-), auto_commit_on_many_writes=0, before_commit=frappe.utils.CallbackManager(-), before_rollback=frappe.utils.CallbackManager(-), cur_db_name='_2c0861da27548010', db_type='mariadb', host='127.0.0.1', logger=<Logger database-project1 (WARNING)>, password='hDO55ejkgO4waVz0', port=3306, socket=None, transaction_writes=0, type_map={'Currency': ('decimal', '21,9'), 'Int': ('int', '11'), 'Long Int': ('bigint', '20'), 'Float': ('decimal', '21,9'), 'Percent': ('decimal', '21,9'), 'Check': ('tinyint', '4'), 'Small Text': ('text', ''), 'Long Text': ('longtext...'), 'Color': ('varchar', 140), 'Barcode': ('longtext', ''), 'Geolocation': ('longtext', ''), 'Duration': ('decimal', '21,9'), 'Icon': ('varchar', 140), 'Phone': ('varchar', 140), 'Autocomplete': ('varchar', 140), 'JSON': ('json', '')}, user='_2c0861da27548010', value_cache=collections.defaultdict{})
  File "apps/frappe/frappe/database/mariadb/mysqlclient.py", line 118, in _get_connection
    return self.create_connection()
      self = frappe.database.mariadb.mysqlclient.MariaDBDatabase(after_commit=frappe.utils.CallbackManager(-), after_rollback=frappe.utils.CallbackManager(-), auto_commit_on_many_writes=0, before_commit=frappe.utils.CallbackManager(-), before_rollback=frappe.utils.CallbackManager(-), cur_db_name='_2c0861da27548010', db_type='mariadb', host='127.0.0.1', logger=<Logger database-project1 (WARNING)>, password='hDO55ejkgO4waVz0', port=3306, socket=None, transaction_writes=0, type_map={'Currency': ('decimal', '21,9'), 'Int': ('int', '11'), 'Long Int': ('bigint', '20'), 'Float': ('decimal', '21,9'), 'Percent': ('decimal', '21,9'), 'Check': ('tinyint', '4'), 'Small Text': ('text', ''), 'Long Text': ('longtext...'), 'Color': ('varchar', 140), 'Barcode': ('longtext', ''), 'Geolocation': ('longtext', ''), 'Duration': ('decimal', '21,9'), 'Icon': ('varchar', 140), 'Phone': ('varchar', 140), 'Autocomplete': ('varchar', 140), 'JSON': ('json', '')}, user='_2c0861da27548010', value_cache=collections.defaultdict{})
  File "apps/frappe/frappe/database/mariadb/mysqlclient.py", line 121, in create_connection
    return MySQLdb.connect(**self.get_connection_settings())
      self = frappe.database.mariadb.mysqlclient.MariaDBDatabase(after_commit=frappe.utils.CallbackManager(-), after_rollback=frappe.utils.CallbackManager(-), auto_commit_on_many_writes=0, before_commit=frappe.utils.CallbackManager(-), before_rollback=frappe.utils.CallbackManager(-), cur_db_name='_2c0861da27548010', db_type='mariadb', host='127.0.0.1', logger=<Logger database-project1 (WARNING)>, password='hDO55ejkgO4waVz0', port=3306, socket=None, transaction_writes=0, type_map={'Currency': ('decimal', '21,9'), 'Int': ('int', '11'), 'Long Int': ('bigint', '20'), 'Float': ('decimal', '21,9'), 'Percent': ('decimal', '21,9'), 'Check': ('tinyint', '4'), 'Small Text': ('text', ''), 'Long Text': ('longtext...'), 'Color': ('varchar', 140), 'Barcode': ('longtext', ''), 'Geolocation': ('longtext', ''), 'Duration': ('decimal', '21,9'), 'Icon': ('varchar', 140), 'Phone': ('varchar', 140), 'Autocomplete': ('varchar', 140), 'JSON': ('json', '')}, user='_2c0861da27548010', value_cache=collections.defaultdict{})
  File "env/lib/python3.14/site-packages/MySQLdb/__init__.py", line 121, in Connect
    return Connection(*args, **kwargs)
      args = ()
      kwargs = {'user': '_2c0861da27548010', 'conv': {<class 'int'>: <function Thing2Str at 0x78b6eb27cd50>, <class 'float'>: <function Float2Str at 0x78b6eb27ce00>, <class 'NoneType'>: <function None2NULL at 0x78b6eb27ceb0>, <class 'array.array'>: <function array2Str at 0x78b6eb27d0c0>, <class 'bool'>: <function Bool2Str at 0x78b6eb27cb40>, <class 'datetime.date'>: <function Thing2Literal at 0x78b6eb27cf60>, <class 'datetime.datetime'>: <function DateTime2literal at 0x78b6eb27c5c0>, <class 'datetime.timedelta'>: <function escape_timedelta at 0x78b6eb27ef00>, <class 'set'>: <function Set2Str at 0x78b6eb27cca0>, <class 'decimal.Decimal'>: <function Decimal2Literal at 0x78b6eb27d010>, 1: <class 'int'>, 2: <c...t'>: <function escape_dict at 0x78b6eb27efb0>, <class 'frozenset'>: <function escape_frozenset at 0x78b6eb23f950>}, 'charset': 'utf8mb4', 'use_unicode': True, 'local_infile': False, 'multi_statements': False, 'database': '_2c0861da27548010', 'host': '127.0.0.1', 'port': 3306, 'password': '********'}
      Connection = MySQLdb.connections.Connection
  File "env/lib/python3.14/site-packages/MySQLdb/connections.py", line 200, in __init__
    super().__init__(*args, **kwargs2)
      self = <_mysql.connection open to '(null)' at 0x1f32d6c0>
      args = ()
      kwargs = {'user': '_2c0861da27548010', 'conv': {<class 'int'>: <function Thing2Str at 0x78b6eb27cd50>, <class 'float'>: <function Float2Str at 0x78b6eb27ce00>, <class 'NoneType'>: <function None2NULL at 0x78b6eb27ceb0>, <class 'array.array'>: <function array2Str at 0x78b6eb27d0c0>, <class 'bool'>: <function Bool2Str at 0x78b6eb27cb40>, <class 'datetime.date'>: <function Thing2Literal at 0x78b6eb27cf60>, <class 'datetime.datetime'>: <function DateTime2literal at 0x78b6eb27c5c0>, <class 'datetime.timedelta'>: <function escape_timedelta at 0x78b6eb27ef00>, <class 'set'>: <function Set2Str at 0x78b6eb27cca0>, <class 'decimal.Decimal'>: <function Decimal2Literal at 0x78b6eb27d010>, 1: <class 'int'>, 2: <c...t'>: <function escape_dict at 0x78b6eb27efb0>, <class 'frozenset'>: <function escape_frozenset at 0x78b6eb23f950>}, 'charset': 'utf8mb4', 'use_unicode': True, 'local_infile': False, 'multi_statements': False, 'database': '_2c0861da27548010', 'host': '127.0.0.1', 'port': 3306, 'password': '********'}
      CLIENT = <module 'MySQLdb.constants.CLIENT' from 'env/lib/python3.14/site-packages/MySQLdb/constants/CLIENT.py'>
      FIELD_TYPE = <module 'MySQLdb.constants.FIELD_TYPE' from 'env/lib/python3.14/site-packages/MySQLdb/constants/FIELD_TYPE.py'>
      conversions = {<class 'int'>: <function Thing2Str at 0x78b6eb27cd50>, <class 'float'>: <function Float2Str at 0x78b6eb27ce00>, <class 'NoneType'>: <function None2NULL at 0x78b6eb27ceb0>, <class 'array.array'>: <function array2Str at 0x78b6eb27d0c0>, <class 'bool'>: <function Bool2Str at 0x78b6eb27cb40>, <class 'datetime.date'>: <function Thing2Literal at 0x78b6eb27cf60>, <class 'datetime.datetime'>: <function DateTime2literal at 0x78b6eb27c5c0>, <class 'datetime.timedelta'>: <function DateTimeDelta2literal at 0x78b6eb27c670>, <class 'set'>: <function Set2Str at 0x78b6eb27cca0>, <class 'decimal.Decimal'>: <function Decimal2Literal at 0x78b6eb27d010>, 1: <class 'int'>, 2: <class 'int'>, 3: <class 'int'>, 4:...r_None at 0x78b6eb27c300>, 11: <function TimeDelta_or_None at 0x78b6eb27c3b0>, 10: <function Date_or_None at 0x78b6eb27c510>, 249: <class 'bytes'>, 250: <class 'bytes'>, 251: <class 'bytes'>, 252: <class 'bytes'>, 254: <class 'bytes'>, 253: <class 'bytes'>, 15: <class 'bytes'>, 245: <class 'bytes'>}
      _bytes_or_str = ((128, bytes), (None, str))
      kwargs2 = {'user': '_2c0861da27548010', 'conv': {<class 'int'>: <function Thing2Str at 0x78b6eb27cd50>, <class 'float'>: <function Float2Str at 0x78b6eb27ce00>, <class 'NoneType'>: <function None2NULL at 0x78b6eb27ceb0>, <class 'array.array'>: <function array2Str at 0x78b6eb27d0c0>, <class 'bool'>: <function Bool2Str at 0x78b6eb27cb40>, <class 'datetime.date'>: <function Thing2Literal at 0x78b6eb27cf60>, <class 'datetime.datetime'>: <function DateTime2literal at 0x78b6eb27c5c0>, <class 'datetime.timedelta'>: <function escape_timedelta at 0x78b6eb27ef00>, <class 'set'>: <function Set2Str at 0x78b6eb27cca0>, <class 'decimal.Decimal'>: <function Decimal2Literal at 0x78b6eb27d010>, 1: <class 'int'>, 2: <c...ass 'bytes'>, <class 'dict'>: <function escape_dict at 0x78b6eb27efb0>, <class 'frozenset'>: <function escape_frozenset at 0x78b6eb23f950>}, 'charset': 'utf8mb4', 'local_infile': False, 'database': '_2c0861da27548010', 'host': '127.0.0.1', 'port': 3306, 'password': '********', 'client_flag': 131072}
      conv = {<class 'int'>: <function Thing2Str at 0x78b6eb27cd50>, <class 'float'>: <function Float2Str at 0x78b6eb27ce00>, <class 'NoneType'>: <function None2NULL at 0x78b6eb27ceb0>, <class 'array.array'>: <function array2Str at 0x78b6eb27d0c0>, <class 'bool'>: <function Bool2Str at 0x78b6eb27cb40>, <class 'datetime.date'>: <function Thing2Literal at 0x78b6eb27cf60>, <class 'datetime.datetime'>: <function DateTime2literal at 0x78b6eb27c5c0>, <class 'datetime.timedelta'>: <function escape_timedelta at 0x78b6eb27ef00>, <class 'set'>: <function Set2Str at 0x78b6eb27cca0>, <class 'decimal.Decimal'>: <function Decimal2Literal at 0x78b6eb27d010>, 1: <class 'int'>, 2: <class 'int'>, 3: <class 'int'>, 4: <cla...249: <class 'bytes'>, 250: <class 'bytes'>, 251: <class 'bytes'>, 252: <class 'bytes'>, 254: <class 'bytes'>, 253: <class 'bytes'>, 15: <class 'bytes'>, 245: <class 'bytes'>, <class 'dict'>: <function escape_dict at 0x78b6eb27efb0>, <class 'frozenset'>: <function escape_frozenset at 0x78b6eb23f950>}
      conv2 = {<class 'int'>: <function Thing2Str at 0x78b6eb27cd50>, <class 'float'>: <function Float2Str at 0x78b6eb27ce00>, <class 'NoneType'>: <function None2NULL at 0x78b6eb27ceb0>, <class 'array.array'>: <function array2Str at 0x78b6eb27d0c0>, <class 'bool'>: <function Bool2Str at 0x78b6eb27cb40>, <class 'datetime.date'>: <function Thing2Literal at 0x78b6eb27cf60>, <class 'datetime.datetime'>: <function DateTime2literal at 0x78b6eb27c5c0>, <class 'datetime.timedelta'>: <function escape_timedelta at 0x78b6eb27ef00>, <class 'set'>: <function Set2Str at 0x78b6eb27cca0>, <class 'decimal.Decimal'>: <function Decimal2Literal at 0x78b6eb27d010>, 1: <class 'int'>, 2: <class 'int'>, 3: <class 'int'>, 4: <cla...249: <class 'bytes'>, 250: <class 'bytes'>, 251: <class 'bytes'>, 252: <class 'bytes'>, 254: <class 'bytes'>, 253: <class 'bytes'>, 15: <class 'bytes'>, 245: <class 'bytes'>, <class 'dict'>: <function escape_dict at 0x78b6eb27efb0>, <class 'frozenset'>: <function escape_frozenset at 0x78b6eb23f950>}
      k = frozenset
      v = <function escape_frozenset at 0x78b6eb23f950>
      cursorclass = MySQLdb.cursors.Cursor
      charset = 'utf8mb4'
      collation = ''
      use_unicode = True
      sql_mode = ''
      client_flag = 131072
      multi_statements = False
      autocommit = False
      __class__ = MySQLdb.connections.Connection
MySQLdb.OperationalError: (1045, "Access denied for user '_2c0861da27548010'@'localhost' (using password: YES)")
Backup failed for Site site1.local. Database or site_config.json may be corrupted
Traceback with variables (most recent call last):
  File "apps/frappe/frappe/commands/site.py", line 881, in backup
    odb = scheduled_backup(
      context = CliCtxObj(force=False, profile=False, sites=['doctypesite', 'project', 'project1', 'site1.local', 'site2.local'], verbose=True)
      with_files = False
      backup_path = None
      backup_path_db = None
      backup_path_files = None
      backup_path_private_files = None
      backup_path_conf = None
      ignore_backup_conf = False
      verbose = True
      compress = False
      include = ''
      exclude = ''
      old_backup_metadata = False
      scheduled_backup = <function scheduled_backup at 0x78b6ec0e2560>
      exit_code = 1
      rollback_callback = None
      site = 'site1.local'
      odb = frappe.utils.backups.BackupGenerator(backup_excludes=[], backup_includes=[], backup_path=None, backup_path_conf='./project/private/backups/20260728_113004-project-site_config_backup.json', backup_path_db='./project/private/backups/20260728_113004-project-database.sql.gz', backup_path_files='./project/private/backups/20260728_113004-project-files.tar', backup_path_private_files='./project/private/backups/20260728_113004-project-private-files.tar', compress_files=False, db_host='127.0.0.1', db_name='_cc001b8908fd52e2', db_port=3306, db_socket=None, db_type='mariadb', exclude_doctypes='', ignore_conf=False, include_doctypes='', old_backup_metadata=False, partial=[], password='MkfhelKK7676ix1L', rollback_callback=frappe.utils.CallbackManager(-), site_slug='project', todays_date='20260728_113004', user='_cc001b8908fd52e2', verbose=True)
  File "apps/frappe/frappe/utils/backups.py", line 589, in scheduled_backup
    return new_backup(
      older_than = 6
      ignore_files = True
      backup_path = None
      backup_path_db = None
      backup_path_files = None
      backup_path_private_files = None
      backup_path_conf = None
      ignore_conf = False
      include_doctypes = ''
      exclude_doctypes = ''
      compress = False
      force = True
      verbose = True
      old_backup_metadata = False
      rollback_callback = frappe.utils.CallbackManager()
  File "apps/frappe/frappe/utils/backups.py", line 626, in new_backup
    odb = BackupGenerator(
      older_than = 6
      ignore_files = True
      backup_path = None
      backup_path_db = None
      backup_path_files = None
      backup_path_private_files = None
      backup_path_conf = None
      ignore_conf = False
      include_doctypes = ''
      exclude_doctypes = ''
      compress = False
      force = True
      verbose = True
      old_backup_metadata = False
      rollback_callback = frappe.utils.CallbackManager()
  File "apps/frappe/frappe/utils/backups.py", line 89, in __init__
    self.setup_backup_tables()
      self = frappe.utils.backups.BackupGenerator(backup_path=None, backup_path_conf=None, backup_path_db=None, backup_path_files=None, backup_path_private_files=None, compress_files=False, db_host='127.0.0.1', db_name='_2c0861da27548010', db_port=3306, db_socket=None, db_type='mariadb', exclude_doctypes='', ignore_conf=False, include_doctypes='', old_backup_metadata=False, partial=False, password='hDO55ejkgO4waVz0', rollback_callback=frappe.utils.CallbackManager(-), site_slug='project1', user='_2c0861da27548010', verbose=True)
      db_name = '_2c0861da27548010'
      user = '_2c0861da27548010'
      password = ********
      backup_path = None
      backup_path_db = None
      backup_path_files = None
      backup_path_private_files = None
      db_socket = None
      db_host = '127.0.0.1'
      db_port = 3306
      db_type = 'mariadb'
      backup_path_conf = None
      ignore_conf = False
      compress_files = False
      include_doctypes = ''
      exclude_doctypes = ''
      verbose = True
      old_backup_metadata = False
      rollback_callback = frappe.utils.CallbackManager()
      site = 'project1'
  File "apps/frappe/frappe/utils/backups.py", line 126, in setup_backup_tables
    self._set_existing_tables()
      self = frappe.utils.backups.BackupGenerator(backup_path=None, backup_path_conf=None, backup_path_db=None, backup_path_files=None, backup_path_private_files=None, compress_files=False, db_host='127.0.0.1', db_name='_2c0861da27548010', db_port=3306, db_socket=None, db_type='mariadb', exclude_doctypes='', ignore_conf=False, include_doctypes='', old_backup_metadata=False, partial=False, password='hDO55ejkgO4waVz0', rollback_callback=frappe.utils.CallbackManager(-), site_slug='project1', user='_2c0861da27548010', verbose=True)
  File "apps/frappe/frappe/utils/backups.py", line 122, in _set_existing_tables
    self._existing_tables = frappe.db.get_tables()
      self = frappe.utils.backups.BackupGenerator(backup_path=None, backup_path_conf=None, backup_path_db=None, backup_path_files=None, backup_path_private_files=None, compress_files=False, db_host='127.0.0.1', db_name='_2c0861da27548010', db_port=3306, db_socket=None, db_type='mariadb', exclude_doctypes='', ignore_conf=False, include_doctypes='', old_backup_metadata=False, partial=False, password='hDO55ejkgO4waVz0', rollback_callback=frappe.utils.CallbackManager(-), site_slug='project1', user='_2c0861da27548010', verbose=True)
  File "apps/frappe/frappe/database/mariadb/mysqlclient.py", line 522, in get_tables
    .run(pluck=True)
      self = frappe.database.mariadb.mysqlclient.MariaDBDatabase(after_commit=frappe.utils.CallbackManager(-), after_rollback=frappe.utils.CallbackManager(-), auto_commit_on_many_writes=0, before_commit=frappe.utils.CallbackManager(-), before_rollback=frappe.utils.CallbackManager(-), cur_db_name='_2c0861da27548010', db_type='mariadb', host='127.0.0.1', logger=<Logger database-project1 (WARNING)>, password='hDO55ejkgO4waVz0', port=3306, socket=None, transaction_writes=0, type_map={'Currency': ('decimal', '21,9'), 'Int': ('int', '11'), 'Long Int': ('bigint', '20'), 'Float': ('decimal', '21,9'), 'Percent': ('decimal', '21,9'), 'Check': ('tinyint', '4'), 'Small Text': ('text', ''), 'Long Text': ('longtext...'), 'Color': ('varchar', 140), 'Barcode': ('longtext', ''), 'Geolocation': ('longtext', ''), 'Duration': ('decimal', '21,9'), 'Icon': ('varchar', 140), 'Phone': ('varchar', 140), 'Autocomplete': ('varchar', 140), 'JSON': ('json', '')}, user='_2c0861da27548010', value_cache=collections.defaultdict{})
      cached = True
      to_query = True
      tables = None
      information_schema = pypika.queries.Schema()
  File "apps/frappe/frappe/query_builder/utils.py", line 131, in execute_query
    result = frappe.local.db.sql(query, params, *args, **kwargs)  # nosemgrep
      query = 'SELECT `table_name` FROM `information_schema`.`tables` WHERE `table_schema`=%(param1)s'
      args = ()
      kwargs = {'pluck': True}
      dt = None
      fields = []
      child_queries = "_child_queries"
      params = {'param1': '_2c0861da27548010'}
  File "apps/frappe/frappe/database/database.py", line 249, in sql
    self.connect()
      self = frappe.database.mariadb.mysqlclient.MariaDBDatabase(after_commit=frappe.utils.CallbackManager(-), after_rollback=frappe.utils.CallbackManager(-), auto_commit_on_many_writes=0, before_commit=frappe.utils.CallbackManager(-), before_rollback=frappe.utils.CallbackManager(-), cur_db_name='_2c0861da27548010', db_type='mariadb', host='127.0.0.1', logger=<Logger database-project1 (WARNING)>, password='hDO55ejkgO4waVz0', port=3306, socket=None, transaction_writes=0, type_map={'Currency': ('decimal', '21,9'), 'Int': ('int', '11'), 'Long Int': ('bigint', '20'), 'Float': ('decimal', '21,9'), 'Percent': ('decimal', '21,9'), 'Check': ('tinyint', '4'), 'Small Text': ('text', ''), 'Long Text': ('longtext...'), 'Color': ('varchar', 140), 'Barcode': ('longtext', ''), 'Geolocation': ('longtext', ''), 'Duration': ('decimal', '21,9'), 'Icon': ('varchar', 140), 'Phone': ('varchar', 140), 'Autocomplete': ('varchar', 140), 'JSON': ('json', '')}, user='_2c0861da27548010', value_cache=collections.defaultdict{})
      query = 'SELECT `table_name` FROM `information_schema`.`tables` WHERE `table_schema`=%(param1)s'
      values = {'param1': '_2c0861da27548010'}
      as_dict = 0
      as_list = 0
      debug = False
      ignore_ddl = 0
      auto_commit = 0
      update = None
      explain = False
      run = True
      pluck = True
      as_iterator = False
      query_type = 'select'
  File "apps/frappe/frappe/database/database.py", line 147, in connect
    self.get_connection()
      self = frappe.database.mariadb.mysqlclient.MariaDBDatabase(after_commit=frappe.utils.CallbackManager(-), after_rollback=frappe.utils.CallbackManager(-), auto_commit_on_many_writes=0, before_commit=frappe.utils.CallbackManager(-), before_rollback=frappe.utils.CallbackManager(-), cur_db_name='_2c0861da27548010', db_type='mariadb', host='127.0.0.1', logger=<Logger database-project1 (WARNING)>, password='hDO55ejkgO4waVz0', port=3306, socket=None, transaction_writes=0, type_map={'Currency': ('decimal', '21,9'), 'Int': ('int', '11'), 'Long Int': ('bigint', '20'), 'Float': ('decimal', '21,9'), 'Percent': ('decimal', '21,9'), 'Check': ('tinyint', '4'), 'Small Text': ('text', ''), 'Long Text': ('longtext...'), 'Color': ('varchar', 140), 'Barcode': ('longtext', ''), 'Geolocation': ('longtext', ''), 'Duration': ('decimal', '21,9'), 'Icon': ('varchar', 140), 'Phone': ('varchar', 140), 'Autocomplete': ('varchar', 140), 'JSON': ('json', '')}, user='_2c0861da27548010', value_cache=collections.defaultdict{})
  File "apps/frappe/frappe/database/mariadb/mysqlclient.py", line 113, in get_connection
    conn = self._get_connection()
      self = frappe.database.mariadb.mysqlclient.MariaDBDatabase(after_commit=frappe.utils.CallbackManager(-), after_rollback=frappe.utils.CallbackManager(-), auto_commit_on_many_writes=0, before_commit=frappe.utils.CallbackManager(-), before_rollback=frappe.utils.CallbackManager(-), cur_db_name='_2c0861da27548010', db_type='mariadb', host='127.0.0.1', logger=<Logger database-project1 (WARNING)>, password='hDO55ejkgO4waVz0', port=3306, socket=None, transaction_writes=0, type_map={'Currency': ('decimal', '21,9'), 'Int': ('int', '11'), 'Long Int': ('bigint', '20'), 'Float': ('decimal', '21,9'), 'Percent': ('decimal', '21,9'), 'Check': ('tinyint', '4'), 'Small Text': ('text', ''), 'Long Text': ('longtext...'), 'Color': ('varchar', 140), 'Barcode': ('longtext', ''), 'Geolocation': ('longtext', ''), 'Duration': ('decimal', '21,9'), 'Icon': ('varchar', 140), 'Phone': ('varchar', 140), 'Autocomplete': ('varchar', 140), 'JSON': ('json', '')}, user='_2c0861da27548010', value_cache=collections.defaultdict{})
  File "apps/frappe/frappe/database/mariadb/mysqlclient.py", line 118, in _get_connection
    return self.create_connection()
      self = frappe.database.mariadb.mysqlclient.MariaDBDatabase(after_commit=frappe.utils.CallbackManager(-), after_rollback=frappe.utils.CallbackManager(-), auto_commit_on_many_writes=0, before_commit=frappe.utils.CallbackManager(-), before_rollback=frappe.utils.CallbackManager(-), cur_db_name='_2c0861da27548010', db_type='mariadb', host='127.0.0.1', logger=<Logger database-project1 (WARNING)>, password='hDO55ejkgO4waVz0', port=3306, socket=None, transaction_writes=0, type_map={'Currency': ('decimal', '21,9'), 'Int': ('int', '11'), 'Long Int': ('bigint', '20'), 'Float': ('decimal', '21,9'), 'Percent': ('decimal', '21,9'), 'Check': ('tinyint', '4'), 'Small Text': ('text', ''), 'Long Text': ('longtext...'), 'Color': ('varchar', 140), 'Barcode': ('longtext', ''), 'Geolocation': ('longtext', ''), 'Duration': ('decimal', '21,9'), 'Icon': ('varchar', 140), 'Phone': ('varchar', 140), 'Autocomplete': ('varchar', 140), 'JSON': ('json', '')}, user='_2c0861da27548010', value_cache=collections.defaultdict{})
  File "apps/frappe/frappe/database/mariadb/mysqlclient.py", line 121, in create_connection
    return MySQLdb.connect(**self.get_connection_settings())
      self = frappe.database.mariadb.mysqlclient.MariaDBDatabase(after_commit=frappe.utils.CallbackManager(-), after_rollback=frappe.utils.CallbackManager(-), auto_commit_on_many_writes=0, before_commit=frappe.utils.CallbackManager(-), before_rollback=frappe.utils.CallbackManager(-), cur_db_name='_2c0861da27548010', db_type='mariadb', host='127.0.0.1', logger=<Logger database-project1 (WARNING)>, password='hDO55ejkgO4waVz0', port=3306, socket=None, transaction_writes=0, type_map={'Currency': ('decimal', '21,9'), 'Int': ('int', '11'), 'Long Int': ('bigint', '20'), 'Float': ('decimal', '21,9'), 'Percent': ('decimal', '21,9'), 'Check': ('tinyint', '4'), 'Small Text': ('text', ''), 'Long Text': ('longtext...'), 'Color': ('varchar', 140), 'Barcode': ('longtext', ''), 'Geolocation': ('longtext', ''), 'Duration': ('decimal', '21,9'), 'Icon': ('varchar', 140), 'Phone': ('varchar', 140), 'Autocomplete': ('varchar', 140), 'JSON': ('json', '')}, user='_2c0861da27548010', value_cache=collections.defaultdict{})
  File "env/lib/python3.14/site-packages/MySQLdb/__init__.py", line 121, in Connect
    return Connection(*args, **kwargs)
      args = ()
      kwargs = {'user': '_2c0861da27548010', 'conv': {<class 'int'>: <function Thing2Str at 0x78b6eb27cd50>, <class 'float'>: <function Float2Str at 0x78b6eb27ce00>, <class 'NoneType'>: <function None2NULL at 0x78b6eb27ceb0>, <class 'array.array'>: <function array2Str at 0x78b6eb27d0c0>, <class 'bool'>: <function Bool2Str at 0x78b6eb27cb40>, <class 'datetime.date'>: <function Thing2Literal at 0x78b6eb27cf60>, <class 'datetime.datetime'>: <function DateTime2literal at 0x78b6eb27c5c0>, <class 'datetime.timedelta'>: <function escape_timedelta at 0x78b6eb27ef00>, <class 'set'>: <function Set2Str at 0x78b6eb27cca0>, <class 'decimal.Decimal'>: <function Decimal2Literal at 0x78b6eb27d010>, 1: <class 'int'>, 2: <c...t'>: <function escape_dict at 0x78b6eb27efb0>, <class 'frozenset'>: <function escape_frozenset at 0x78b6eb23f950>}, 'charset': 'utf8mb4', 'use_unicode': True, 'local_infile': False, 'multi_statements': False, 'database': '_2c0861da27548010', 'host': '127.0.0.1', 'port': 3306, 'password': '********'}
      Connection = MySQLdb.connections.Connection
  File "env/lib/python3.14/site-packages/MySQLdb/connections.py", line 200, in __init__
    super().__init__(*args, **kwargs2)
      self = <_mysql.connection open to '(null)' at 0x1f32d6c0>
      args = ()
      kwargs = {'user': '_2c0861da27548010', 'conv': {<class 'int'>: <function Thing2Str at 0x78b6eb27cd50>, <class 'float'>: <function Float2Str at 0x78b6eb27ce00>, <class 'NoneType'>: <function None2NULL at 0x78b6eb27ceb0>, <class 'array.array'>: <function array2Str at 0x78b6eb27d0c0>, <class 'bool'>: <function Bool2Str at 0x78b6eb27cb40>, <class 'datetime.date'>: <function Thing2Literal at 0x78b6eb27cf60>, <class 'datetime.datetime'>: <function DateTime2literal at 0x78b6eb27c5c0>, <class 'datetime.timedelta'>: <function escape_timedelta at 0x78b6eb27ef00>, <class 'set'>: <function Set2Str at 0x78b6eb27cca0>, <class 'decimal.Decimal'>: <function Decimal2Literal at 0x78b6eb27d010>, 1: <class 'int'>, 2: <c...t'>: <function escape_dict at 0x78b6eb27efb0>, <class 'frozenset'>: <function escape_frozenset at 0x78b6eb23f950>}, 'charset': 'utf8mb4', 'use_unicode': True, 'local_infile': False, 'multi_statements': False, 'database': '_2c0861da27548010', 'host': '127.0.0.1', 'port': 3306, 'password': '********'}
      CLIENT = <module 'MySQLdb.constants.CLIENT' from 'env/lib/python3.14/site-packages/MySQLdb/constants/CLIENT.py'>
      FIELD_TYPE = <module 'MySQLdb.constants.FIELD_TYPE' from 'env/lib/python3.14/site-packages/MySQLdb/constants/FIELD_TYPE.py'>
      conversions = {<class 'int'>: <function Thing2Str at 0x78b6eb27cd50>, <class 'float'>: <function Float2Str at 0x78b6eb27ce00>, <class 'NoneType'>: <function None2NULL at 0x78b6eb27ceb0>, <class 'array.array'>: <function array2Str at 0x78b6eb27d0c0>, <class 'bool'>: <function Bool2Str at 0x78b6eb27cb40>, <class 'datetime.date'>: <function Thing2Literal at 0x78b6eb27cf60>, <class 'datetime.datetime'>: <function DateTime2literal at 0x78b6eb27c5c0>, <class 'datetime.timedelta'>: <function DateTimeDelta2literal at 0x78b6eb27c670>, <class 'set'>: <function Set2Str at 0x78b6eb27cca0>, <class 'decimal.Decimal'>: <function Decimal2Literal at 0x78b6eb27d010>, 1: <class 'int'>, 2: <class 'int'>, 3: <class 'int'>, 4:...r_None at 0x78b6eb27c300>, 11: <function TimeDelta_or_None at 0x78b6eb27c3b0>, 10: <function Date_or_None at 0x78b6eb27c510>, 249: <class 'bytes'>, 250: <class 'bytes'>, 251: <class 'bytes'>, 252: <class 'bytes'>, 254: <class 'bytes'>, 253: <class 'bytes'>, 15: <class 'bytes'>, 245: <class 'bytes'>}
      _bytes_or_str = ((128, bytes), (None, str))
      kwargs2 = {'user': '_2c0861da27548010', 'conv': {<class 'int'>: <function Thing2Str at 0x78b6eb27cd50>, <class 'float'>: <function Float2Str at 0x78b6eb27ce00>, <class 'NoneType'>: <function None2NULL at 0x78b6eb27ceb0>, <class 'array.array'>: <function array2Str at 0x78b6eb27d0c0>, <class 'bool'>: <function Bool2Str at 0x78b6eb27cb40>, <class 'datetime.date'>: <function Thing2Literal at 0x78b6eb27cf60>, <class 'datetime.datetime'>: <function DateTime2literal at 0x78b6eb27c5c0>, <class 'datetime.timedelta'>: <function escape_timedelta at 0x78b6eb27ef00>, <class 'set'>: <function Set2Str at 0x78b6eb27cca0>, <class 'decimal.Decimal'>: <function Decimal2Literal at 0x78b6eb27d010>, 1: <class 'int'>, 2: <c...ass 'bytes'>, <class 'dict'>: <function escape_dict at 0x78b6eb27efb0>, <class 'frozenset'>: <function escape_frozenset at 0x78b6eb23f950>}, 'charset': 'utf8mb4', 'local_infile': False, 'database': '_2c0861da27548010', 'host': '127.0.0.1', 'port': 3306, 'password': '********', 'client_flag': 131072}
      conv = {<class 'int'>: <function Thing2Str at 0x78b6eb27cd50>, <class 'float'>: <function Float2Str at 0x78b6eb27ce00>, <class 'NoneType'>: <function None2NULL at 0x78b6eb27ceb0>, <class 'array.array'>: <function array2Str at 0x78b6eb27d0c0>, <class 'bool'>: <function Bool2Str at 0x78b6eb27cb40>, <class 'datetime.date'>: <function Thing2Literal at 0x78b6eb27cf60>, <class 'datetime.datetime'>: <function DateTime2literal at 0x78b6eb27c5c0>, <class 'datetime.timedelta'>: <function escape_timedelta at 0x78b6eb27ef00>, <class 'set'>: <function Set2Str at 0x78b6eb27cca0>, <class 'decimal.Decimal'>: <function Decimal2Literal at 0x78b6eb27d010>, 1: <class 'int'>, 2: <class 'int'>, 3: <class 'int'>, 4: <cla...249: <class 'bytes'>, 250: <class 'bytes'>, 251: <class 'bytes'>, 252: <class 'bytes'>, 254: <class 'bytes'>, 253: <class 'bytes'>, 15: <class 'bytes'>, 245: <class 'bytes'>, <class 'dict'>: <function escape_dict at 0x78b6eb27efb0>, <class 'frozenset'>: <function escape_frozenset at 0x78b6eb23f950>}
      conv2 = {<class 'int'>: <function Thing2Str at 0x78b6eb27cd50>, <class 'float'>: <function Float2Str at 0x78b6eb27ce00>, <class 'NoneType'>: <function None2NULL at 0x78b6eb27ceb0>, <class 'array.array'>: <function array2Str at 0x78b6eb27d0c0>, <class 'bool'>: <function Bool2Str at 0x78b6eb27cb40>, <class 'datetime.date'>: <function Thing2Literal at 0x78b6eb27cf60>, <class 'datetime.datetime'>: <function DateTime2literal at 0x78b6eb27c5c0>, <class 'datetime.timedelta'>: <function escape_timedelta at 0x78b6eb27ef00>, <class 'set'>: <function Set2Str at 0x78b6eb27cca0>, <class 'decimal.Decimal'>: <function Decimal2Literal at 0x78b6eb27d010>, 1: <class 'int'>, 2: <class 'int'>, 3: <class 'int'>, 4: <cla...249: <class 'bytes'>, 250: <class 'bytes'>, 251: <class 'bytes'>, 252: <class 'bytes'>, 254: <class 'bytes'>, 253: <class 'bytes'>, 15: <class 'bytes'>, 245: <class 'bytes'>, <class 'dict'>: <function escape_dict at 0x78b6eb27efb0>, <class 'frozenset'>: <function escape_frozenset at 0x78b6eb23f950>}
      k = frozenset
      v = <function escape_frozenset at 0x78b6eb23f950>
      cursorclass = MySQLdb.cursors.Cursor
      charset = 'utf8mb4'
      collation = ''
      use_unicode = True
      sql_mode = ''
      client_flag = 131072
      multi_statements = False
      autocommit = False
      __class__ = MySQLdb.connections.Connection
MySQLdb.OperationalError: (1045, "Access denied for user '_2c0861da27548010'@'localhost' (using password: YES)")
Backup failed for Site site2.local. Database or site_config.json may be corrupted
Traceback with variables (most recent call last):
  File "apps/frappe/frappe/commands/site.py", line 881, in backup
    odb = scheduled_backup(
      context = CliCtxObj(force=False, profile=False, sites=['doctypesite', 'project', 'project1', 'site1.local', 'site2.local'], verbose=True)
      with_files = False
      backup_path = None
      backup_path_db = None
      backup_path_files = None
      backup_path_private_files = None
      backup_path_conf = None
      ignore_backup_conf = False
      verbose = True
      compress = False
      include = ''
      exclude = ''
      old_backup_metadata = False
      scheduled_backup = <function scheduled_backup at 0x78b6ec0e2560>
      exit_code = 1
      rollback_callback = None
      site = 'site2.local'
      odb = frappe.utils.backups.BackupGenerator(backup_excludes=[], backup_includes=[], backup_path=None, backup_path_conf='./project/private/backups/20260728_113004-project-site_config_backup.json', backup_path_db='./project/private/backups/20260728_113004-project-database.sql.gz', backup_path_files='./project/private/backups/20260728_113004-project-files.tar', backup_path_private_files='./project/private/backups/20260728_113004-project-private-files.tar', compress_files=False, db_host='127.0.0.1', db_name='_cc001b8908fd52e2', db_port=3306, db_socket=None, db_type='mariadb', exclude_doctypes='', ignore_conf=False, include_doctypes='', old_backup_metadata=False, partial=[], password='MkfhelKK7676ix1L', rollback_callback=frappe.utils.CallbackManager(-), site_slug='project', todays_date='20260728_113004', user='_cc001b8908fd52e2', verbose=True)
  File "apps/frappe/frappe/utils/backups.py", line 589, in scheduled_backup
    return new_backup(
      older_than = 6
      ignore_files = True
      backup_path = None
      backup_path_db = None
      backup_path_files = None
      backup_path_private_files = None
      backup_path_conf = None
      ignore_conf = False
      include_doctypes = ''
      exclude_doctypes = ''
      compress = False
      force = True
      verbose = True
      old_backup_metadata = False
      rollback_callback = frappe.utils.CallbackManager()
  File "apps/frappe/frappe/utils/backups.py", line 626, in new_backup
    odb = BackupGenerator(
      older_than = 6
      ignore_files = True
      backup_path = None
      backup_path_db = None
      backup_path_files = None
      backup_path_private_files = None
      backup_path_conf = None
      ignore_conf = False
      include_doctypes = ''
      exclude_doctypes = ''
      compress = False
      force = True
      verbose = True
      old_backup_metadata = False
      rollback_callback = frappe.utils.CallbackManager()
  File "apps/frappe/frappe/utils/backups.py", line 89, in __init__
    self.setup_backup_tables()
      self = frappe.utils.backups.BackupGenerator(backup_path=None, backup_path_conf=None, backup_path_db=None, backup_path_files=None, backup_path_private_files=None, compress_files=False, db_host='127.0.0.1', db_name='_2c0861da27548010', db_port=3306, db_socket=None, db_type='mariadb', exclude_doctypes='', ignore_conf=False, include_doctypes='', old_backup_metadata=False, partial=False, password='hDO55ejkgO4waVz0', rollback_callback=frappe.utils.CallbackManager(-), site_slug='project1', user='_2c0861da27548010', verbose=True)
      db_name = '_2c0861da27548010'
      user = '_2c0861da27548010'
      password = ********
      backup_path = None
      backup_path_db = None
      backup_path_files = None
      backup_path_private_files = None
      db_socket = None
      db_host = '127.0.0.1'
      db_port = 3306
      db_type = 'mariadb'
      backup_path_conf = None
      ignore_conf = False
      compress_files = False
      include_doctypes = ''
      exclude_doctypes = ''
      verbose = True
      old_backup_metadata = False
      rollback_callback = frappe.utils.CallbackManager()
      site = 'project1'
  File "apps/frappe/frappe/utils/backups.py", line 126, in setup_backup_tables
    self._set_existing_tables()
      self = frappe.utils.backups.BackupGenerator(backup_path=None, backup_path_conf=None, backup_path_db=None, backup_path_files=None, backup_path_private_files=None, compress_files=False, db_host='127.0.0.1', db_name='_2c0861da27548010', db_port=3306, db_socket=None, db_type='mariadb', exclude_doctypes='', ignore_conf=False, include_doctypes='', old_backup_metadata=False, partial=False, password='hDO55ejkgO4waVz0', rollback_callback=frappe.utils.CallbackManager(-), site_slug='project1', user='_2c0861da27548010', verbose=True)
  File "apps/frappe/frappe/utils/backups.py", line 122, in _set_existing_tables
    self._existing_tables = frappe.db.get_tables()
      self = frappe.utils.backups.BackupGenerator(backup_path=None, backup_path_conf=None, backup_path_db=None, backup_path_files=None, backup_path_private_files=None, compress_files=False, db_host='127.0.0.1', db_name='_2c0861da27548010', db_port=3306, db_socket=None, db_type='mariadb', exclude_doctypes='', ignore_conf=False, include_doctypes='', old_backup_metadata=False, partial=False, password='hDO55ejkgO4waVz0', rollback_callback=frappe.utils.CallbackManager(-), site_slug='project1', user='_2c0861da27548010', verbose=True)
  File "apps/frappe/frappe/database/mariadb/mysqlclient.py", line 522, in get_tables
    .run(pluck=True)
      self = frappe.database.mariadb.mysqlclient.MariaDBDatabase(after_commit=frappe.utils.CallbackManager(-), after_rollback=frappe.utils.CallbackManager(-), auto_commit_on_many_writes=0, before_commit=frappe.utils.CallbackManager(-), before_rollback=frappe.utils.CallbackManager(-), cur_db_name='_2c0861da27548010', db_type='mariadb', host='127.0.0.1', logger=<Logger database-project1 (WARNING)>, password='hDO55ejkgO4waVz0', port=3306, socket=None, transaction_writes=0, type_map={'Currency': ('decimal', '21,9'), 'Int': ('int', '11'), 'Long Int': ('bigint', '20'), 'Float': ('decimal', '21,9'), 'Percent': ('decimal', '21,9'), 'Check': ('tinyint', '4'), 'Small Text': ('text', ''), 'Long Text': ('longtext...'), 'Color': ('varchar', 140), 'Barcode': ('longtext', ''), 'Geolocation': ('longtext', ''), 'Duration': ('decimal', '21,9'), 'Icon': ('varchar', 140), 'Phone': ('varchar', 140), 'Autocomplete': ('varchar', 140), 'JSON': ('json', '')}, user='_2c0861da27548010', value_cache=collections.defaultdict{})
      cached = True
      to_query = True
      tables = None
      information_schema = pypika.queries.Schema()
  File "apps/frappe/frappe/query_builder/utils.py", line 131, in execute_query
    result = frappe.local.db.sql(query, params, *args, **kwargs)  # nosemgrep
      query = 'SELECT `table_name` FROM `information_schema`.`tables` WHERE `table_schema`=%(param1)s'
      args = ()
      kwargs = {'pluck': True}
      dt = None
      fields = []
      child_queries = "_child_queries"
      params = {'param1': '_2c0861da27548010'}
  File "apps/frappe/frappe/database/database.py", line 249, in sql
    self.connect()
      self = frappe.database.mariadb.mysqlclient.MariaDBDatabase(after_commit=frappe.utils.CallbackManager(-), after_rollback=frappe.utils.CallbackManager(-), auto_commit_on_many_writes=0, before_commit=frappe.utils.CallbackManager(-), before_rollback=frappe.utils.CallbackManager(-), cur_db_name='_2c0861da27548010', db_type='mariadb', host='127.0.0.1', logger=<Logger database-project1 (WARNING)>, password='hDO55ejkgO4waVz0', port=3306, socket=None, transaction_writes=0, type_map={'Currency': ('decimal', '21,9'), 'Int': ('int', '11'), 'Long Int': ('bigint', '20'), 'Float': ('decimal', '21,9'), 'Percent': ('decimal', '21,9'), 'Check': ('tinyint', '4'), 'Small Text': ('text', ''), 'Long Text': ('longtext...'), 'Color': ('varchar', 140), 'Barcode': ('longtext', ''), 'Geolocation': ('longtext', ''), 'Duration': ('decimal', '21,9'), 'Icon': ('varchar', 140), 'Phone': ('varchar', 140), 'Autocomplete': ('varchar', 140), 'JSON': ('json', '')}, user='_2c0861da27548010', value_cache=collections.defaultdict{})
      query = 'SELECT `table_name` FROM `information_schema`.`tables` WHERE `table_schema`=%(param1)s'
      values = {'param1': '_2c0861da27548010'}
      as_dict = 0
      as_list = 0
      debug = False
      ignore_ddl = 0
      auto_commit = 0
      update = None
      explain = False
      run = True
      pluck = True
      as_iterator = False
      query_type = 'select'
  File "apps/frappe/frappe/database/database.py", line 147, in connect
    self.get_connection()
      self = frappe.database.mariadb.mysqlclient.MariaDBDatabase(after_commit=frappe.utils.CallbackManager(-), after_rollback=frappe.utils.CallbackManager(-), auto_commit_on_many_writes=0, before_commit=frappe.utils.CallbackManager(-), before_rollback=frappe.utils.CallbackManager(-), cur_db_name='_2c0861da27548010', db_type='mariadb', host='127.0.0.1', logger=<Logger database-project1 (WARNING)>, password='hDO55ejkgO4waVz0', port=3306, socket=None, transaction_writes=0, type_map={'Currency': ('decimal', '21,9'), 'Int': ('int', '11'), 'Long Int': ('bigint', '20'), 'Float': ('decimal', '21,9'), 'Percent': ('decimal', '21,9'), 'Check': ('tinyint', '4'), 'Small Text': ('text', ''), 'Long Text': ('longtext...'), 'Color': ('varchar', 140), 'Barcode': ('longtext', ''), 'Geolocation': ('longtext', ''), 'Duration': ('decimal', '21,9'), 'Icon': ('varchar', 140), 'Phone': ('varchar', 140), 'Autocomplete': ('varchar', 140), 'JSON': ('json', '')}, user='_2c0861da27548010', value_cache=collections.defaultdict{})
  File "apps/frappe/frappe/database/mariadb/mysqlclient.py", line 113, in get_connection
    conn = self._get_connection()
      self = frappe.database.mariadb.mysqlclient.MariaDBDatabase(after_commit=frappe.utils.CallbackManager(-), after_rollback=frappe.utils.CallbackManager(-), auto_commit_on_many_writes=0, before_commit=frappe.utils.CallbackManager(-), before_rollback=frappe.utils.CallbackManager(-), cur_db_name='_2c0861da27548010', db_type='mariadb', host='127.0.0.1', logger=<Logger database-project1 (WARNING)>, password='hDO55ejkgO4waVz0', port=3306, socket=None, transaction_writes=0, type_map={'Currency': ('decimal', '21,9'), 'Int': ('int', '11'), 'Long Int': ('bigint', '20'), 'Float': ('decimal', '21,9'), 'Percent': ('decimal', '21,9'), 'Check': ('tinyint', '4'), 'Small Text': ('text', ''), 'Long Text': ('longtext...'), 'Color': ('varchar', 140), 'Barcode': ('longtext', ''), 'Geolocation': ('longtext', ''), 'Duration': ('decimal', '21,9'), 'Icon': ('varchar', 140), 'Phone': ('varchar', 140), 'Autocomplete': ('varchar', 140), 'JSON': ('json', '')}, user='_2c0861da27548010', value_cache=collections.defaultdict{})
  File "apps/frappe/frappe/database/mariadb/mysqlclient.py", line 118, in _get_connection
    return self.create_connection()
      self = frappe.database.mariadb.mysqlclient.MariaDBDatabase(after_commit=frappe.utils.CallbackManager(-), after_rollback=frappe.utils.CallbackManager(-), auto_commit_on_many_writes=0, before_commit=frappe.utils.CallbackManager(-), before_rollback=frappe.utils.CallbackManager(-), cur_db_name='_2c0861da27548010', db_type='mariadb', host='127.0.0.1', logger=<Logger database-project1 (WARNING)>, password='hDO55ejkgO4waVz0', port=3306, socket=None, transaction_writes=0, type_map={'Currency': ('decimal', '21,9'), 'Int': ('int', '11'), 'Long Int': ('bigint', '20'), 'Float': ('decimal', '21,9'), 'Percent': ('decimal', '21,9'), 'Check': ('tinyint', '4'), 'Small Text': ('text', ''), 'Long Text': ('longtext...'), 'Color': ('varchar', 140), 'Barcode': ('longtext', ''), 'Geolocation': ('longtext', ''), 'Duration': ('decimal', '21,9'), 'Icon': ('varchar', 140), 'Phone': ('varchar', 140), 'Autocomplete': ('varchar', 140), 'JSON': ('json', '')}, user='_2c0861da27548010', value_cache=collections.defaultdict{})
  File "apps/frappe/frappe/database/mariadb/mysqlclient.py", line 121, in create_connection
    return MySQLdb.connect(**self.get_connection_settings())
      self = frappe.database.mariadb.mysqlclient.MariaDBDatabase(after_commit=frappe.utils.CallbackManager(-), after_rollback=frappe.utils.CallbackManager(-), auto_commit_on_many_writes=0, before_commit=frappe.utils.CallbackManager(-), before_rollback=frappe.utils.CallbackManager(-), cur_db_name='_2c0861da27548010', db_type='mariadb', host='127.0.0.1', logger=<Logger database-project1 (WARNING)>, password='hDO55ejkgO4waVz0', port=3306, socket=None, transaction_writes=0, type_map={'Currency': ('decimal', '21,9'), 'Int': ('int', '11'), 'Long Int': ('bigint', '20'), 'Float': ('decimal', '21,9'), 'Percent': ('decimal', '21,9'), 'Check': ('tinyint', '4'), 'Small Text': ('text', ''), 'Long Text': ('longtext...'), 'Color': ('varchar', 140), 'Barcode': ('longtext', ''), 'Geolocation': ('longtext', ''), 'Duration': ('decimal', '21,9'), 'Icon': ('varchar', 140), 'Phone': ('varchar', 140), 'Autocomplete': ('varchar', 140), 'JSON': ('json', '')}, user='_2c0861da27548010', value_cache=collections.defaultdict{})
  File "env/lib/python3.14/site-packages/MySQLdb/__init__.py", line 121, in Connect
    return Connection(*args, **kwargs)
      args = ()
      kwargs = {'user': '_2c0861da27548010', 'conv': {<class 'int'>: <function Thing2Str at 0x78b6eb27cd50>, <class 'float'>: <function Float2Str at 0x78b6eb27ce00>, <class 'NoneType'>: <function None2NULL at 0x78b6eb27ceb0>, <class 'array.array'>: <function array2Str at 0x78b6eb27d0c0>, <class 'bool'>: <function Bool2Str at 0x78b6eb27cb40>, <class 'datetime.date'>: <function Thing2Literal at 0x78b6eb27cf60>, <class 'datetime.datetime'>: <function DateTime2literal at 0x78b6eb27c5c0>, <class 'datetime.timedelta'>: <function escape_timedelta at 0x78b6eb27ef00>, <class 'set'>: <function Set2Str at 0x78b6eb27cca0>, <class 'decimal.Decimal'>: <function Decimal2Literal at 0x78b6eb27d010>, 1: <class 'int'>, 2: <c...t'>: <function escape_dict at 0x78b6eb27efb0>, <class 'frozenset'>: <function escape_frozenset at 0x78b6eb23f950>}, 'charset': 'utf8mb4', 'use_unicode': True, 'local_infile': False, 'multi_statements': False, 'database': '_2c0861da27548010', 'host': '127.0.0.1', 'port': 3306, 'password': '********'}
      Connection = MySQLdb.connections.Connection
  File "env/lib/python3.14/site-packages/MySQLdb/connections.py", line 200, in __init__
    super().__init__(*args, **kwargs2)
      self = <_mysql.connection open to '(null)' at 0x1f1c6f30>
      args = ()
      kwargs = {'user': '_2c0861da27548010', 'conv': {<class 'int'>: <function Thing2Str at 0x78b6eb27cd50>, <class 'float'>: <function Float2Str at 0x78b6eb27ce00>, <class 'NoneType'>: <function None2NULL at 0x78b6eb27ceb0>, <class 'array.array'>: <function array2Str at 0x78b6eb27d0c0>, <class 'bool'>: <function Bool2Str at 0x78b6eb27cb40>, <class 'datetime.date'>: <function Thing2Literal at 0x78b6eb27cf60>, <class 'datetime.datetime'>: <function DateTime2literal at 0x78b6eb27c5c0>, <class 'datetime.timedelta'>: <function escape_timedelta at 0x78b6eb27ef00>, <class 'set'>: <function Set2Str at 0x78b6eb27cca0>, <class 'decimal.Decimal'>: <function Decimal2Literal at 0x78b6eb27d010>, 1: <class 'int'>, 2: <c...t'>: <function escape_dict at 0x78b6eb27efb0>, <class 'frozenset'>: <function escape_frozenset at 0x78b6eb23f950>}, 'charset': 'utf8mb4', 'use_unicode': True, 'local_infile': False, 'multi_statements': False, 'database': '_2c0861da27548010', 'host': '127.0.0.1', 'port': 3306, 'password': '********'}
      CLIENT = <module 'MySQLdb.constants.CLIENT' from 'env/lib/python3.14/site-packages/MySQLdb/constants/CLIENT.py'>
      FIELD_TYPE = <module 'MySQLdb.constants.FIELD_TYPE' from 'env/lib/python3.14/site-packages/MySQLdb/constants/FIELD_TYPE.py'>
      conversions = {<class 'int'>: <function Thing2Str at 0x78b6eb27cd50>, <class 'float'>: <function Float2Str at 0x78b6eb27ce00>, <class 'NoneType'>: <function None2NULL at 0x78b6eb27ceb0>, <class 'array.array'>: <function array2Str at 0x78b6eb27d0c0>, <class 'bool'>: <function Bool2Str at 0x78b6eb27cb40>, <class 'datetime.date'>: <function Thing2Literal at 0x78b6eb27cf60>, <class 'datetime.datetime'>: <function DateTime2literal at 0x78b6eb27c5c0>, <class 'datetime.timedelta'>: <function DateTimeDelta2literal at 0x78b6eb27c670>, <class 'set'>: <function Set2Str at 0x78b6eb27cca0>, <class 'decimal.Decimal'>: <function Decimal2Literal at 0x78b6eb27d010>, 1: <class 'int'>, 2: <class 'int'>, 3: <class 'int'>, 4:...r_None at 0x78b6eb27c300>, 11: <function TimeDelta_or_None at 0x78b6eb27c3b0>, 10: <function Date_or_None at 0x78b6eb27c510>, 249: <class 'bytes'>, 250: <class 'bytes'>, 251: <class 'bytes'>, 252: <class 'bytes'>, 254: <class 'bytes'>, 253: <class 'bytes'>, 15: <class 'bytes'>, 245: <class 'bytes'>}
      _bytes_or_str = ((128, bytes), (None, str))
      kwargs2 = {'user': '_2c0861da27548010', 'conv': {<class 'int'>: <function Thing2Str at 0x78b6eb27cd50>, <class 'float'>: <function Float2Str at 0x78b6eb27ce00>, <class 'NoneType'>: <function None2NULL at 0x78b6eb27ceb0>, <class 'array.array'>: <function array2Str at 0x78b6eb27d0c0>, <class 'bool'>: <function Bool2Str at 0x78b6eb27cb40>, <class 'datetime.date'>: <function Thing2Literal at 0x78b6eb27cf60>, <class 'datetime.datetime'>: <function DateTime2literal at 0x78b6eb27c5c0>, <class 'datetime.timedelta'>: <function escape_timedelta at 0x78b6eb27ef00>, <class 'set'>: <function Set2Str at 0x78b6eb27cca0>, <class 'decimal.Decimal'>: <function Decimal2Literal at 0x78b6eb27d010>, 1: <class 'int'>, 2: <c...ass 'bytes'>, <class 'dict'>: <function escape_dict at 0x78b6eb27efb0>, <class 'frozenset'>: <function escape_frozenset at 0x78b6eb23f950>}, 'charset': 'utf8mb4', 'local_infile': False, 'database': '_2c0861da27548010', 'host': '127.0.0.1', 'port': 3306, 'password': '********', 'client_flag': 131072}
      conv = {<class 'int'>: <function Thing2Str at 0x78b6eb27cd50>, <class 'float'>: <function Float2Str at 0x78b6eb27ce00>, <class 'NoneType'>: <function None2NULL at 0x78b6eb27ceb0>, <class 'array.array'>: <function array2Str at 0x78b6eb27d0c0>, <class 'bool'>: <function Bool2Str at 0x78b6eb27cb40>, <class 'datetime.date'>: <function Thing2Literal at 0x78b6eb27cf60>, <class 'datetime.datetime'>: <function DateTime2literal at 0x78b6eb27c5c0>, <class 'datetime.timedelta'>: <function escape_timedelta at 0x78b6eb27ef00>, <class 'set'>: <function Set2Str at 0x78b6eb27cca0>, <class 'decimal.Decimal'>: <function Decimal2Literal at 0x78b6eb27d010>, 1: <class 'int'>, 2: <class 'int'>, 3: <class 'int'>, 4: <cla...249: <class 'bytes'>, 250: <class 'bytes'>, 251: <class 'bytes'>, 252: <class 'bytes'>, 254: <class 'bytes'>, 253: <class 'bytes'>, 15: <class 'bytes'>, 245: <class 'bytes'>, <class 'dict'>: <function escape_dict at 0x78b6eb27efb0>, <class 'frozenset'>: <function escape_frozenset at 0x78b6eb23f950>}
      conv2 = {<class 'int'>: <function Thing2Str at 0x78b6eb27cd50>, <class 'float'>: <function Float2Str at 0x78b6eb27ce00>, <class 'NoneType'>: <function None2NULL at 0x78b6eb27ceb0>, <class 'array.array'>: <function array2Str at 0x78b6eb27d0c0>, <class 'bool'>: <function Bool2Str at 0x78b6eb27cb40>, <class 'datetime.date'>: <function Thing2Literal at 0x78b6eb27cf60>, <class 'datetime.datetime'>: <function DateTime2literal at 0x78b6eb27c5c0>, <class 'datetime.timedelta'>: <function escape_timedelta at 0x78b6eb27ef00>, <class 'set'>: <function Set2Str at 0x78b6eb27cca0>, <class 'decimal.Decimal'>: <function Decimal2Literal at 0x78b6eb27d010>, 1: <class 'int'>, 2: <class 'int'>, 3: <class 'int'>, 4: <cla...249: <class 'bytes'>, 250: <class 'bytes'>, 251: <class 'bytes'>, 252: <class 'bytes'>, 254: <class 'bytes'>, 253: <class 'bytes'>, 15: <class 'bytes'>, 245: <class 'bytes'>, <class 'dict'>: <function escape_dict at 0x78b6eb27efb0>, <class 'frozenset'>: <function escape_frozenset at 0x78b6eb23f950>}
      k = frozenset
      v = <function escape_frozenset at 0x78b6eb23f950>
      cursorclass = MySQLdb.cursors.Cursor
      charset = 'utf8mb4'
      collation = ''
      use_unicode = True
      sql_mode = ''
      client_flag = 131072
      multi_statements = False
      autocommit = False
      __class__ = MySQLdb.connections.Connection
MySQLdb.OperationalError: (1045, "Access denied for user '_2c0861da27548010'@'localhost' (using password: YES)")
set -o pipefail; /usr/bin/mariadb-dump --user=_0e0e8f4505c3c9e6 --host=127.0.0.1 --port=3306 --password=********** --single-transaction --quick --lock-tables=false _0e0e8f4505c3c9e6 | /usr/bin/gzip >> ./doctypesite/private/backups/20260728_173002-doctypesite-database.sql.gz

Backup Summary for doctypesite at 2026-07-28 17:30:04.562405
Config  : /home/sanjayh/frappe16-bench/sites/doctypesite/private/backups/20260728_173002-doctypesite-site_config_backup.json 246.0B
Database: /home/sanjayh/frappe16-bench/sites/doctypesite/private/backups/20260728_173002-doctypesite-database.sql.gz 422.4KiB
Backup for Site doctypesite has been successfully completed
File ./project/private/backups/20260728_113004-project-site_config_backup.json is recent
File ./project/private/backups/20260728_113004-project-database.sql.gz is recent
File ./project/private/backups/20260727_173004-project-database.sql.gz is older than 23 hours
File ./project/private/backups/20260727_173004-project-site_config_backup.json is older than 23 hours
set -o pipefail; /usr/bin/mariadb-dump --user=_cc001b8908fd52e2 --host=127.0.0.1 --port=3306 --password=********** --single-transaction --quick --lock-tables=false _cc001b8908fd52e2 | /usr/bin/gzip >> ./project/private/backups/20260728_173004-project-database.sql.gz

Backup Summary for project at 2026-07-28 17:30:05.944855
Config  : /home/sanjayh/frappe16-bench/sites/project/private/backups/20260728_173004-project-site_config_backup.json 187.0B
Database: /home/sanjayh/frappe16-bench/sites/project/private/backups/20260728_173004-project-database.sql.gz 287.9KiB
Backup for Site project has been successfully completed
Backup failed for Site project1. Database or site_config.json may be corrupted
Traceback with variables (most recent call last):
  File "apps/frappe/frappe/commands/site.py", line 881, in backup
    odb = scheduled_backup(
      context = CliCtxObj(force=False, profile=False, sites=['doctypesite', 'project', 'project1', 'site1.local', 'site2.local'], verbose=True)
      with_files = False
      backup_path = None
      backup_path_db = None
      backup_path_files = None
      backup_path_private_files = None
      backup_path_conf = None
      ignore_backup_conf = False
      verbose = True
      compress = False
      include = ''
      exclude = ''
      old_backup_metadata = False
      scheduled_backup = <function scheduled_backup at 0x71252dbea560>
      exit_code = 0
      rollback_callback = None
      site = 'project1'
      odb = frappe.utils.backups.BackupGenerator(backup_excludes=[], backup_includes=[], backup_path=None, backup_path_conf='./project/private/backups/20260728_173004-project-site_config_backup.json', backup_path_db='./project/private/backups/20260728_173004-project-database.sql.gz', backup_path_files='./project/private/backups/20260728_173004-project-files.tar', backup_path_private_files='./project/private/backups/20260728_173004-project-private-files.tar', compress_files=False, db_host='127.0.0.1', db_name='_cc001b8908fd52e2', db_port=3306, db_socket=None, db_type='mariadb', exclude_doctypes='', ignore_conf=False, include_doctypes='', old_backup_metadata=False, partial=[], password='MkfhelKK7676ix1L', rollback_callback=frappe.utils.CallbackManager(-), site_slug='project', todays_date='20260728_173004', user='_cc001b8908fd52e2', verbose=True)
  File "apps/frappe/frappe/utils/backups.py", line 589, in scheduled_backup
    return new_backup(
      older_than = 6
      ignore_files = True
      backup_path = None
      backup_path_db = None
      backup_path_files = None
      backup_path_private_files = None
      backup_path_conf = None
      ignore_conf = False
      include_doctypes = ''
      exclude_doctypes = ''
      compress = False
      force = True
      verbose = True
      old_backup_metadata = False
      rollback_callback = frappe.utils.CallbackManager()
  File "apps/frappe/frappe/utils/backups.py", line 626, in new_backup
    odb = BackupGenerator(
      older_than = 6
      ignore_files = True
      backup_path = None
      backup_path_db = None
      backup_path_files = None
      backup_path_private_files = None
      backup_path_conf = None
      ignore_conf = False
      include_doctypes = ''
      exclude_doctypes = ''
      compress = False
      force = True
      verbose = True
      old_backup_metadata = False
      rollback_callback = frappe.utils.CallbackManager()
  File "apps/frappe/frappe/utils/backups.py", line 89, in __init__
    self.setup_backup_tables()
      self = frappe.utils.backups.BackupGenerator(backup_path=None, backup_path_conf=None, backup_path_db=None, backup_path_files=None, backup_path_private_files=None, compress_files=False, db_host='127.0.0.1', db_name='_2c0861da27548010', db_port=3306, db_socket=None, db_type='mariadb', exclude_doctypes='', ignore_conf=False, include_doctypes='', old_backup_metadata=False, partial=False, password='hDO55ejkgO4waVz0', rollback_callback=frappe.utils.CallbackManager(-), site_slug='project1', user='_2c0861da27548010', verbose=True)
      db_name = '_2c0861da27548010'
      user = '_2c0861da27548010'
      password = ********
      backup_path = None
      backup_path_db = None
      backup_path_files = None
      backup_path_private_files = None
      db_socket = None
      db_host = '127.0.0.1'
      db_port = 3306
      db_type = 'mariadb'
      backup_path_conf = None
      ignore_conf = False
      compress_files = False
      include_doctypes = ''
      exclude_doctypes = ''
      verbose = True
      old_backup_metadata = False
      rollback_callback = frappe.utils.CallbackManager()
      site = 'project1'
  File "apps/frappe/frappe/utils/backups.py", line 126, in setup_backup_tables
    self._set_existing_tables()
      self = frappe.utils.backups.BackupGenerator(backup_path=None, backup_path_conf=None, backup_path_db=None, backup_path_files=None, backup_path_private_files=None, compress_files=False, db_host='127.0.0.1', db_name='_2c0861da27548010', db_port=3306, db_socket=None, db_type='mariadb', exclude_doctypes='', ignore_conf=False, include_doctypes='', old_backup_metadata=False, partial=False, password='hDO55ejkgO4waVz0', rollback_callback=frappe.utils.CallbackManager(-), site_slug='project1', user='_2c0861da27548010', verbose=True)
  File "apps/frappe/frappe/utils/backups.py", line 122, in _set_existing_tables
    self._existing_tables = frappe.db.get_tables()
      self = frappe.utils.backups.BackupGenerator(backup_path=None, backup_path_conf=None, backup_path_db=None, backup_path_files=None, backup_path_private_files=None, compress_files=False, db_host='127.0.0.1', db_name='_2c0861da27548010', db_port=3306, db_socket=None, db_type='mariadb', exclude_doctypes='', ignore_conf=False, include_doctypes='', old_backup_metadata=False, partial=False, password='hDO55ejkgO4waVz0', rollback_callback=frappe.utils.CallbackManager(-), site_slug='project1', user='_2c0861da27548010', verbose=True)
  File "apps/frappe/frappe/database/mariadb/mysqlclient.py", line 522, in get_tables
    .run(pluck=True)
      self = frappe.database.mariadb.mysqlclient.MariaDBDatabase(after_commit=frappe.utils.CallbackManager(-), after_rollback=frappe.utils.CallbackManager(-), auto_commit_on_many_writes=0, before_commit=frappe.utils.CallbackManager(-), before_rollback=frappe.utils.CallbackManager(-), cur_db_name='_2c0861da27548010', db_type='mariadb', host='127.0.0.1', logger=<Logger database-project1 (WARNING)>, password='hDO55ejkgO4waVz0', port=3306, socket=None, transaction_writes=0, type_map={'Currency': ('decimal', '21,9'), 'Int': ('int', '11'), 'Long Int': ('bigint', '20'), 'Float': ('decimal', '21,9'), 'Percent': ('decimal', '21,9'), 'Check': ('tinyint', '4'), 'Small Text': ('text', ''), 'Long Text': ('longtext...'), 'Color': ('varchar', 140), 'Barcode': ('longtext', ''), 'Geolocation': ('longtext', ''), 'Duration': ('decimal', '21,9'), 'Icon': ('varchar', 140), 'Phone': ('varchar', 140), 'Autocomplete': ('varchar', 140), 'JSON': ('json', '')}, user='_2c0861da27548010', value_cache=collections.defaultdict{})
      cached = True
      to_query = True
      tables = None
      information_schema = pypika.queries.Schema()
  File "apps/frappe/frappe/query_builder/utils.py", line 131, in execute_query
    result = frappe.local.db.sql(query, params, *args, **kwargs)  # nosemgrep
      query = 'SELECT `table_name` FROM `information_schema`.`tables` WHERE `table_schema`=%(param1)s'
      args = ()
      kwargs = {'pluck': True}
      dt = None
      fields = []
      child_queries = "_child_queries"
      params = {'param1': '_2c0861da27548010'}
  File "apps/frappe/frappe/database/database.py", line 249, in sql
    self.connect()
      self = frappe.database.mariadb.mysqlclient.MariaDBDatabase(after_commit=frappe.utils.CallbackManager(-), after_rollback=frappe.utils.CallbackManager(-), auto_commit_on_many_writes=0, before_commit=frappe.utils.CallbackManager(-), before_rollback=frappe.utils.CallbackManager(-), cur_db_name='_2c0861da27548010', db_type='mariadb', host='127.0.0.1', logger=<Logger database-project1 (WARNING)>, password='hDO55ejkgO4waVz0', port=3306, socket=None, transaction_writes=0, type_map={'Currency': ('decimal', '21,9'), 'Int': ('int', '11'), 'Long Int': ('bigint', '20'), 'Float': ('decimal', '21,9'), 'Percent': ('decimal', '21,9'), 'Check': ('tinyint', '4'), 'Small Text': ('text', ''), 'Long Text': ('longtext...'), 'Color': ('varchar', 140), 'Barcode': ('longtext', ''), 'Geolocation': ('longtext', ''), 'Duration': ('decimal', '21,9'), 'Icon': ('varchar', 140), 'Phone': ('varchar', 140), 'Autocomplete': ('varchar', 140), 'JSON': ('json', '')}, user='_2c0861da27548010', value_cache=collections.defaultdict{})
      query = 'SELECT `table_name` FROM `information_schema`.`tables` WHERE `table_schema`=%(param1)s'
      values = {'param1': '_2c0861da27548010'}
      as_dict = 0
      as_list = 0
      debug = False
      ignore_ddl = 0
      auto_commit = 0
      update = None
      explain = False
      run = True
      pluck = True
      as_iterator = False
      query_type = 'select'
  File "apps/frappe/frappe/database/database.py", line 147, in connect
    self.get_connection()
      self = frappe.database.mariadb.mysqlclient.MariaDBDatabase(after_commit=frappe.utils.CallbackManager(-), after_rollback=frappe.utils.CallbackManager(-), auto_commit_on_many_writes=0, before_commit=frappe.utils.CallbackManager(-), before_rollback=frappe.utils.CallbackManager(-), cur_db_name='_2c0861da27548010', db_type='mariadb', host='127.0.0.1', logger=<Logger database-project1 (WARNING)>, password='hDO55ejkgO4waVz0', port=3306, socket=None, transaction_writes=0, type_map={'Currency': ('decimal', '21,9'), 'Int': ('int', '11'), 'Long Int': ('bigint', '20'), 'Float': ('decimal', '21,9'), 'Percent': ('decimal', '21,9'), 'Check': ('tinyint', '4'), 'Small Text': ('text', ''), 'Long Text': ('longtext...'), 'Color': ('varchar', 140), 'Barcode': ('longtext', ''), 'Geolocation': ('longtext', ''), 'Duration': ('decimal', '21,9'), 'Icon': ('varchar', 140), 'Phone': ('varchar', 140), 'Autocomplete': ('varchar', 140), 'JSON': ('json', '')}, user='_2c0861da27548010', value_cache=collections.defaultdict{})
  File "apps/frappe/frappe/database/mariadb/mysqlclient.py", line 113, in get_connection
    conn = self._get_connection()
      self = frappe.database.mariadb.mysqlclient.MariaDBDatabase(after_commit=frappe.utils.CallbackManager(-), after_rollback=frappe.utils.CallbackManager(-), auto_commit_on_many_writes=0, before_commit=frappe.utils.CallbackManager(-), before_rollback=frappe.utils.CallbackManager(-), cur_db_name='_2c0861da27548010', db_type='mariadb', host='127.0.0.1', logger=<Logger database-project1 (WARNING)>, password='hDO55ejkgO4waVz0', port=3306, socket=None, transaction_writes=0, type_map={'Currency': ('decimal', '21,9'), 'Int': ('int', '11'), 'Long Int': ('bigint', '20'), 'Float': ('decimal', '21,9'), 'Percent': ('decimal', '21,9'), 'Check': ('tinyint', '4'), 'Small Text': ('text', ''), 'Long Text': ('longtext...'), 'Color': ('varchar', 140), 'Barcode': ('longtext', ''), 'Geolocation': ('longtext', ''), 'Duration': ('decimal', '21,9'), 'Icon': ('varchar', 140), 'Phone': ('varchar', 140), 'Autocomplete': ('varchar', 140), 'JSON': ('json', '')}, user='_2c0861da27548010', value_cache=collections.defaultdict{})
  File "apps/frappe/frappe/database/mariadb/mysqlclient.py", line 118, in _get_connection
    return self.create_connection()
      self = frappe.database.mariadb.mysqlclient.MariaDBDatabase(after_commit=frappe.utils.CallbackManager(-), after_rollback=frappe.utils.CallbackManager(-), auto_commit_on_many_writes=0, before_commit=frappe.utils.CallbackManager(-), before_rollback=frappe.utils.CallbackManager(-), cur_db_name='_2c0861da27548010', db_type='mariadb', host='127.0.0.1', logger=<Logger database-project1 (WARNING)>, password='hDO55ejkgO4waVz0', port=3306, socket=None, transaction_writes=0, type_map={'Currency': ('decimal', '21,9'), 'Int': ('int', '11'), 'Long Int': ('bigint', '20'), 'Float': ('decimal', '21,9'), 'Percent': ('decimal', '21,9'), 'Check': ('tinyint', '4'), 'Small Text': ('text', ''), 'Long Text': ('longtext...'), 'Color': ('varchar', 140), 'Barcode': ('longtext', ''), 'Geolocation': ('longtext', ''), 'Duration': ('decimal', '21,9'), 'Icon': ('varchar', 140), 'Phone': ('varchar', 140), 'Autocomplete': ('varchar', 140), 'JSON': ('json', '')}, user='_2c0861da27548010', value_cache=collections.defaultdict{})
  File "apps/frappe/frappe/database/mariadb/mysqlclient.py", line 121, in create_connection
    return MySQLdb.connect(**self.get_connection_settings())
      self = frappe.database.mariadb.mysqlclient.MariaDBDatabase(after_commit=frappe.utils.CallbackManager(-), after_rollback=frappe.utils.CallbackManager(-), auto_commit_on_many_writes=0, before_commit=frappe.utils.CallbackManager(-), before_rollback=frappe.utils.CallbackManager(-), cur_db_name='_2c0861da27548010', db_type='mariadb', host='127.0.0.1', logger=<Logger database-project1 (WARNING)>, password='hDO55ejkgO4waVz0', port=3306, socket=None, transaction_writes=0, type_map={'Currency': ('decimal', '21,9'), 'Int': ('int', '11'), 'Long Int': ('bigint', '20'), 'Float': ('decimal', '21,9'), 'Percent': ('decimal', '21,9'), 'Check': ('tinyint', '4'), 'Small Text': ('text', ''), 'Long Text': ('longtext...'), 'Color': ('varchar', 140), 'Barcode': ('longtext', ''), 'Geolocation': ('longtext', ''), 'Duration': ('decimal', '21,9'), 'Icon': ('varchar', 140), 'Phone': ('varchar', 140), 'Autocomplete': ('varchar', 140), 'JSON': ('json', '')}, user='_2c0861da27548010', value_cache=collections.defaultdict{})
  File "env/lib/python3.14/site-packages/MySQLdb/__init__.py", line 121, in Connect
    return Connection(*args, **kwargs)
      args = ()
      kwargs = {'user': '_2c0861da27548010', 'conv': {<class 'int'>: <function Thing2Str at 0x71252cda4bf0>, <class 'float'>: <function Float2Str at 0x71252cda4ca0>, <class 'NoneType'>: <function None2NULL at 0x71252cda4d50>, <class 'array.array'>: <function array2Str at 0x71252cda4f60>, <class 'bool'>: <function Bool2Str at 0x71252cda49e0>, <class 'datetime.date'>: <function Thing2Literal at 0x71252cda4e00>, <class 'datetime.datetime'>: <function DateTime2literal at 0x71252cda4510>, <class 'datetime.timedelta'>: <function escape_timedelta at 0x71252cda6da0>, <class 'set'>: <function Set2Str at 0x71252cda4b40>, <class 'decimal.Decimal'>: <function Decimal2Literal at 0x71252cda4eb0>, 1: <class 'int'>, 2: <c...t'>: <function escape_dict at 0x71252cda6e50>, <class 'frozenset'>: <function escape_frozenset at 0x71252cd638a0>}, 'charset': 'utf8mb4', 'use_unicode': True, 'local_infile': False, 'multi_statements': False, 'database': '_2c0861da27548010', 'host': '127.0.0.1', 'port': 3306, 'password': '********'}
      Connection = MySQLdb.connections.Connection
  File "env/lib/python3.14/site-packages/MySQLdb/connections.py", line 200, in __init__
    super().__init__(*args, **kwargs2)
      self = <_mysql.connection open to '(null)' at 0xf8137b0>
      args = ()
      kwargs = {'user': '_2c0861da27548010', 'conv': {<class 'int'>: <function Thing2Str at 0x71252cda4bf0>, <class 'float'>: <function Float2Str at 0x71252cda4ca0>, <class 'NoneType'>: <function None2NULL at 0x71252cda4d50>, <class 'array.array'>: <function array2Str at 0x71252cda4f60>, <class 'bool'>: <function Bool2Str at 0x71252cda49e0>, <class 'datetime.date'>: <function Thing2Literal at 0x71252cda4e00>, <class 'datetime.datetime'>: <function DateTime2literal at 0x71252cda4510>, <class 'datetime.timedelta'>: <function escape_timedelta at 0x71252cda6da0>, <class 'set'>: <function Set2Str at 0x71252cda4b40>, <class 'decimal.Decimal'>: <function Decimal2Literal at 0x71252cda4eb0>, 1: <class 'int'>, 2: <c...t'>: <function escape_dict at 0x71252cda6e50>, <class 'frozenset'>: <function escape_frozenset at 0x71252cd638a0>}, 'charset': 'utf8mb4', 'use_unicode': True, 'local_infile': False, 'multi_statements': False, 'database': '_2c0861da27548010', 'host': '127.0.0.1', 'port': 3306, 'password': '********'}
      CLIENT = <module 'MySQLdb.constants.CLIENT' from 'env/lib/python3.14/site-packages/MySQLdb/constants/CLIENT.py'>
      FIELD_TYPE = <module 'MySQLdb.constants.FIELD_TYPE' from 'env/lib/python3.14/site-packages/MySQLdb/constants/FIELD_TYPE.py'>
      conversions = {<class 'int'>: <function Thing2Str at 0x71252cda4bf0>, <class 'float'>: <function Float2Str at 0x71252cda4ca0>, <class 'NoneType'>: <function None2NULL at 0x71252cda4d50>, <class 'array.array'>: <function array2Str at 0x71252cda4f60>, <class 'bool'>: <function Bool2Str at 0x71252cda49e0>, <class 'datetime.date'>: <function Thing2Literal at 0x71252cda4e00>, <class 'datetime.datetime'>: <function DateTime2literal at 0x71252cda4510>, <class 'datetime.timedelta'>: <function DateTimeDelta2literal at 0x71252cda45c0>, <class 'set'>: <function Set2Str at 0x71252cda4b40>, <class 'decimal.Decimal'>: <function Decimal2Literal at 0x71252cda4eb0>, 1: <class 'int'>, 2: <class 'int'>, 3: <class 'int'>, 4:...r_None at 0x71252cda4250>, 11: <function TimeDelta_or_None at 0x71252cda4300>, 10: <function Date_or_None at 0x71252cda4460>, 249: <class 'bytes'>, 250: <class 'bytes'>, 251: <class 'bytes'>, 252: <class 'bytes'>, 254: <class 'bytes'>, 253: <class 'bytes'>, 15: <class 'bytes'>, 245: <class 'bytes'>}
      _bytes_or_str = ((128, bytes), (None, str))
      kwargs2 = {'user': '_2c0861da27548010', 'conv': {<class 'int'>: <function Thing2Str at 0x71252cda4bf0>, <class 'float'>: <function Float2Str at 0x71252cda4ca0>, <class 'NoneType'>: <function None2NULL at 0x71252cda4d50>, <class 'array.array'>: <function array2Str at 0x71252cda4f60>, <class 'bool'>: <function Bool2Str at 0x71252cda49e0>, <class 'datetime.date'>: <function Thing2Literal at 0x71252cda4e00>, <class 'datetime.datetime'>: <function DateTime2literal at 0x71252cda4510>, <class 'datetime.timedelta'>: <function escape_timedelta at 0x71252cda6da0>, <class 'set'>: <function Set2Str at 0x71252cda4b40>, <class 'decimal.Decimal'>: <function Decimal2Literal at 0x71252cda4eb0>, 1: <class 'int'>, 2: <c...ass 'bytes'>, <class 'dict'>: <function escape_dict at 0x71252cda6e50>, <class 'frozenset'>: <function escape_frozenset at 0x71252cd638a0>}, 'charset': 'utf8mb4', 'local_infile': False, 'database': '_2c0861da27548010', 'host': '127.0.0.1', 'port': 3306, 'password': '********', 'client_flag': 131072}
      conv = {<class 'int'>: <function Thing2Str at 0x71252cda4bf0>, <class 'float'>: <function Float2Str at 0x71252cda4ca0>, <class 'NoneType'>: <function None2NULL at 0x71252cda4d50>, <class 'array.array'>: <function array2Str at 0x71252cda4f60>, <class 'bool'>: <function Bool2Str at 0x71252cda49e0>, <class 'datetime.date'>: <function Thing2Literal at 0x71252cda4e00>, <class 'datetime.datetime'>: <function DateTime2literal at 0x71252cda4510>, <class 'datetime.timedelta'>: <function escape_timedelta at 0x71252cda6da0>, <class 'set'>: <function Set2Str at 0x71252cda4b40>, <class 'decimal.Decimal'>: <function Decimal2Literal at 0x71252cda4eb0>, 1: <class 'int'>, 2: <class 'int'>, 3: <class 'int'>, 4: <cla...249: <class 'bytes'>, 250: <class 'bytes'>, 251: <class 'bytes'>, 252: <class 'bytes'>, 254: <class 'bytes'>, 253: <class 'bytes'>, 15: <class 'bytes'>, 245: <class 'bytes'>, <class 'dict'>: <function escape_dict at 0x71252cda6e50>, <class 'frozenset'>: <function escape_frozenset at 0x71252cd638a0>}
      conv2 = {<class 'int'>: <function Thing2Str at 0x71252cda4bf0>, <class 'float'>: <function Float2Str at 0x71252cda4ca0>, <class 'NoneType'>: <function None2NULL at 0x71252cda4d50>, <class 'array.array'>: <function array2Str at 0x71252cda4f60>, <class 'bool'>: <function Bool2Str at 0x71252cda49e0>, <class 'datetime.date'>: <function Thing2Literal at 0x71252cda4e00>, <class 'datetime.datetime'>: <function DateTime2literal at 0x71252cda4510>, <class 'datetime.timedelta'>: <function escape_timedelta at 0x71252cda6da0>, <class 'set'>: <function Set2Str at 0x71252cda4b40>, <class 'decimal.Decimal'>: <function Decimal2Literal at 0x71252cda4eb0>, 1: <class 'int'>, 2: <class 'int'>, 3: <class 'int'>, 4: <cla...249: <class 'bytes'>, 250: <class 'bytes'>, 251: <class 'bytes'>, 252: <class 'bytes'>, 254: <class 'bytes'>, 253: <class 'bytes'>, 15: <class 'bytes'>, 245: <class 'bytes'>, <class 'dict'>: <function escape_dict at 0x71252cda6e50>, <class 'frozenset'>: <function escape_frozenset at 0x71252cd638a0>}
      k = frozenset
      v = <function escape_frozenset at 0x71252cd638a0>
      cursorclass = MySQLdb.cursors.Cursor
      charset = 'utf8mb4'
      collation = ''
      use_unicode = True
      sql_mode = ''
      client_flag = 131072
      multi_statements = False
      autocommit = False
      __class__ = MySQLdb.connections.Connection
MySQLdb.OperationalError: (1045, "Access denied for user '_2c0861da27548010'@'localhost' (using password: YES)")
Backup failed for Site site1.local. Database or site_config.json may be corrupted
Traceback with variables (most recent call last):
  File "apps/frappe/frappe/commands/site.py", line 881, in backup
    odb = scheduled_backup(
      context = CliCtxObj(force=False, profile=False, sites=['doctypesite', 'project', 'project1', 'site1.local', 'site2.local'], verbose=True)
      with_files = False
      backup_path = None
      backup_path_db = None
      backup_path_files = None
      backup_path_private_files = None
      backup_path_conf = None
      ignore_backup_conf = False
      verbose = True
      compress = False
      include = ''
      exclude = ''
      old_backup_metadata = False
      scheduled_backup = <function scheduled_backup at 0x71252dbea560>
      exit_code = 1
      rollback_callback = None
      site = 'site1.local'
      odb = frappe.utils.backups.BackupGenerator(backup_excludes=[], backup_includes=[], backup_path=None, backup_path_conf='./project/private/backups/20260728_173004-project-site_config_backup.json', backup_path_db='./project/private/backups/20260728_173004-project-database.sql.gz', backup_path_files='./project/private/backups/20260728_173004-project-files.tar', backup_path_private_files='./project/private/backups/20260728_173004-project-private-files.tar', compress_files=False, db_host='127.0.0.1', db_name='_cc001b8908fd52e2', db_port=3306, db_socket=None, db_type='mariadb', exclude_doctypes='', ignore_conf=False, include_doctypes='', old_backup_metadata=False, partial=[], password='MkfhelKK7676ix1L', rollback_callback=frappe.utils.CallbackManager(-), site_slug='project', todays_date='20260728_173004', user='_cc001b8908fd52e2', verbose=True)
  File "apps/frappe/frappe/utils/backups.py", line 589, in scheduled_backup
    return new_backup(
      older_than = 6
      ignore_files = True
      backup_path = None
      backup_path_db = None
      backup_path_files = None
      backup_path_private_files = None
      backup_path_conf = None
      ignore_conf = False
      include_doctypes = ''
      exclude_doctypes = ''
      compress = False
      force = True
      verbose = True
      old_backup_metadata = False
      rollback_callback = frappe.utils.CallbackManager()
  File "apps/frappe/frappe/utils/backups.py", line 626, in new_backup
    odb = BackupGenerator(
      older_than = 6
      ignore_files = True
      backup_path = None
      backup_path_db = None
      backup_path_files = None
      backup_path_private_files = None
      backup_path_conf = None
      ignore_conf = False
      include_doctypes = ''
      exclude_doctypes = ''
      compress = False
      force = True
      verbose = True
      old_backup_metadata = False
      rollback_callback = frappe.utils.CallbackManager()
  File "apps/frappe/frappe/utils/backups.py", line 89, in __init__
    self.setup_backup_tables()
      self = frappe.utils.backups.BackupGenerator(backup_path=None, backup_path_conf=None, backup_path_db=None, backup_path_files=None, backup_path_private_files=None, compress_files=False, db_host='127.0.0.1', db_name='_2c0861da27548010', db_port=3306, db_socket=None, db_type='mariadb', exclude_doctypes='', ignore_conf=False, include_doctypes='', old_backup_metadata=False, partial=False, password='hDO55ejkgO4waVz0', rollback_callback=frappe.utils.CallbackManager(-), site_slug='project1', user='_2c0861da27548010', verbose=True)
      db_name = '_2c0861da27548010'
      user = '_2c0861da27548010'
      password = ********
      backup_path = None
      backup_path_db = None
      backup_path_files = None
      backup_path_private_files = None
      db_socket = None
      db_host = '127.0.0.1'
      db_port = 3306
      db_type = 'mariadb'
      backup_path_conf = None
      ignore_conf = False
      compress_files = False
      include_doctypes = ''
      exclude_doctypes = ''
      verbose = True
      old_backup_metadata = False
      rollback_callback = frappe.utils.CallbackManager()
      site = 'project1'
  File "apps/frappe/frappe/utils/backups.py", line 126, in setup_backup_tables
    self._set_existing_tables()
      self = frappe.utils.backups.BackupGenerator(backup_path=None, backup_path_conf=None, backup_path_db=None, backup_path_files=None, backup_path_private_files=None, compress_files=False, db_host='127.0.0.1', db_name='_2c0861da27548010', db_port=3306, db_socket=None, db_type='mariadb', exclude_doctypes='', ignore_conf=False, include_doctypes='', old_backup_metadata=False, partial=False, password='hDO55ejkgO4waVz0', rollback_callback=frappe.utils.CallbackManager(-), site_slug='project1', user='_2c0861da27548010', verbose=True)
  File "apps/frappe/frappe/utils/backups.py", line 122, in _set_existing_tables
    self._existing_tables = frappe.db.get_tables()
      self = frappe.utils.backups.BackupGenerator(backup_path=None, backup_path_conf=None, backup_path_db=None, backup_path_files=None, backup_path_private_files=None, compress_files=False, db_host='127.0.0.1', db_name='_2c0861da27548010', db_port=3306, db_socket=None, db_type='mariadb', exclude_doctypes='', ignore_conf=False, include_doctypes='', old_backup_metadata=False, partial=False, password='hDO55ejkgO4waVz0', rollback_callback=frappe.utils.CallbackManager(-), site_slug='project1', user='_2c0861da27548010', verbose=True)
  File "apps/frappe/frappe/database/mariadb/mysqlclient.py", line 522, in get_tables
    .run(pluck=True)
      self = frappe.database.mariadb.mysqlclient.MariaDBDatabase(after_commit=frappe.utils.CallbackManager(-), after_rollback=frappe.utils.CallbackManager(-), auto_commit_on_many_writes=0, before_commit=frappe.utils.CallbackManager(-), before_rollback=frappe.utils.CallbackManager(-), cur_db_name='_2c0861da27548010', db_type='mariadb', host='127.0.0.1', logger=<Logger database-project1 (WARNING)>, password='hDO55ejkgO4waVz0', port=3306, socket=None, transaction_writes=0, type_map={'Currency': ('decimal', '21,9'), 'Int': ('int', '11'), 'Long Int': ('bigint', '20'), 'Float': ('decimal', '21,9'), 'Percent': ('decimal', '21,9'), 'Check': ('tinyint', '4'), 'Small Text': ('text', ''), 'Long Text': ('longtext...'), 'Color': ('varchar', 140), 'Barcode': ('longtext', ''), 'Geolocation': ('longtext', ''), 'Duration': ('decimal', '21,9'), 'Icon': ('varchar', 140), 'Phone': ('varchar', 140), 'Autocomplete': ('varchar', 140), 'JSON': ('json', '')}, user='_2c0861da27548010', value_cache=collections.defaultdict{})
      cached = True
      to_query = True
      tables = None
      information_schema = pypika.queries.Schema()
  File "apps/frappe/frappe/query_builder/utils.py", line 131, in execute_query
    result = frappe.local.db.sql(query, params, *args, **kwargs)  # nosemgrep
      query = 'SELECT `table_name` FROM `information_schema`.`tables` WHERE `table_schema`=%(param1)s'
      args = ()
      kwargs = {'pluck': True}
      dt = None
      fields = []
      child_queries = "_child_queries"
      params = {'param1': '_2c0861da27548010'}
  File "apps/frappe/frappe/database/database.py", line 249, in sql
    self.connect()
      self = frappe.database.mariadb.mysqlclient.MariaDBDatabase(after_commit=frappe.utils.CallbackManager(-), after_rollback=frappe.utils.CallbackManager(-), auto_commit_on_many_writes=0, before_commit=frappe.utils.CallbackManager(-), before_rollback=frappe.utils.CallbackManager(-), cur_db_name='_2c0861da27548010', db_type='mariadb', host='127.0.0.1', logger=<Logger database-project1 (WARNING)>, password='hDO55ejkgO4waVz0', port=3306, socket=None, transaction_writes=0, type_map={'Currency': ('decimal', '21,9'), 'Int': ('int', '11'), 'Long Int': ('bigint', '20'), 'Float': ('decimal', '21,9'), 'Percent': ('decimal', '21,9'), 'Check': ('tinyint', '4'), 'Small Text': ('text', ''), 'Long Text': ('longtext...'), 'Color': ('varchar', 140), 'Barcode': ('longtext', ''), 'Geolocation': ('longtext', ''), 'Duration': ('decimal', '21,9'), 'Icon': ('varchar', 140), 'Phone': ('varchar', 140), 'Autocomplete': ('varchar', 140), 'JSON': ('json', '')}, user='_2c0861da27548010', value_cache=collections.defaultdict{})
      query = 'SELECT `table_name` FROM `information_schema`.`tables` WHERE `table_schema`=%(param1)s'
      values = {'param1': '_2c0861da27548010'}
      as_dict = 0
      as_list = 0
      debug = False
      ignore_ddl = 0
      auto_commit = 0
      update = None
      explain = False
      run = True
      pluck = True
      as_iterator = False
      query_type = 'select'
  File "apps/frappe/frappe/database/database.py", line 147, in connect
    self.get_connection()
      self = frappe.database.mariadb.mysqlclient.MariaDBDatabase(after_commit=frappe.utils.CallbackManager(-), after_rollback=frappe.utils.CallbackManager(-), auto_commit_on_many_writes=0, before_commit=frappe.utils.CallbackManager(-), before_rollback=frappe.utils.CallbackManager(-), cur_db_name='_2c0861da27548010', db_type='mariadb', host='127.0.0.1', logger=<Logger database-project1 (WARNING)>, password='hDO55ejkgO4waVz0', port=3306, socket=None, transaction_writes=0, type_map={'Currency': ('decimal', '21,9'), 'Int': ('int', '11'), 'Long Int': ('bigint', '20'), 'Float': ('decimal', '21,9'), 'Percent': ('decimal', '21,9'), 'Check': ('tinyint', '4'), 'Small Text': ('text', ''), 'Long Text': ('longtext...'), 'Color': ('varchar', 140), 'Barcode': ('longtext', ''), 'Geolocation': ('longtext', ''), 'Duration': ('decimal', '21,9'), 'Icon': ('varchar', 140), 'Phone': ('varchar', 140), 'Autocomplete': ('varchar', 140), 'JSON': ('json', '')}, user='_2c0861da27548010', value_cache=collections.defaultdict{})
  File "apps/frappe/frappe/database/mariadb/mysqlclient.py", line 113, in get_connection
    conn = self._get_connection()
      self = frappe.database.mariadb.mysqlclient.MariaDBDatabase(after_commit=frappe.utils.CallbackManager(-), after_rollback=frappe.utils.CallbackManager(-), auto_commit_on_many_writes=0, before_commit=frappe.utils.CallbackManager(-), before_rollback=frappe.utils.CallbackManager(-), cur_db_name='_2c0861da27548010', db_type='mariadb', host='127.0.0.1', logger=<Logger database-project1 (WARNING)>, password='hDO55ejkgO4waVz0', port=3306, socket=None, transaction_writes=0, type_map={'Currency': ('decimal', '21,9'), 'Int': ('int', '11'), 'Long Int': ('bigint', '20'), 'Float': ('decimal', '21,9'), 'Percent': ('decimal', '21,9'), 'Check': ('tinyint', '4'), 'Small Text': ('text', ''), 'Long Text': ('longtext...'), 'Color': ('varchar', 140), 'Barcode': ('longtext', ''), 'Geolocation': ('longtext', ''), 'Duration': ('decimal', '21,9'), 'Icon': ('varchar', 140), 'Phone': ('varchar', 140), 'Autocomplete': ('varchar', 140), 'JSON': ('json', '')}, user='_2c0861da27548010', value_cache=collections.defaultdict{})
  File "apps/frappe/frappe/database/mariadb/mysqlclient.py", line 118, in _get_connection
    return self.create_connection()
      self = frappe.database.mariadb.mysqlclient.MariaDBDatabase(after_commit=frappe.utils.CallbackManager(-), after_rollback=frappe.utils.CallbackManager(-), auto_commit_on_many_writes=0, before_commit=frappe.utils.CallbackManager(-), before_rollback=frappe.utils.CallbackManager(-), cur_db_name='_2c0861da27548010', db_type='mariadb', host='127.0.0.1', logger=<Logger database-project1 (WARNING)>, password='hDO55ejkgO4waVz0', port=3306, socket=None, transaction_writes=0, type_map={'Currency': ('decimal', '21,9'), 'Int': ('int', '11'), 'Long Int': ('bigint', '20'), 'Float': ('decimal', '21,9'), 'Percent': ('decimal', '21,9'), 'Check': ('tinyint', '4'), 'Small Text': ('text', ''), 'Long Text': ('longtext...'), 'Color': ('varchar', 140), 'Barcode': ('longtext', ''), 'Geolocation': ('longtext', ''), 'Duration': ('decimal', '21,9'), 'Icon': ('varchar', 140), 'Phone': ('varchar', 140), 'Autocomplete': ('varchar', 140), 'JSON': ('json', '')}, user='_2c0861da27548010', value_cache=collections.defaultdict{})
  File "apps/frappe/frappe/database/mariadb/mysqlclient.py", line 121, in create_connection
    return MySQLdb.connect(**self.get_connection_settings())
      self = frappe.database.mariadb.mysqlclient.MariaDBDatabase(after_commit=frappe.utils.CallbackManager(-), after_rollback=frappe.utils.CallbackManager(-), auto_commit_on_many_writes=0, before_commit=frappe.utils.CallbackManager(-), before_rollback=frappe.utils.CallbackManager(-), cur_db_name='_2c0861da27548010', db_type='mariadb', host='127.0.0.1', logger=<Logger database-project1 (WARNING)>, password='hDO55ejkgO4waVz0', port=3306, socket=None, transaction_writes=0, type_map={'Currency': ('decimal', '21,9'), 'Int': ('int', '11'), 'Long Int': ('bigint', '20'), 'Float': ('decimal', '21,9'), 'Percent': ('decimal', '21,9'), 'Check': ('tinyint', '4'), 'Small Text': ('text', ''), 'Long Text': ('longtext...'), 'Color': ('varchar', 140), 'Barcode': ('longtext', ''), 'Geolocation': ('longtext', ''), 'Duration': ('decimal', '21,9'), 'Icon': ('varchar', 140), 'Phone': ('varchar', 140), 'Autocomplete': ('varchar', 140), 'JSON': ('json', '')}, user='_2c0861da27548010', value_cache=collections.defaultdict{})
  File "env/lib/python3.14/site-packages/MySQLdb/__init__.py", line 121, in Connect
    return Connection(*args, **kwargs)
      args = ()
      kwargs = {'user': '_2c0861da27548010', 'conv': {<class 'int'>: <function Thing2Str at 0x71252cda4bf0>, <class 'float'>: <function Float2Str at 0x71252cda4ca0>, <class 'NoneType'>: <function None2NULL at 0x71252cda4d50>, <class 'array.array'>: <function array2Str at 0x71252cda4f60>, <class 'bool'>: <function Bool2Str at 0x71252cda49e0>, <class 'datetime.date'>: <function Thing2Literal at 0x71252cda4e00>, <class 'datetime.datetime'>: <function DateTime2literal at 0x71252cda4510>, <class 'datetime.timedelta'>: <function escape_timedelta at 0x71252cda6da0>, <class 'set'>: <function Set2Str at 0x71252cda4b40>, <class 'decimal.Decimal'>: <function Decimal2Literal at 0x71252cda4eb0>, 1: <class 'int'>, 2: <c...t'>: <function escape_dict at 0x71252cda6e50>, <class 'frozenset'>: <function escape_frozenset at 0x71252cd638a0>}, 'charset': 'utf8mb4', 'use_unicode': True, 'local_infile': False, 'multi_statements': False, 'database': '_2c0861da27548010', 'host': '127.0.0.1', 'port': 3306, 'password': '********'}
      Connection = MySQLdb.connections.Connection
  File "env/lib/python3.14/site-packages/MySQLdb/connections.py", line 200, in __init__
    super().__init__(*args, **kwargs2)
      self = <_mysql.connection open to '(null)' at 0xf826a50>
      args = ()
      kwargs = {'user': '_2c0861da27548010', 'conv': {<class 'int'>: <function Thing2Str at 0x71252cda4bf0>, <class 'float'>: <function Float2Str at 0x71252cda4ca0>, <class 'NoneType'>: <function None2NULL at 0x71252cda4d50>, <class 'array.array'>: <function array2Str at 0x71252cda4f60>, <class 'bool'>: <function Bool2Str at 0x71252cda49e0>, <class 'datetime.date'>: <function Thing2Literal at 0x71252cda4e00>, <class 'datetime.datetime'>: <function DateTime2literal at 0x71252cda4510>, <class 'datetime.timedelta'>: <function escape_timedelta at 0x71252cda6da0>, <class 'set'>: <function Set2Str at 0x71252cda4b40>, <class 'decimal.Decimal'>: <function Decimal2Literal at 0x71252cda4eb0>, 1: <class 'int'>, 2: <c...t'>: <function escape_dict at 0x71252cda6e50>, <class 'frozenset'>: <function escape_frozenset at 0x71252cd638a0>}, 'charset': 'utf8mb4', 'use_unicode': True, 'local_infile': False, 'multi_statements': False, 'database': '_2c0861da27548010', 'host': '127.0.0.1', 'port': 3306, 'password': '********'}
      CLIENT = <module 'MySQLdb.constants.CLIENT' from 'env/lib/python3.14/site-packages/MySQLdb/constants/CLIENT.py'>
      FIELD_TYPE = <module 'MySQLdb.constants.FIELD_TYPE' from 'env/lib/python3.14/site-packages/MySQLdb/constants/FIELD_TYPE.py'>
      conversions = {<class 'int'>: <function Thing2Str at 0x71252cda4bf0>, <class 'float'>: <function Float2Str at 0x71252cda4ca0>, <class 'NoneType'>: <function None2NULL at 0x71252cda4d50>, <class 'array.array'>: <function array2Str at 0x71252cda4f60>, <class 'bool'>: <function Bool2Str at 0x71252cda49e0>, <class 'datetime.date'>: <function Thing2Literal at 0x71252cda4e00>, <class 'datetime.datetime'>: <function DateTime2literal at 0x71252cda4510>, <class 'datetime.timedelta'>: <function DateTimeDelta2literal at 0x71252cda45c0>, <class 'set'>: <function Set2Str at 0x71252cda4b40>, <class 'decimal.Decimal'>: <function Decimal2Literal at 0x71252cda4eb0>, 1: <class 'int'>, 2: <class 'int'>, 3: <class 'int'>, 4:...r_None at 0x71252cda4250>, 11: <function TimeDelta_or_None at 0x71252cda4300>, 10: <function Date_or_None at 0x71252cda4460>, 249: <class 'bytes'>, 250: <class 'bytes'>, 251: <class 'bytes'>, 252: <class 'bytes'>, 254: <class 'bytes'>, 253: <class 'bytes'>, 15: <class 'bytes'>, 245: <class 'bytes'>}
      _bytes_or_str = ((128, bytes), (None, str))
      kwargs2 = {'user': '_2c0861da27548010', 'conv': {<class 'int'>: <function Thing2Str at 0x71252cda4bf0>, <class 'float'>: <function Float2Str at 0x71252cda4ca0>, <class 'NoneType'>: <function None2NULL at 0x71252cda4d50>, <class 'array.array'>: <function array2Str at 0x71252cda4f60>, <class 'bool'>: <function Bool2Str at 0x71252cda49e0>, <class 'datetime.date'>: <function Thing2Literal at 0x71252cda4e00>, <class 'datetime.datetime'>: <function DateTime2literal at 0x71252cda4510>, <class 'datetime.timedelta'>: <function escape_timedelta at 0x71252cda6da0>, <class 'set'>: <function Set2Str at 0x71252cda4b40>, <class 'decimal.Decimal'>: <function Decimal2Literal at 0x71252cda4eb0>, 1: <class 'int'>, 2: <c...ass 'bytes'>, <class 'dict'>: <function escape_dict at 0x71252cda6e50>, <class 'frozenset'>: <function escape_frozenset at 0x71252cd638a0>}, 'charset': 'utf8mb4', 'local_infile': False, 'database': '_2c0861da27548010', 'host': '127.0.0.1', 'port': 3306, 'password': '********', 'client_flag': 131072}
      conv = {<class 'int'>: <function Thing2Str at 0x71252cda4bf0>, <class 'float'>: <function Float2Str at 0x71252cda4ca0>, <class 'NoneType'>: <function None2NULL at 0x71252cda4d50>, <class 'array.array'>: <function array2Str at 0x71252cda4f60>, <class 'bool'>: <function Bool2Str at 0x71252cda49e0>, <class 'datetime.date'>: <function Thing2Literal at 0x71252cda4e00>, <class 'datetime.datetime'>: <function DateTime2literal at 0x71252cda4510>, <class 'datetime.timedelta'>: <function escape_timedelta at 0x71252cda6da0>, <class 'set'>: <function Set2Str at 0x71252cda4b40>, <class 'decimal.Decimal'>: <function Decimal2Literal at 0x71252cda4eb0>, 1: <class 'int'>, 2: <class 'int'>, 3: <class 'int'>, 4: <cla...249: <class 'bytes'>, 250: <class 'bytes'>, 251: <class 'bytes'>, 252: <class 'bytes'>, 254: <class 'bytes'>, 253: <class 'bytes'>, 15: <class 'bytes'>, 245: <class 'bytes'>, <class 'dict'>: <function escape_dict at 0x71252cda6e50>, <class 'frozenset'>: <function escape_frozenset at 0x71252cd638a0>}
      conv2 = {<class 'int'>: <function Thing2Str at 0x71252cda4bf0>, <class 'float'>: <function Float2Str at 0x71252cda4ca0>, <class 'NoneType'>: <function None2NULL at 0x71252cda4d50>, <class 'array.array'>: <function array2Str at 0x71252cda4f60>, <class 'bool'>: <function Bool2Str at 0x71252cda49e0>, <class 'datetime.date'>: <function Thing2Literal at 0x71252cda4e00>, <class 'datetime.datetime'>: <function DateTime2literal at 0x71252cda4510>, <class 'datetime.timedelta'>: <function escape_timedelta at 0x71252cda6da0>, <class 'set'>: <function Set2Str at 0x71252cda4b40>, <class 'decimal.Decimal'>: <function Decimal2Literal at 0x71252cda4eb0>, 1: <class 'int'>, 2: <class 'int'>, 3: <class 'int'>, 4: <cla...249: <class 'bytes'>, 250: <class 'bytes'>, 251: <class 'bytes'>, 252: <class 'bytes'>, 254: <class 'bytes'>, 253: <class 'bytes'>, 15: <class 'bytes'>, 245: <class 'bytes'>, <class 'dict'>: <function escape_dict at 0x71252cda6e50>, <class 'frozenset'>: <function escape_frozenset at 0x71252cd638a0>}
      k = frozenset
      v = <function escape_frozenset at 0x71252cd638a0>
      cursorclass = MySQLdb.cursors.Cursor
      charset = 'utf8mb4'
      collation = ''
      use_unicode = True
      sql_mode = ''
      client_flag = 131072
      multi_statements = False
      autocommit = False
      __class__ = MySQLdb.connections.Connection
MySQLdb.OperationalError: (1045, "Access denied for user '_2c0861da27548010'@'localhost' (using password: YES)")
Backup failed for Site site2.local. Database or site_config.json may be corrupted
Traceback with variables (most recent call last):
  File "apps/frappe/frappe/commands/site.py", line 881, in backup
    odb = scheduled_backup(
      context = CliCtxObj(force=False, profile=False, sites=['doctypesite', 'project', 'project1', 'site1.local', 'site2.local'], verbose=True)
      with_files = False
      backup_path = None
      backup_path_db = None
      backup_path_files = None
      backup_path_private_files = None
      backup_path_conf = None
      ignore_backup_conf = False
      verbose = True
      compress = False
      include = ''
      exclude = ''
      old_backup_metadata = False
      scheduled_backup = <function scheduled_backup at 0x71252dbea560>
      exit_code = 1
      rollback_callback = None
      site = 'site2.local'
      odb = frappe.utils.backups.BackupGenerator(backup_excludes=[], backup_includes=[], backup_path=None, backup_path_conf='./project/private/backups/20260728_173004-project-site_config_backup.json', backup_path_db='./project/private/backups/20260728_173004-project-database.sql.gz', backup_path_files='./project/private/backups/20260728_173004-project-files.tar', backup_path_private_files='./project/private/backups/20260728_173004-project-private-files.tar', compress_files=False, db_host='127.0.0.1', db_name='_cc001b8908fd52e2', db_port=3306, db_socket=None, db_type='mariadb', exclude_doctypes='', ignore_conf=False, include_doctypes='', old_backup_metadata=False, partial=[], password='MkfhelKK7676ix1L', rollback_callback=frappe.utils.CallbackManager(-), site_slug='project', todays_date='20260728_173004', user='_cc001b8908fd52e2', verbose=True)
  File "apps/frappe/frappe/utils/backups.py", line 589, in scheduled_backup
    return new_backup(
      older_than = 6
      ignore_files = True
      backup_path = None
      backup_path_db = None
      backup_path_files = None
      backup_path_private_files = None
      backup_path_conf = None
      ignore_conf = False
      include_doctypes = ''
      exclude_doctypes = ''
      compress = False
      force = True
      verbose = True
      old_backup_metadata = False
      rollback_callback = frappe.utils.CallbackManager()
  File "apps/frappe/frappe/utils/backups.py", line 626, in new_backup
    odb = BackupGenerator(
      older_than = 6
      ignore_files = True
      backup_path = None
      backup_path_db = None
      backup_path_files = None
      backup_path_private_files = None
      backup_path_conf = None
      ignore_conf = False
      include_doctypes = ''
      exclude_doctypes = ''
      compress = False
      force = True
      verbose = True
      old_backup_metadata = False
      rollback_callback = frappe.utils.CallbackManager()
  File "apps/frappe/frappe/utils/backups.py", line 89, in __init__
    self.setup_backup_tables()
      self = frappe.utils.backups.BackupGenerator(backup_path=None, backup_path_conf=None, backup_path_db=None, backup_path_files=None, backup_path_private_files=None, compress_files=False, db_host='127.0.0.1', db_name='_2c0861da27548010', db_port=3306, db_socket=None, db_type='mariadb', exclude_doctypes='', ignore_conf=False, include_doctypes='', old_backup_metadata=False, partial=False, password='hDO55ejkgO4waVz0', rollback_callback=frappe.utils.CallbackManager(-), site_slug='project1', user='_2c0861da27548010', verbose=True)
      db_name = '_2c0861da27548010'
      user = '_2c0861da27548010'
      password = ********
      backup_path = None
      backup_path_db = None
      backup_path_files = None
      backup_path_private_files = None
      db_socket = None
      db_host = '127.0.0.1'
      db_port = 3306
      db_type = 'mariadb'
      backup_path_conf = None
      ignore_conf = False
      compress_files = False
      include_doctypes = ''
      exclude_doctypes = ''
      verbose = True
      old_backup_metadata = False
      rollback_callback = frappe.utils.CallbackManager()
      site = 'project1'
  File "apps/frappe/frappe/utils/backups.py", line 126, in setup_backup_tables
    self._set_existing_tables()
      self = frappe.utils.backups.BackupGenerator(backup_path=None, backup_path_conf=None, backup_path_db=None, backup_path_files=None, backup_path_private_files=None, compress_files=False, db_host='127.0.0.1', db_name='_2c0861da27548010', db_port=3306, db_socket=None, db_type='mariadb', exclude_doctypes='', ignore_conf=False, include_doctypes='', old_backup_metadata=False, partial=False, password='hDO55ejkgO4waVz0', rollback_callback=frappe.utils.CallbackManager(-), site_slug='project1', user='_2c0861da27548010', verbose=True)
  File "apps/frappe/frappe/utils/backups.py", line 122, in _set_existing_tables
    self._existing_tables = frappe.db.get_tables()
      self = frappe.utils.backups.BackupGenerator(backup_path=None, backup_path_conf=None, backup_path_db=None, backup_path_files=None, backup_path_private_files=None, compress_files=False, db_host='127.0.0.1', db_name='_2c0861da27548010', db_port=3306, db_socket=None, db_type='mariadb', exclude_doctypes='', ignore_conf=False, include_doctypes='', old_backup_metadata=False, partial=False, password='hDO55ejkgO4waVz0', rollback_callback=frappe.utils.CallbackManager(-), site_slug='project1', user='_2c0861da27548010', verbose=True)
  File "apps/frappe/frappe/database/mariadb/mysqlclient.py", line 522, in get_tables
    .run(pluck=True)
      self = frappe.database.mariadb.mysqlclient.MariaDBDatabase(after_commit=frappe.utils.CallbackManager(-), after_rollback=frappe.utils.CallbackManager(-), auto_commit_on_many_writes=0, before_commit=frappe.utils.CallbackManager(-), before_rollback=frappe.utils.CallbackManager(-), cur_db_name='_2c0861da27548010', db_type='mariadb', host='127.0.0.1', logger=<Logger database-project1 (WARNING)>, password='hDO55ejkgO4waVz0', port=3306, socket=None, transaction_writes=0, type_map={'Currency': ('decimal', '21,9'), 'Int': ('int', '11'), 'Long Int': ('bigint', '20'), 'Float': ('decimal', '21,9'), 'Percent': ('decimal', '21,9'), 'Check': ('tinyint', '4'), 'Small Text': ('text', ''), 'Long Text': ('longtext...'), 'Color': ('varchar', 140), 'Barcode': ('longtext', ''), 'Geolocation': ('longtext', ''), 'Duration': ('decimal', '21,9'), 'Icon': ('varchar', 140), 'Phone': ('varchar', 140), 'Autocomplete': ('varchar', 140), 'JSON': ('json', '')}, user='_2c0861da27548010', value_cache=collections.defaultdict{})
      cached = True
      to_query = True
      tables = None
      information_schema = pypika.queries.Schema()
  File "apps/frappe/frappe/query_builder/utils.py", line 131, in execute_query
    result = frappe.local.db.sql(query, params, *args, **kwargs)  # nosemgrep
      query = 'SELECT `table_name` FROM `information_schema`.`tables` WHERE `table_schema`=%(param1)s'
      args = ()
      kwargs = {'pluck': True}
      dt = None
      fields = []
      child_queries = "_child_queries"
      params = {'param1': '_2c0861da27548010'}
  File "apps/frappe/frappe/database/database.py", line 249, in sql
    self.connect()
      self = frappe.database.mariadb.mysqlclient.MariaDBDatabase(after_commit=frappe.utils.CallbackManager(-), after_rollback=frappe.utils.CallbackManager(-), auto_commit_on_many_writes=0, before_commit=frappe.utils.CallbackManager(-), before_rollback=frappe.utils.CallbackManager(-), cur_db_name='_2c0861da27548010', db_type='mariadb', host='127.0.0.1', logger=<Logger database-project1 (WARNING)>, password='hDO55ejkgO4waVz0', port=3306, socket=None, transaction_writes=0, type_map={'Currency': ('decimal', '21,9'), 'Int': ('int', '11'), 'Long Int': ('bigint', '20'), 'Float': ('decimal', '21,9'), 'Percent': ('decimal', '21,9'), 'Check': ('tinyint', '4'), 'Small Text': ('text', ''), 'Long Text': ('longtext...'), 'Color': ('varchar', 140), 'Barcode': ('longtext', ''), 'Geolocation': ('longtext', ''), 'Duration': ('decimal', '21,9'), 'Icon': ('varchar', 140), 'Phone': ('varchar', 140), 'Autocomplete': ('varchar', 140), 'JSON': ('json', '')}, user='_2c0861da27548010', value_cache=collections.defaultdict{})
      query = 'SELECT `table_name` FROM `information_schema`.`tables` WHERE `table_schema`=%(param1)s'
      values = {'param1': '_2c0861da27548010'}
      as_dict = 0
      as_list = 0
      debug = False
      ignore_ddl = 0
      auto_commit = 0
      update = None
      explain = False
      run = True
      pluck = True
      as_iterator = False
      query_type = 'select'
  File "apps/frappe/frappe/database/database.py", line 147, in connect
    self.get_connection()
      self = frappe.database.mariadb.mysqlclient.MariaDBDatabase(after_commit=frappe.utils.CallbackManager(-), after_rollback=frappe.utils.CallbackManager(-), auto_commit_on_many_writes=0, before_commit=frappe.utils.CallbackManager(-), before_rollback=frappe.utils.CallbackManager(-), cur_db_name='_2c0861da27548010', db_type='mariadb', host='127.0.0.1', logger=<Logger database-project1 (WARNING)>, password='hDO55ejkgO4waVz0', port=3306, socket=None, transaction_writes=0, type_map={'Currency': ('decimal', '21,9'), 'Int': ('int', '11'), 'Long Int': ('bigint', '20'), 'Float': ('decimal', '21,9'), 'Percent': ('decimal', '21,9'), 'Check': ('tinyint', '4'), 'Small Text': ('text', ''), 'Long Text': ('longtext...'), 'Color': ('varchar', 140), 'Barcode': ('longtext', ''), 'Geolocation': ('longtext', ''), 'Duration': ('decimal', '21,9'), 'Icon': ('varchar', 140), 'Phone': ('varchar', 140), 'Autocomplete': ('varchar', 140), 'JSON': ('json', '')}, user='_2c0861da27548010', value_cache=collections.defaultdict{})
  File "apps/frappe/frappe/database/mariadb/mysqlclient.py", line 113, in get_connection
    conn = self._get_connection()
      self = frappe.database.mariadb.mysqlclient.MariaDBDatabase(after_commit=frappe.utils.CallbackManager(-), after_rollback=frappe.utils.CallbackManager(-), auto_commit_on_many_writes=0, before_commit=frappe.utils.CallbackManager(-), before_rollback=frappe.utils.CallbackManager(-), cur_db_name='_2c0861da27548010', db_type='mariadb', host='127.0.0.1', logger=<Logger database-project1 (WARNING)>, password='hDO55ejkgO4waVz0', port=3306, socket=None, transaction_writes=0, type_map={'Currency': ('decimal', '21,9'), 'Int': ('int', '11'), 'Long Int': ('bigint', '20'), 'Float': ('decimal', '21,9'), 'Percent': ('decimal', '21,9'), 'Check': ('tinyint', '4'), 'Small Text': ('text', ''), 'Long Text': ('longtext...'), 'Color': ('varchar', 140), 'Barcode': ('longtext', ''), 'Geolocation': ('longtext', ''), 'Duration': ('decimal', '21,9'), 'Icon': ('varchar', 140), 'Phone': ('varchar', 140), 'Autocomplete': ('varchar', 140), 'JSON': ('json', '')}, user='_2c0861da27548010', value_cache=collections.defaultdict{})
  File "apps/frappe/frappe/database/mariadb/mysqlclient.py", line 118, in _get_connection
    return self.create_connection()
      self = frappe.database.mariadb.mysqlclient.MariaDBDatabase(after_commit=frappe.utils.CallbackManager(-), after_rollback=frappe.utils.CallbackManager(-), auto_commit_on_many_writes=0, before_commit=frappe.utils.CallbackManager(-), before_rollback=frappe.utils.CallbackManager(-), cur_db_name='_2c0861da27548010', db_type='mariadb', host='127.0.0.1', logger=<Logger database-project1 (WARNING)>, password='hDO55ejkgO4waVz0', port=3306, socket=None, transaction_writes=0, type_map={'Currency': ('decimal', '21,9'), 'Int': ('int', '11'), 'Long Int': ('bigint', '20'), 'Float': ('decimal', '21,9'), 'Percent': ('decimal', '21,9'), 'Check': ('tinyint', '4'), 'Small Text': ('text', ''), 'Long Text': ('longtext...'), 'Color': ('varchar', 140), 'Barcode': ('longtext', ''), 'Geolocation': ('longtext', ''), 'Duration': ('decimal', '21,9'), 'Icon': ('varchar', 140), 'Phone': ('varchar', 140), 'Autocomplete': ('varchar', 140), 'JSON': ('json', '')}, user='_2c0861da27548010', value_cache=collections.defaultdict{})
  File "apps/frappe/frappe/database/mariadb/mysqlclient.py", line 121, in create_connection
    return MySQLdb.connect(**self.get_connection_settings())
      self = frappe.database.mariadb.mysqlclient.MariaDBDatabase(after_commit=frappe.utils.CallbackManager(-), after_rollback=frappe.utils.CallbackManager(-), auto_commit_on_many_writes=0, before_commit=frappe.utils.CallbackManager(-), before_rollback=frappe.utils.CallbackManager(-), cur_db_name='_2c0861da27548010', db_type='mariadb', host='127.0.0.1', logger=<Logger database-project1 (WARNING)>, password='hDO55ejkgO4waVz0', port=3306, socket=None, transaction_writes=0, type_map={'Currency': ('decimal', '21,9'), 'Int': ('int', '11'), 'Long Int': ('bigint', '20'), 'Float': ('decimal', '21,9'), 'Percent': ('decimal', '21,9'), 'Check': ('tinyint', '4'), 'Small Text': ('text', ''), 'Long Text': ('longtext...'), 'Color': ('varchar', 140), 'Barcode': ('longtext', ''), 'Geolocation': ('longtext', ''), 'Duration': ('decimal', '21,9'), 'Icon': ('varchar', 140), 'Phone': ('varchar', 140), 'Autocomplete': ('varchar', 140), 'JSON': ('json', '')}, user='_2c0861da27548010', value_cache=collections.defaultdict{})
  File "env/lib/python3.14/site-packages/MySQLdb/__init__.py", line 121, in Connect
    return Connection(*args, **kwargs)
      args = ()
      kwargs = {'user': '_2c0861da27548010', 'conv': {<class 'int'>: <function Thing2Str at 0x71252cda4bf0>, <class 'float'>: <function Float2Str at 0x71252cda4ca0>, <class 'NoneType'>: <function None2NULL at 0x71252cda4d50>, <class 'array.array'>: <function array2Str at 0x71252cda4f60>, <class 'bool'>: <function Bool2Str at 0x71252cda49e0>, <class 'datetime.date'>: <function Thing2Literal at 0x71252cda4e00>, <class 'datetime.datetime'>: <function DateTime2literal at 0x71252cda4510>, <class 'datetime.timedelta'>: <function escape_timedelta at 0x71252cda6da0>, <class 'set'>: <function Set2Str at 0x71252cda4b40>, <class 'decimal.Decimal'>: <function Decimal2Literal at 0x71252cda4eb0>, 1: <class 'int'>, 2: <c...t'>: <function escape_dict at 0x71252cda6e50>, <class 'frozenset'>: <function escape_frozenset at 0x71252cd638a0>}, 'charset': 'utf8mb4', 'use_unicode': True, 'local_infile': False, 'multi_statements': False, 'database': '_2c0861da27548010', 'host': '127.0.0.1', 'port': 3306, 'password': '********'}
      Connection = MySQLdb.connections.Connection
  File "env/lib/python3.14/site-packages/MySQLdb/connections.py", line 200, in __init__
    super().__init__(*args, **kwargs2)
      self = <_mysql.connection open to '(null)' at 0xf826a50>
      args = ()
      kwargs = {'user': '_2c0861da27548010', 'conv': {<class 'int'>: <function Thing2Str at 0x71252cda4bf0>, <class 'float'>: <function Float2Str at 0x71252cda4ca0>, <class 'NoneType'>: <function None2NULL at 0x71252cda4d50>, <class 'array.array'>: <function array2Str at 0x71252cda4f60>, <class 'bool'>: <function Bool2Str at 0x71252cda49e0>, <class 'datetime.date'>: <function Thing2Literal at 0x71252cda4e00>, <class 'datetime.datetime'>: <function DateTime2literal at 0x71252cda4510>, <class 'datetime.timedelta'>: <function escape_timedelta at 0x71252cda6da0>, <class 'set'>: <function Set2Str at 0x71252cda4b40>, <class 'decimal.Decimal'>: <function Decimal2Literal at 0x71252cda4eb0>, 1: <class 'int'>, 2: <c...t'>: <function escape_dict at 0x71252cda6e50>, <class 'frozenset'>: <function escape_frozenset at 0x71252cd638a0>}, 'charset': 'utf8mb4', 'use_unicode': True, 'local_infile': False, 'multi_statements': False, 'database': '_2c0861da27548010', 'host': '127.0.0.1', 'port': 3306, 'password': '********'}
      CLIENT = <module 'MySQLdb.constants.CLIENT' from 'env/lib/python3.14/site-packages/MySQLdb/constants/CLIENT.py'>
      FIELD_TYPE = <module 'MySQLdb.constants.FIELD_TYPE' from 'env/lib/python3.14/site-packages/MySQLdb/constants/FIELD_TYPE.py'>
      conversions = {<class 'int'>: <function Thing2Str at 0x71252cda4bf0>, <class 'float'>: <function Float2Str at 0x71252cda4ca0>, <class 'NoneType'>: <function None2NULL at 0x71252cda4d50>, <class 'array.array'>: <function array2Str at 0x71252cda4f60>, <class 'bool'>: <function Bool2Str at 0x71252cda49e0>, <class 'datetime.date'>: <function Thing2Literal at 0x71252cda4e00>, <class 'datetime.datetime'>: <function DateTime2literal at 0x71252cda4510>, <class 'datetime.timedelta'>: <function DateTimeDelta2literal at 0x71252cda45c0>, <class 'set'>: <function Set2Str at 0x71252cda4b40>, <class 'decimal.Decimal'>: <function Decimal2Literal at 0x71252cda4eb0>, 1: <class 'int'>, 2: <class 'int'>, 3: <class 'int'>, 4:...r_None at 0x71252cda4250>, 11: <function TimeDelta_or_None at 0x71252cda4300>, 10: <function Date_or_None at 0x71252cda4460>, 249: <class 'bytes'>, 250: <class 'bytes'>, 251: <class 'bytes'>, 252: <class 'bytes'>, 254: <class 'bytes'>, 253: <class 'bytes'>, 15: <class 'bytes'>, 245: <class 'bytes'>}
      _bytes_or_str = ((128, bytes), (None, str))
      kwargs2 = {'user': '_2c0861da27548010', 'conv': {<class 'int'>: <function Thing2Str at 0x71252cda4bf0>, <class 'float'>: <function Float2Str at 0x71252cda4ca0>, <class 'NoneType'>: <function None2NULL at 0x71252cda4d50>, <class 'array.array'>: <function array2Str at 0x71252cda4f60>, <class 'bool'>: <function Bool2Str at 0x71252cda49e0>, <class 'datetime.date'>: <function Thing2Literal at 0x71252cda4e00>, <class 'datetime.datetime'>: <function DateTime2literal at 0x71252cda4510>, <class 'datetime.timedelta'>: <function escape_timedelta at 0x71252cda6da0>, <class 'set'>: <function Set2Str at 0x71252cda4b40>, <class 'decimal.Decimal'>: <function Decimal2Literal at 0x71252cda4eb0>, 1: <class 'int'>, 2: <c...ass 'bytes'>, <class 'dict'>: <function escape_dict at 0x71252cda6e50>, <class 'frozenset'>: <function escape_frozenset at 0x71252cd638a0>}, 'charset': 'utf8mb4', 'local_infile': False, 'database': '_2c0861da27548010', 'host': '127.0.0.1', 'port': 3306, 'password': '********', 'client_flag': 131072}
      conv = {<class 'int'>: <function Thing2Str at 0x71252cda4bf0>, <class 'float'>: <function Float2Str at 0x71252cda4ca0>, <class 'NoneType'>: <function None2NULL at 0x71252cda4d50>, <class 'array.array'>: <function array2Str at 0x71252cda4f60>, <class 'bool'>: <function Bool2Str at 0x71252cda49e0>, <class 'datetime.date'>: <function Thing2Literal at 0x71252cda4e00>, <class 'datetime.datetime'>: <function DateTime2literal at 0x71252cda4510>, <class 'datetime.timedelta'>: <function escape_timedelta at 0x71252cda6da0>, <class 'set'>: <function Set2Str at 0x71252cda4b40>, <class 'decimal.Decimal'>: <function Decimal2Literal at 0x71252cda4eb0>, 1: <class 'int'>, 2: <class 'int'>, 3: <class 'int'>, 4: <cla...249: <class 'bytes'>, 250: <class 'bytes'>, 251: <class 'bytes'>, 252: <class 'bytes'>, 254: <class 'bytes'>, 253: <class 'bytes'>, 15: <class 'bytes'>, 245: <class 'bytes'>, <class 'dict'>: <function escape_dict at 0x71252cda6e50>, <class 'frozenset'>: <function escape_frozenset at 0x71252cd638a0>}
      conv2 = {<class 'int'>: <function Thing2Str at 0x71252cda4bf0>, <class 'float'>: <function Float2Str at 0x71252cda4ca0>, <class 'NoneType'>: <function None2NULL at 0x71252cda4d50>, <class 'array.array'>: <function array2Str at 0x71252cda4f60>, <class 'bool'>: <function Bool2Str at 0x71252cda49e0>, <class 'datetime.date'>: <function Thing2Literal at 0x71252cda4e00>, <class 'datetime.datetime'>: <function DateTime2literal at 0x71252cda4510>, <class 'datetime.timedelta'>: <function escape_timedelta at 0x71252cda6da0>, <class 'set'>: <function Set2Str at 0x71252cda4b40>, <class 'decimal.Decimal'>: <function Decimal2Literal at 0x71252cda4eb0>, 1: <class 'int'>, 2: <class 'int'>, 3: <class 'int'>, 4: <cla...249: <class 'bytes'>, 250: <class 'bytes'>, 251: <class 'bytes'>, 252: <class 'bytes'>, 254: <class 'bytes'>, 253: <class 'bytes'>, 15: <class 'bytes'>, 245: <class 'bytes'>, <class 'dict'>: <function escape_dict at 0x71252cda6e50>, <class 'frozenset'>: <function escape_frozenset at 0x71252cd638a0>}
      k = frozenset
      v = <function escape_frozenset at 0x71252cd638a0>
      cursorclass = MySQLdb.cursors.Cursor
      charset = 'utf8mb4'
      collation = ''
      use_unicode = True
      sql_mode = ''
      client_flag = 131072
      multi_statements = False
      autocommit = False
      __class__ = MySQLdb.connections.Connection
MySQLdb.OperationalError: (1045, "Access denied for user '_2c0861da27548010'@'localhost' (using password: YES)")
set -o pipefail; /usr/bin/mariadb-dump --user=_0e0e8f4505c3c9e6 --host=127.0.0.1 --port=3306 --password=********** --single-transaction --quick --lock-tables=false _0e0e8f4505c3c9e6 | /usr/bin/gzip >> ./doctypesite/private/backups/20260729_173003-doctypesite-database.sql.gz

Backup Summary for doctypesite at 2026-07-29 17:30:05.619499
Config  : /home/sanjayh/frappe16-bench/sites/doctypesite/private/backups/20260729_173003-doctypesite-site_config_backup.json 246.0B
Database: /home/sanjayh/frappe16-bench/sites/doctypesite/private/backups/20260729_173003-doctypesite-database.sql.gz 421.3KiB
Backup for Site doctypesite has been successfully completed
File ./project/private/backups/20260728_113004-project-site_config_backup.json is older than 23 hours
File ./project/private/backups/20260728_173004-project-site_config_backup.json is older than 23 hours
File ./project/private/backups/20260728_113004-project-database.sql.gz is older than 23 hours
File ./project/private/backups/20260728_173004-project-database.sql.gz is older than 23 hours
set -o pipefail; /usr/bin/mariadb-dump --user=_cc001b8908fd52e2 --host=127.0.0.1 --port=3306 --password=********** --single-transaction --quick --lock-tables=false _cc001b8908fd52e2 | /usr/bin/gzip >> ./project/private/backups/20260729_173005-project-database.sql.gz

Backup Summary for project at 2026-07-29 17:30:07.087232
Config  : /home/sanjayh/frappe16-bench/sites/project/private/backups/20260729_173005-project-site_config_backup.json 187.0B
Database: /home/sanjayh/frappe16-bench/sites/project/private/backups/20260729_173005-project-database.sql.gz 289.4KiB
Backup for Site project has been successfully completed
Backup failed for Site project1. Database or site_config.json may be corrupted
Traceback with variables (most recent call last):
  File "apps/frappe/frappe/commands/site.py", line 881, in backup
    odb = scheduled_backup(
      context = CliCtxObj(force=False, profile=False, sites=['doctypesite', 'project', 'project1', 'site1.local', 'site2.local'], verbose=True)
      with_files = False
      backup_path = None
      backup_path_db = None
      backup_path_files = None
      backup_path_private_files = None
      backup_path_conf = None
      ignore_backup_conf = False
      verbose = True
      compress = False
      include = ''
      exclude = ''
      old_backup_metadata = False
      scheduled_backup = <function scheduled_backup at 0x7f56d1e2a560>
      exit_code = 0
      rollback_callback = None
      site = 'project1'
      odb = frappe.utils.backups.BackupGenerator(backup_excludes=[], backup_includes=[], backup_path=None, backup_path_conf='./project/private/backups/20260729_173005-project-site_config_backup.json', backup_path_db='./project/private/backups/20260729_173005-project-database.sql.gz', backup_path_files='./project/private/backups/20260729_173005-project-files.tar', backup_path_private_files='./project/private/backups/20260729_173005-project-private-files.tar', compress_files=False, db_host='127.0.0.1', db_name='_cc001b8908fd52e2', db_port=3306, db_socket=None, db_type='mariadb', exclude_doctypes='', ignore_conf=False, include_doctypes='', old_backup_metadata=False, partial=[], password='MkfhelKK7676ix1L', rollback_callback=frappe.utils.CallbackManager(-), site_slug='project', todays_date='20260729_173005', user='_cc001b8908fd52e2', verbose=True)
  File "apps/frappe/frappe/utils/backups.py", line 589, in scheduled_backup
    return new_backup(
      older_than = 6
      ignore_files = True
      backup_path = None
      backup_path_db = None
      backup_path_files = None
      backup_path_private_files = None
      backup_path_conf = None
      ignore_conf = False
      include_doctypes = ''
      exclude_doctypes = ''
      compress = False
      force = True
      verbose = True
      old_backup_metadata = False
      rollback_callback = frappe.utils.CallbackManager()
  File "apps/frappe/frappe/utils/backups.py", line 626, in new_backup
    odb = BackupGenerator(
      older_than = 6
      ignore_files = True
      backup_path = None
      backup_path_db = None
      backup_path_files = None
      backup_path_private_files = None
      backup_path_conf = None
      ignore_conf = False
      include_doctypes = ''
      exclude_doctypes = ''
      compress = False
      force = True
      verbose = True
      old_backup_metadata = False
      rollback_callback = frappe.utils.CallbackManager()
  File "apps/frappe/frappe/utils/backups.py", line 89, in __init__
    self.setup_backup_tables()
      self = frappe.utils.backups.BackupGenerator(backup_path=None, backup_path_conf=None, backup_path_db=None, backup_path_files=None, backup_path_private_files=None, compress_files=False, db_host='127.0.0.1', db_name='_2c0861da27548010', db_port=3306, db_socket=None, db_type='mariadb', exclude_doctypes='', ignore_conf=False, include_doctypes='', old_backup_metadata=False, partial=False, password='hDO55ejkgO4waVz0', rollback_callback=frappe.utils.CallbackManager(-), site_slug='project1', user='_2c0861da27548010', verbose=True)
      db_name = '_2c0861da27548010'
      user = '_2c0861da27548010'
      password = ********
      backup_path = None
      backup_path_db = None
      backup_path_files = None
      backup_path_private_files = None
      db_socket = None
      db_host = '127.0.0.1'
      db_port = 3306
      db_type = 'mariadb'
      backup_path_conf = None
      ignore_conf = False
      compress_files = False
      include_doctypes = ''
      exclude_doctypes = ''
      verbose = True
      old_backup_metadata = False
      rollback_callback = frappe.utils.CallbackManager()
      site = 'project1'
  File "apps/frappe/frappe/utils/backups.py", line 126, in setup_backup_tables
    self._set_existing_tables()
      self = frappe.utils.backups.BackupGenerator(backup_path=None, backup_path_conf=None, backup_path_db=None, backup_path_files=None, backup_path_private_files=None, compress_files=False, db_host='127.0.0.1', db_name='_2c0861da27548010', db_port=3306, db_socket=None, db_type='mariadb', exclude_doctypes='', ignore_conf=False, include_doctypes='', old_backup_metadata=False, partial=False, password='hDO55ejkgO4waVz0', rollback_callback=frappe.utils.CallbackManager(-), site_slug='project1', user='_2c0861da27548010', verbose=True)
  File "apps/frappe/frappe/utils/backups.py", line 122, in _set_existing_tables
    self._existing_tables = frappe.db.get_tables()
      self = frappe.utils.backups.BackupGenerator(backup_path=None, backup_path_conf=None, backup_path_db=None, backup_path_files=None, backup_path_private_files=None, compress_files=False, db_host='127.0.0.1', db_name='_2c0861da27548010', db_port=3306, db_socket=None, db_type='mariadb', exclude_doctypes='', ignore_conf=False, include_doctypes='', old_backup_metadata=False, partial=False, password='hDO55ejkgO4waVz0', rollback_callback=frappe.utils.CallbackManager(-), site_slug='project1', user='_2c0861da27548010', verbose=True)
  File "apps/frappe/frappe/database/mariadb/mysqlclient.py", line 522, in get_tables
    .run(pluck=True)
      self = frappe.database.mariadb.mysqlclient.MariaDBDatabase(after_commit=frappe.utils.CallbackManager(-), after_rollback=frappe.utils.CallbackManager(-), auto_commit_on_many_writes=0, before_commit=frappe.utils.CallbackManager(-), before_rollback=frappe.utils.CallbackManager(-), cur_db_name='_2c0861da27548010', db_type='mariadb', host='127.0.0.1', logger=<Logger database-project1 (WARNING)>, password='hDO55ejkgO4waVz0', port=3306, socket=None, transaction_writes=0, type_map={'Currency': ('decimal', '21,9'), 'Int': ('int', '11'), 'Long Int': ('bigint', '20'), 'Float': ('decimal', '21,9'), 'Percent': ('decimal', '21,9'), 'Check': ('tinyint', '4'), 'Small Text': ('text', ''), 'Long Text': ('longtext...'), 'Color': ('varchar', 140), 'Barcode': ('longtext', ''), 'Geolocation': ('longtext', ''), 'Duration': ('decimal', '21,9'), 'Icon': ('varchar', 140), 'Phone': ('varchar', 140), 'Autocomplete': ('varchar', 140), 'JSON': ('json', '')}, user='_2c0861da27548010', value_cache=collections.defaultdict{})
      cached = True
      to_query = True
      tables = None
      information_schema = pypika.queries.Schema()
  File "apps/frappe/frappe/query_builder/utils.py", line 131, in execute_query
    result = frappe.local.db.sql(query, params, *args, **kwargs)  # nosemgrep
      query = 'SELECT `table_name` FROM `information_schema`.`tables` WHERE `table_schema`=%(param1)s'
      args = ()
      kwargs = {'pluck': True}
      dt = None
      fields = []
      child_queries = "_child_queries"
      params = {'param1': '_2c0861da27548010'}
  File "apps/frappe/frappe/database/database.py", line 249, in sql
    self.connect()
      self = frappe.database.mariadb.mysqlclient.MariaDBDatabase(after_commit=frappe.utils.CallbackManager(-), after_rollback=frappe.utils.CallbackManager(-), auto_commit_on_many_writes=0, before_commit=frappe.utils.CallbackManager(-), before_rollback=frappe.utils.CallbackManager(-), cur_db_name='_2c0861da27548010', db_type='mariadb', host='127.0.0.1', logger=<Logger database-project1 (WARNING)>, password='hDO55ejkgO4waVz0', port=3306, socket=None, transaction_writes=0, type_map={'Currency': ('decimal', '21,9'), 'Int': ('int', '11'), 'Long Int': ('bigint', '20'), 'Float': ('decimal', '21,9'), 'Percent': ('decimal', '21,9'), 'Check': ('tinyint', '4'), 'Small Text': ('text', ''), 'Long Text': ('longtext...'), 'Color': ('varchar', 140), 'Barcode': ('longtext', ''), 'Geolocation': ('longtext', ''), 'Duration': ('decimal', '21,9'), 'Icon': ('varchar', 140), 'Phone': ('varchar', 140), 'Autocomplete': ('varchar', 140), 'JSON': ('json', '')}, user='_2c0861da27548010', value_cache=collections.defaultdict{})
      query = 'SELECT `table_name` FROM `information_schema`.`tables` WHERE `table_schema`=%(param1)s'
      values = {'param1': '_2c0861da27548010'}
      as_dict = 0
      as_list = 0
      debug = False
      ignore_ddl = 0
      auto_commit = 0
      update = None
      explain = False
      run = True
      pluck = True
      as_iterator = False
      query_type = 'select'
  File "apps/frappe/frappe/database/database.py", line 147, in connect
    self.get_connection()
      self = frappe.database.mariadb.mysqlclient.MariaDBDatabase(after_commit=frappe.utils.CallbackManager(-), after_rollback=frappe.utils.CallbackManager(-), auto_commit_on_many_writes=0, before_commit=frappe.utils.CallbackManager(-), before_rollback=frappe.utils.CallbackManager(-), cur_db_name='_2c0861da27548010', db_type='mariadb', host='127.0.0.1', logger=<Logger database-project1 (WARNING)>, password='hDO55ejkgO4waVz0', port=3306, socket=None, transaction_writes=0, type_map={'Currency': ('decimal', '21,9'), 'Int': ('int', '11'), 'Long Int': ('bigint', '20'), 'Float': ('decimal', '21,9'), 'Percent': ('decimal', '21,9'), 'Check': ('tinyint', '4'), 'Small Text': ('text', ''), 'Long Text': ('longtext...'), 'Color': ('varchar', 140), 'Barcode': ('longtext', ''), 'Geolocation': ('longtext', ''), 'Duration': ('decimal', '21,9'), 'Icon': ('varchar', 140), 'Phone': ('varchar', 140), 'Autocomplete': ('varchar', 140), 'JSON': ('json', '')}, user='_2c0861da27548010', value_cache=collections.defaultdict{})
  File "apps/frappe/frappe/database/mariadb/mysqlclient.py", line 113, in get_connection
    conn = self._get_connection()
      self = frappe.database.mariadb.mysqlclient.MariaDBDatabase(after_commit=frappe.utils.CallbackManager(-), after_rollback=frappe.utils.CallbackManager(-), auto_commit_on_many_writes=0, before_commit=frappe.utils.CallbackManager(-), before_rollback=frappe.utils.CallbackManager(-), cur_db_name='_2c0861da27548010', db_type='mariadb', host='127.0.0.1', logger=<Logger database-project1 (WARNING)>, password='hDO55ejkgO4waVz0', port=3306, socket=None, transaction_writes=0, type_map={'Currency': ('decimal', '21,9'), 'Int': ('int', '11'), 'Long Int': ('bigint', '20'), 'Float': ('decimal', '21,9'), 'Percent': ('decimal', '21,9'), 'Check': ('tinyint', '4'), 'Small Text': ('text', ''), 'Long Text': ('longtext...'), 'Color': ('varchar', 140), 'Barcode': ('longtext', ''), 'Geolocation': ('longtext', ''), 'Duration': ('decimal', '21,9'), 'Icon': ('varchar', 140), 'Phone': ('varchar', 140), 'Autocomplete': ('varchar', 140), 'JSON': ('json', '')}, user='_2c0861da27548010', value_cache=collections.defaultdict{})
  File "apps/frappe/frappe/database/mariadb/mysqlclient.py", line 118, in _get_connection
    return self.create_connection()
      self = frappe.database.mariadb.mysqlclient.MariaDBDatabase(after_commit=frappe.utils.CallbackManager(-), after_rollback=frappe.utils.CallbackManager(-), auto_commit_on_many_writes=0, before_commit=frappe.utils.CallbackManager(-), before_rollback=frappe.utils.CallbackManager(-), cur_db_name='_2c0861da27548010', db_type='mariadb', host='127.0.0.1', logger=<Logger database-project1 (WARNING)>, password='hDO55ejkgO4waVz0', port=3306, socket=None, transaction_writes=0, type_map={'Currency': ('decimal', '21,9'), 'Int': ('int', '11'), 'Long Int': ('bigint', '20'), 'Float': ('decimal', '21,9'), 'Percent': ('decimal', '21,9'), 'Check': ('tinyint', '4'), 'Small Text': ('text', ''), 'Long Text': ('longtext...'), 'Color': ('varchar', 140), 'Barcode': ('longtext', ''), 'Geolocation': ('longtext', ''), 'Duration': ('decimal', '21,9'), 'Icon': ('varchar', 140), 'Phone': ('varchar', 140), 'Autocomplete': ('varchar', 140), 'JSON': ('json', '')}, user='_2c0861da27548010', value_cache=collections.defaultdict{})
  File "apps/frappe/frappe/database/mariadb/mysqlclient.py", line 121, in create_connection
    return MySQLdb.connect(**self.get_connection_settings())
      self = frappe.database.mariadb.mysqlclient.MariaDBDatabase(after_commit=frappe.utils.CallbackManager(-), after_rollback=frappe.utils.CallbackManager(-), auto_commit_on_many_writes=0, before_commit=frappe.utils.CallbackManager(-), before_rollback=frappe.utils.CallbackManager(-), cur_db_name='_2c0861da27548010', db_type='mariadb', host='127.0.0.1', logger=<Logger database-project1 (WARNING)>, password='hDO55ejkgO4waVz0', port=3306, socket=None, transaction_writes=0, type_map={'Currency': ('decimal', '21,9'), 'Int': ('int', '11'), 'Long Int': ('bigint', '20'), 'Float': ('decimal', '21,9'), 'Percent': ('decimal', '21,9'), 'Check': ('tinyint', '4'), 'Small Text': ('text', ''), 'Long Text': ('longtext...'), 'Color': ('varchar', 140), 'Barcode': ('longtext', ''), 'Geolocation': ('longtext', ''), 'Duration': ('decimal', '21,9'), 'Icon': ('varchar', 140), 'Phone': ('varchar', 140), 'Autocomplete': ('varchar', 140), 'JSON': ('json', '')}, user='_2c0861da27548010', value_cache=collections.defaultdict{})
  File "env/lib/python3.14/site-packages/MySQLdb/__init__.py", line 121, in Connect
    return Connection(*args, **kwargs)
      args = ()
      kwargs = {'user': '_2c0861da27548010', 'conv': {<class 'int'>: <function Thing2Str at 0x7f56d0f94bf0>, <class 'float'>: <function Float2Str at 0x7f56d0f94ca0>, <class 'NoneType'>: <function None2NULL at 0x7f56d0f94d50>, <class 'array.array'>: <function array2Str at 0x7f56d0f94f60>, <class 'bool'>: <function Bool2Str at 0x7f56d0f949e0>, <class 'datetime.date'>: <function Thing2Literal at 0x7f56d0f94e00>, <class 'datetime.datetime'>: <function DateTime2literal at 0x7f56d0f94510>, <class 'datetime.timedelta'>: <function escape_timedelta at 0x7f56d0f96da0>, <class 'set'>: <function Set2Str at 0x7f56d0f94b40>, <class 'decimal.Decimal'>: <function Decimal2Literal at 0x7f56d0f94eb0>, 1: <class 'int'>, 2: <c...t'>: <function escape_dict at 0x7f56d0f96e50>, <class 'frozenset'>: <function escape_frozenset at 0x7f56d0f538a0>}, 'charset': 'utf8mb4', 'use_unicode': True, 'local_infile': False, 'multi_statements': False, 'database': '_2c0861da27548010', 'host': '127.0.0.1', 'port': 3306, 'password': '********'}
      Connection = MySQLdb.connections.Connection
  File "env/lib/python3.14/site-packages/MySQLdb/connections.py", line 200, in __init__
    super().__init__(*args, **kwargs2)
      self = <_mysql.connection open to '(null)' at 0x254380a0>
      args = ()
      kwargs = {'user': '_2c0861da27548010', 'conv': {<class 'int'>: <function Thing2Str at 0x7f56d0f94bf0>, <class 'float'>: <function Float2Str at 0x7f56d0f94ca0>, <class 'NoneType'>: <function None2NULL at 0x7f56d0f94d50>, <class 'array.array'>: <function array2Str at 0x7f56d0f94f60>, <class 'bool'>: <function Bool2Str at 0x7f56d0f949e0>, <class 'datetime.date'>: <function Thing2Literal at 0x7f56d0f94e00>, <class 'datetime.datetime'>: <function DateTime2literal at 0x7f56d0f94510>, <class 'datetime.timedelta'>: <function escape_timedelta at 0x7f56d0f96da0>, <class 'set'>: <function Set2Str at 0x7f56d0f94b40>, <class 'decimal.Decimal'>: <function Decimal2Literal at 0x7f56d0f94eb0>, 1: <class 'int'>, 2: <c...t'>: <function escape_dict at 0x7f56d0f96e50>, <class 'frozenset'>: <function escape_frozenset at 0x7f56d0f538a0>}, 'charset': 'utf8mb4', 'use_unicode': True, 'local_infile': False, 'multi_statements': False, 'database': '_2c0861da27548010', 'host': '127.0.0.1', 'port': 3306, 'password': '********'}
      CLIENT = <module 'MySQLdb.constants.CLIENT' from 'env/lib/python3.14/site-packages/MySQLdb/constants/CLIENT.py'>
      FIELD_TYPE = <module 'MySQLdb.constants.FIELD_TYPE' from 'env/lib/python3.14/site-packages/MySQLdb/constants/FIELD_TYPE.py'>
      conversions = {<class 'int'>: <function Thing2Str at 0x7f56d0f94bf0>, <class 'float'>: <function Float2Str at 0x7f56d0f94ca0>, <class 'NoneType'>: <function None2NULL at 0x7f56d0f94d50>, <class 'array.array'>: <function array2Str at 0x7f56d0f94f60>, <class 'bool'>: <function Bool2Str at 0x7f56d0f949e0>, <class 'datetime.date'>: <function Thing2Literal at 0x7f56d0f94e00>, <class 'datetime.datetime'>: <function DateTime2literal at 0x7f56d0f94510>, <class 'datetime.timedelta'>: <function DateTimeDelta2literal at 0x7f56d0f945c0>, <class 'set'>: <function Set2Str at 0x7f56d0f94b40>, <class 'decimal.Decimal'>: <function Decimal2Literal at 0x7f56d0f94eb0>, 1: <class 'int'>, 2: <class 'int'>, 3: <class 'int'>, 4:...r_None at 0x7f56d0f94250>, 11: <function TimeDelta_or_None at 0x7f56d0f94300>, 10: <function Date_or_None at 0x7f56d0f94460>, 249: <class 'bytes'>, 250: <class 'bytes'>, 251: <class 'bytes'>, 252: <class 'bytes'>, 254: <class 'bytes'>, 253: <class 'bytes'>, 15: <class 'bytes'>, 245: <class 'bytes'>}
      _bytes_or_str = ((128, bytes), (None, str))
      kwargs2 = {'user': '_2c0861da27548010', 'conv': {<class 'int'>: <function Thing2Str at 0x7f56d0f94bf0>, <class 'float'>: <function Float2Str at 0x7f56d0f94ca0>, <class 'NoneType'>: <function None2NULL at 0x7f56d0f94d50>, <class 'array.array'>: <function array2Str at 0x7f56d0f94f60>, <class 'bool'>: <function Bool2Str at 0x7f56d0f949e0>, <class 'datetime.date'>: <function Thing2Literal at 0x7f56d0f94e00>, <class 'datetime.datetime'>: <function DateTime2literal at 0x7f56d0f94510>, <class 'datetime.timedelta'>: <function escape_timedelta at 0x7f56d0f96da0>, <class 'set'>: <function Set2Str at 0x7f56d0f94b40>, <class 'decimal.Decimal'>: <function Decimal2Literal at 0x7f56d0f94eb0>, 1: <class 'int'>, 2: <c...ass 'bytes'>, <class 'dict'>: <function escape_dict at 0x7f56d0f96e50>, <class 'frozenset'>: <function escape_frozenset at 0x7f56d0f538a0>}, 'charset': 'utf8mb4', 'local_infile': False, 'database': '_2c0861da27548010', 'host': '127.0.0.1', 'port': 3306, 'password': '********', 'client_flag': 131072}
      conv = {<class 'int'>: <function Thing2Str at 0x7f56d0f94bf0>, <class 'float'>: <function Float2Str at 0x7f56d0f94ca0>, <class 'NoneType'>: <function None2NULL at 0x7f56d0f94d50>, <class 'array.array'>: <function array2Str at 0x7f56d0f94f60>, <class 'bool'>: <function Bool2Str at 0x7f56d0f949e0>, <class 'datetime.date'>: <function Thing2Literal at 0x7f56d0f94e00>, <class 'datetime.datetime'>: <function DateTime2literal at 0x7f56d0f94510>, <class 'datetime.timedelta'>: <function escape_timedelta at 0x7f56d0f96da0>, <class 'set'>: <function Set2Str at 0x7f56d0f94b40>, <class 'decimal.Decimal'>: <function Decimal2Literal at 0x7f56d0f94eb0>, 1: <class 'int'>, 2: <class 'int'>, 3: <class 'int'>, 4: <cla...249: <class 'bytes'>, 250: <class 'bytes'>, 251: <class 'bytes'>, 252: <class 'bytes'>, 254: <class 'bytes'>, 253: <class 'bytes'>, 15: <class 'bytes'>, 245: <class 'bytes'>, <class 'dict'>: <function escape_dict at 0x7f56d0f96e50>, <class 'frozenset'>: <function escape_frozenset at 0x7f56d0f538a0>}
      conv2 = {<class 'int'>: <function Thing2Str at 0x7f56d0f94bf0>, <class 'float'>: <function Float2Str at 0x7f56d0f94ca0>, <class 'NoneType'>: <function None2NULL at 0x7f56d0f94d50>, <class 'array.array'>: <function array2Str at 0x7f56d0f94f60>, <class 'bool'>: <function Bool2Str at 0x7f56d0f949e0>, <class 'datetime.date'>: <function Thing2Literal at 0x7f56d0f94e00>, <class 'datetime.datetime'>: <function DateTime2literal at 0x7f56d0f94510>, <class 'datetime.timedelta'>: <function escape_timedelta at 0x7f56d0f96da0>, <class 'set'>: <function Set2Str at 0x7f56d0f94b40>, <class 'decimal.Decimal'>: <function Decimal2Literal at 0x7f56d0f94eb0>, 1: <class 'int'>, 2: <class 'int'>, 3: <class 'int'>, 4: <cla...249: <class 'bytes'>, 250: <class 'bytes'>, 251: <class 'bytes'>, 252: <class 'bytes'>, 254: <class 'bytes'>, 253: <class 'bytes'>, 15: <class 'bytes'>, 245: <class 'bytes'>, <class 'dict'>: <function escape_dict at 0x7f56d0f96e50>, <class 'frozenset'>: <function escape_frozenset at 0x7f56d0f538a0>}
      k = frozenset
      v = <function escape_frozenset at 0x7f56d0f538a0>
      cursorclass = MySQLdb.cursors.Cursor
      charset = 'utf8mb4'
      collation = ''
      use_unicode = True
      sql_mode = ''
      client_flag = 131072
      multi_statements = False
      autocommit = False
      __class__ = MySQLdb.connections.Connection
MySQLdb.OperationalError: (1045, "Access denied for user '_2c0861da27548010'@'localhost' (using password: YES)")
Backup failed for Site site1.local. Database or site_config.json may be corrupted
Traceback with variables (most recent call last):
  File "apps/frappe/frappe/commands/site.py", line 881, in backup
    odb = scheduled_backup(
      context = CliCtxObj(force=False, profile=False, sites=['doctypesite', 'project', 'project1', 'site1.local', 'site2.local'], verbose=True)
      with_files = False
      backup_path = None
      backup_path_db = None
      backup_path_files = None
      backup_path_private_files = None
      backup_path_conf = None
      ignore_backup_conf = False
      verbose = True
      compress = False
      include = ''
      exclude = ''
      old_backup_metadata = False
      scheduled_backup = <function scheduled_backup at 0x7f56d1e2a560>
      exit_code = 1
      rollback_callback = None
      site = 'site1.local'
      odb = frappe.utils.backups.BackupGenerator(backup_excludes=[], backup_includes=[], backup_path=None, backup_path_conf='./project/private/backups/20260729_173005-project-site_config_backup.json', backup_path_db='./project/private/backups/20260729_173005-project-database.sql.gz', backup_path_files='./project/private/backups/20260729_173005-project-files.tar', backup_path_private_files='./project/private/backups/20260729_173005-project-private-files.tar', compress_files=False, db_host='127.0.0.1', db_name='_cc001b8908fd52e2', db_port=3306, db_socket=None, db_type='mariadb', exclude_doctypes='', ignore_conf=False, include_doctypes='', old_backup_metadata=False, partial=[], password='MkfhelKK7676ix1L', rollback_callback=frappe.utils.CallbackManager(-), site_slug='project', todays_date='20260729_173005', user='_cc001b8908fd52e2', verbose=True)
  File "apps/frappe/frappe/utils/backups.py", line 589, in scheduled_backup
    return new_backup(
      older_than = 6
      ignore_files = True
      backup_path = None
      backup_path_db = None
      backup_path_files = None
      backup_path_private_files = None
      backup_path_conf = None
      ignore_conf = False
      include_doctypes = ''
      exclude_doctypes = ''
      compress = False
      force = True
      verbose = True
      old_backup_metadata = False
      rollback_callback = frappe.utils.CallbackManager()
  File "apps/frappe/frappe/utils/backups.py", line 626, in new_backup
    odb = BackupGenerator(
      older_than = 6
      ignore_files = True
      backup_path = None
      backup_path_db = None
      backup_path_files = None
      backup_path_private_files = None
      backup_path_conf = None
      ignore_conf = False
      include_doctypes = ''
      exclude_doctypes = ''
      compress = False
      force = True
      verbose = True
      old_backup_metadata = False
      rollback_callback = frappe.utils.CallbackManager()
  File "apps/frappe/frappe/utils/backups.py", line 89, in __init__
    self.setup_backup_tables()
      self = frappe.utils.backups.BackupGenerator(backup_path=None, backup_path_conf=None, backup_path_db=None, backup_path_files=None, backup_path_private_files=None, compress_files=False, db_host='127.0.0.1', db_name='_2c0861da27548010', db_port=3306, db_socket=None, db_type='mariadb', exclude_doctypes='', ignore_conf=False, include_doctypes='', old_backup_metadata=False, partial=False, password='hDO55ejkgO4waVz0', rollback_callback=frappe.utils.CallbackManager(-), site_slug='project1', user='_2c0861da27548010', verbose=True)
      db_name = '_2c0861da27548010'
      user = '_2c0861da27548010'
      password = ********
      backup_path = None
      backup_path_db = None
      backup_path_files = None
      backup_path_private_files = None
      db_socket = None
      db_host = '127.0.0.1'
      db_port = 3306
      db_type = 'mariadb'
      backup_path_conf = None
      ignore_conf = False
      compress_files = False
      include_doctypes = ''
      exclude_doctypes = ''
      verbose = True
      old_backup_metadata = False
      rollback_callback = frappe.utils.CallbackManager()
      site = 'project1'
  File "apps/frappe/frappe/utils/backups.py", line 126, in setup_backup_tables
    self._set_existing_tables()
      self = frappe.utils.backups.BackupGenerator(backup_path=None, backup_path_conf=None, backup_path_db=None, backup_path_files=None, backup_path_private_files=None, compress_files=False, db_host='127.0.0.1', db_name='_2c0861da27548010', db_port=3306, db_socket=None, db_type='mariadb', exclude_doctypes='', ignore_conf=False, include_doctypes='', old_backup_metadata=False, partial=False, password='hDO55ejkgO4waVz0', rollback_callback=frappe.utils.CallbackManager(-), site_slug='project1', user='_2c0861da27548010', verbose=True)
  File "apps/frappe/frappe/utils/backups.py", line 122, in _set_existing_tables
    self._existing_tables = frappe.db.get_tables()
      self = frappe.utils.backups.BackupGenerator(backup_path=None, backup_path_conf=None, backup_path_db=None, backup_path_files=None, backup_path_private_files=None, compress_files=False, db_host='127.0.0.1', db_name='_2c0861da27548010', db_port=3306, db_socket=None, db_type='mariadb', exclude_doctypes='', ignore_conf=False, include_doctypes='', old_backup_metadata=False, partial=False, password='hDO55ejkgO4waVz0', rollback_callback=frappe.utils.CallbackManager(-), site_slug='project1', user='_2c0861da27548010', verbose=True)
  File "apps/frappe/frappe/database/mariadb/mysqlclient.py", line 522, in get_tables
    .run(pluck=True)
      self = frappe.database.mariadb.mysqlclient.MariaDBDatabase(after_commit=frappe.utils.CallbackManager(-), after_rollback=frappe.utils.CallbackManager(-), auto_commit_on_many_writes=0, before_commit=frappe.utils.CallbackManager(-), before_rollback=frappe.utils.CallbackManager(-), cur_db_name='_2c0861da27548010', db_type='mariadb', host='127.0.0.1', logger=<Logger database-project1 (WARNING)>, password='hDO55ejkgO4waVz0', port=3306, socket=None, transaction_writes=0, type_map={'Currency': ('decimal', '21,9'), 'Int': ('int', '11'), 'Long Int': ('bigint', '20'), 'Float': ('decimal', '21,9'), 'Percent': ('decimal', '21,9'), 'Check': ('tinyint', '4'), 'Small Text': ('text', ''), 'Long Text': ('longtext...'), 'Color': ('varchar', 140), 'Barcode': ('longtext', ''), 'Geolocation': ('longtext', ''), 'Duration': ('decimal', '21,9'), 'Icon': ('varchar', 140), 'Phone': ('varchar', 140), 'Autocomplete': ('varchar', 140), 'JSON': ('json', '')}, user='_2c0861da27548010', value_cache=collections.defaultdict{})
      cached = True
      to_query = True
      tables = None
      information_schema = pypika.queries.Schema()
  File "apps/frappe/frappe/query_builder/utils.py", line 131, in execute_query
    result = frappe.local.db.sql(query, params, *args, **kwargs)  # nosemgrep
      query = 'SELECT `table_name` FROM `information_schema`.`tables` WHERE `table_schema`=%(param1)s'
      args = ()
      kwargs = {'pluck': True}
      dt = None
      fields = []
      child_queries = "_child_queries"
      params = {'param1': '_2c0861da27548010'}
  File "apps/frappe/frappe/database/database.py", line 249, in sql
    self.connect()
      self = frappe.database.mariadb.mysqlclient.MariaDBDatabase(after_commit=frappe.utils.CallbackManager(-), after_rollback=frappe.utils.CallbackManager(-), auto_commit_on_many_writes=0, before_commit=frappe.utils.CallbackManager(-), before_rollback=frappe.utils.CallbackManager(-), cur_db_name='_2c0861da27548010', db_type='mariadb', host='127.0.0.1', logger=<Logger database-project1 (WARNING)>, password='hDO55ejkgO4waVz0', port=3306, socket=None, transaction_writes=0, type_map={'Currency': ('decimal', '21,9'), 'Int': ('int', '11'), 'Long Int': ('bigint', '20'), 'Float': ('decimal', '21,9'), 'Percent': ('decimal', '21,9'), 'Check': ('tinyint', '4'), 'Small Text': ('text', ''), 'Long Text': ('longtext...'), 'Color': ('varchar', 140), 'Barcode': ('longtext', ''), 'Geolocation': ('longtext', ''), 'Duration': ('decimal', '21,9'), 'Icon': ('varchar', 140), 'Phone': ('varchar', 140), 'Autocomplete': ('varchar', 140), 'JSON': ('json', '')}, user='_2c0861da27548010', value_cache=collections.defaultdict{})
      query = 'SELECT `table_name` FROM `information_schema`.`tables` WHERE `table_schema`=%(param1)s'
      values = {'param1': '_2c0861da27548010'}
      as_dict = 0
      as_list = 0
      debug = False
      ignore_ddl = 0
      auto_commit = 0
      update = None
      explain = False
      run = True
      pluck = True
      as_iterator = False
      query_type = 'select'
  File "apps/frappe/frappe/database/database.py", line 147, in connect
    self.get_connection()
      self = frappe.database.mariadb.mysqlclient.MariaDBDatabase(after_commit=frappe.utils.CallbackManager(-), after_rollback=frappe.utils.CallbackManager(-), auto_commit_on_many_writes=0, before_commit=frappe.utils.CallbackManager(-), before_rollback=frappe.utils.CallbackManager(-), cur_db_name='_2c0861da27548010', db_type='mariadb', host='127.0.0.1', logger=<Logger database-project1 (WARNING)>, password='hDO55ejkgO4waVz0', port=3306, socket=None, transaction_writes=0, type_map={'Currency': ('decimal', '21,9'), 'Int': ('int', '11'), 'Long Int': ('bigint', '20'), 'Float': ('decimal', '21,9'), 'Percent': ('decimal', '21,9'), 'Check': ('tinyint', '4'), 'Small Text': ('text', ''), 'Long Text': ('longtext...'), 'Color': ('varchar', 140), 'Barcode': ('longtext', ''), 'Geolocation': ('longtext', ''), 'Duration': ('decimal', '21,9'), 'Icon': ('varchar', 140), 'Phone': ('varchar', 140), 'Autocomplete': ('varchar', 140), 'JSON': ('json', '')}, user='_2c0861da27548010', value_cache=collections.defaultdict{})
  File "apps/frappe/frappe/database/mariadb/mysqlclient.py", line 113, in get_connection
    conn = self._get_connection()
      self = frappe.database.mariadb.mysqlclient.MariaDBDatabase(after_commit=frappe.utils.CallbackManager(-), after_rollback=frappe.utils.CallbackManager(-), auto_commit_on_many_writes=0, before_commit=frappe.utils.CallbackManager(-), before_rollback=frappe.utils.CallbackManager(-), cur_db_name='_2c0861da27548010', db_type='mariadb', host='127.0.0.1', logger=<Logger database-project1 (WARNING)>, password='hDO55ejkgO4waVz0', port=3306, socket=None, transaction_writes=0, type_map={'Currency': ('decimal', '21,9'), 'Int': ('int', '11'), 'Long Int': ('bigint', '20'), 'Float': ('decimal', '21,9'), 'Percent': ('decimal', '21,9'), 'Check': ('tinyint', '4'), 'Small Text': ('text', ''), 'Long Text': ('longtext...'), 'Color': ('varchar', 140), 'Barcode': ('longtext', ''), 'Geolocation': ('longtext', ''), 'Duration': ('decimal', '21,9'), 'Icon': ('varchar', 140), 'Phone': ('varchar', 140), 'Autocomplete': ('varchar', 140), 'JSON': ('json', '')}, user='_2c0861da27548010', value_cache=collections.defaultdict{})
  File "apps/frappe/frappe/database/mariadb/mysqlclient.py", line 118, in _get_connection
    return self.create_connection()
      self = frappe.database.mariadb.mysqlclient.MariaDBDatabase(after_commit=frappe.utils.CallbackManager(-), after_rollback=frappe.utils.CallbackManager(-), auto_commit_on_many_writes=0, before_commit=frappe.utils.CallbackManager(-), before_rollback=frappe.utils.CallbackManager(-), cur_db_name='_2c0861da27548010', db_type='mariadb', host='127.0.0.1', logger=<Logger database-project1 (WARNING)>, password='hDO55ejkgO4waVz0', port=3306, socket=None, transaction_writes=0, type_map={'Currency': ('decimal', '21,9'), 'Int': ('int', '11'), 'Long Int': ('bigint', '20'), 'Float': ('decimal', '21,9'), 'Percent': ('decimal', '21,9'), 'Check': ('tinyint', '4'), 'Small Text': ('text', ''), 'Long Text': ('longtext...'), 'Color': ('varchar', 140), 'Barcode': ('longtext', ''), 'Geolocation': ('longtext', ''), 'Duration': ('decimal', '21,9'), 'Icon': ('varchar', 140), 'Phone': ('varchar', 140), 'Autocomplete': ('varchar', 140), 'JSON': ('json', '')}, user='_2c0861da27548010', value_cache=collections.defaultdict{})
  File "apps/frappe/frappe/database/mariadb/mysqlclient.py", line 121, in create_connection
    return MySQLdb.connect(**self.get_connection_settings())
      self = frappe.database.mariadb.mysqlclient.MariaDBDatabase(after_commit=frappe.utils.CallbackManager(-), after_rollback=frappe.utils.CallbackManager(-), auto_commit_on_many_writes=0, before_commit=frappe.utils.CallbackManager(-), before_rollback=frappe.utils.CallbackManager(-), cur_db_name='_2c0861da27548010', db_type='mariadb', host='127.0.0.1', logger=<Logger database-project1 (WARNING)>, password='hDO55ejkgO4waVz0', port=3306, socket=None, transaction_writes=0, type_map={'Currency': ('decimal', '21,9'), 'Int': ('int', '11'), 'Long Int': ('bigint', '20'), 'Float': ('decimal', '21,9'), 'Percent': ('decimal', '21,9'), 'Check': ('tinyint', '4'), 'Small Text': ('text', ''), 'Long Text': ('longtext...'), 'Color': ('varchar', 140), 'Barcode': ('longtext', ''), 'Geolocation': ('longtext', ''), 'Duration': ('decimal', '21,9'), 'Icon': ('varchar', 140), 'Phone': ('varchar', 140), 'Autocomplete': ('varchar', 140), 'JSON': ('json', '')}, user='_2c0861da27548010', value_cache=collections.defaultdict{})
  File "env/lib/python3.14/site-packages/MySQLdb/__init__.py", line 121, in Connect
    return Connection(*args, **kwargs)
      args = ()
      kwargs = {'user': '_2c0861da27548010', 'conv': {<class 'int'>: <function Thing2Str at 0x7f56d0f94bf0>, <class 'float'>: <function Float2Str at 0x7f56d0f94ca0>, <class 'NoneType'>: <function None2NULL at 0x7f56d0f94d50>, <class 'array.array'>: <function array2Str at 0x7f56d0f94f60>, <class 'bool'>: <function Bool2Str at 0x7f56d0f949e0>, <class 'datetime.date'>: <function Thing2Literal at 0x7f56d0f94e00>, <class 'datetime.datetime'>: <function DateTime2literal at 0x7f56d0f94510>, <class 'datetime.timedelta'>: <function escape_timedelta at 0x7f56d0f96da0>, <class 'set'>: <function Set2Str at 0x7f56d0f94b40>, <class 'decimal.Decimal'>: <function Decimal2Literal at 0x7f56d0f94eb0>, 1: <class 'int'>, 2: <c...t'>: <function escape_dict at 0x7f56d0f96e50>, <class 'frozenset'>: <function escape_frozenset at 0x7f56d0f538a0>}, 'charset': 'utf8mb4', 'use_unicode': True, 'local_infile': False, 'multi_statements': False, 'database': '_2c0861da27548010', 'host': '127.0.0.1', 'port': 3306, 'password': '********'}
      Connection = MySQLdb.connections.Connection
  File "env/lib/python3.14/site-packages/MySQLdb/connections.py", line 200, in __init__
    super().__init__(*args, **kwargs2)
      self = <_mysql.connection open to '(null)' at 0x2544b340>
      args = ()
      kwargs = {'user': '_2c0861da27548010', 'conv': {<class 'int'>: <function Thing2Str at 0x7f56d0f94bf0>, <class 'float'>: <function Float2Str at 0x7f56d0f94ca0>, <class 'NoneType'>: <function None2NULL at 0x7f56d0f94d50>, <class 'array.array'>: <function array2Str at 0x7f56d0f94f60>, <class 'bool'>: <function Bool2Str at 0x7f56d0f949e0>, <class 'datetime.date'>: <function Thing2Literal at 0x7f56d0f94e00>, <class 'datetime.datetime'>: <function DateTime2literal at 0x7f56d0f94510>, <class 'datetime.timedelta'>: <function escape_timedelta at 0x7f56d0f96da0>, <class 'set'>: <function Set2Str at 0x7f56d0f94b40>, <class 'decimal.Decimal'>: <function Decimal2Literal at 0x7f56d0f94eb0>, 1: <class 'int'>, 2: <c...t'>: <function escape_dict at 0x7f56d0f96e50>, <class 'frozenset'>: <function escape_frozenset at 0x7f56d0f538a0>}, 'charset': 'utf8mb4', 'use_unicode': True, 'local_infile': False, 'multi_statements': False, 'database': '_2c0861da27548010', 'host': '127.0.0.1', 'port': 3306, 'password': '********'}
      CLIENT = <module 'MySQLdb.constants.CLIENT' from 'env/lib/python3.14/site-packages/MySQLdb/constants/CLIENT.py'>
      FIELD_TYPE = <module 'MySQLdb.constants.FIELD_TYPE' from 'env/lib/python3.14/site-packages/MySQLdb/constants/FIELD_TYPE.py'>
      conversions = {<class 'int'>: <function Thing2Str at 0x7f56d0f94bf0>, <class 'float'>: <function Float2Str at 0x7f56d0f94ca0>, <class 'NoneType'>: <function None2NULL at 0x7f56d0f94d50>, <class 'array.array'>: <function array2Str at 0x7f56d0f94f60>, <class 'bool'>: <function Bool2Str at 0x7f56d0f949e0>, <class 'datetime.date'>: <function Thing2Literal at 0x7f56d0f94e00>, <class 'datetime.datetime'>: <function DateTime2literal at 0x7f56d0f94510>, <class 'datetime.timedelta'>: <function DateTimeDelta2literal at 0x7f56d0f945c0>, <class 'set'>: <function Set2Str at 0x7f56d0f94b40>, <class 'decimal.Decimal'>: <function Decimal2Literal at 0x7f56d0f94eb0>, 1: <class 'int'>, 2: <class 'int'>, 3: <class 'int'>, 4:...r_None at 0x7f56d0f94250>, 11: <function TimeDelta_or_None at 0x7f56d0f94300>, 10: <function Date_or_None at 0x7f56d0f94460>, 249: <class 'bytes'>, 250: <class 'bytes'>, 251: <class 'bytes'>, 252: <class 'bytes'>, 254: <class 'bytes'>, 253: <class 'bytes'>, 15: <class 'bytes'>, 245: <class 'bytes'>}
      _bytes_or_str = ((128, bytes), (None, str))
      kwargs2 = {'user': '_2c0861da27548010', 'conv': {<class 'int'>: <function Thing2Str at 0x7f56d0f94bf0>, <class 'float'>: <function Float2Str at 0x7f56d0f94ca0>, <class 'NoneType'>: <function None2NULL at 0x7f56d0f94d50>, <class 'array.array'>: <function array2Str at 0x7f56d0f94f60>, <class 'bool'>: <function Bool2Str at 0x7f56d0f949e0>, <class 'datetime.date'>: <function Thing2Literal at 0x7f56d0f94e00>, <class 'datetime.datetime'>: <function DateTime2literal at 0x7f56d0f94510>, <class 'datetime.timedelta'>: <function escape_timedelta at 0x7f56d0f96da0>, <class 'set'>: <function Set2Str at 0x7f56d0f94b40>, <class 'decimal.Decimal'>: <function Decimal2Literal at 0x7f56d0f94eb0>, 1: <class 'int'>, 2: <c...ass 'bytes'>, <class 'dict'>: <function escape_dict at 0x7f56d0f96e50>, <class 'frozenset'>: <function escape_frozenset at 0x7f56d0f538a0>}, 'charset': 'utf8mb4', 'local_infile': False, 'database': '_2c0861da27548010', 'host': '127.0.0.1', 'port': 3306, 'password': '********', 'client_flag': 131072}
      conv = {<class 'int'>: <function Thing2Str at 0x7f56d0f94bf0>, <class 'float'>: <function Float2Str at 0x7f56d0f94ca0>, <class 'NoneType'>: <function None2NULL at 0x7f56d0f94d50>, <class 'array.array'>: <function array2Str at 0x7f56d0f94f60>, <class 'bool'>: <function Bool2Str at 0x7f56d0f949e0>, <class 'datetime.date'>: <function Thing2Literal at 0x7f56d0f94e00>, <class 'datetime.datetime'>: <function DateTime2literal at 0x7f56d0f94510>, <class 'datetime.timedelta'>: <function escape_timedelta at 0x7f56d0f96da0>, <class 'set'>: <function Set2Str at 0x7f56d0f94b40>, <class 'decimal.Decimal'>: <function Decimal2Literal at 0x7f56d0f94eb0>, 1: <class 'int'>, 2: <class 'int'>, 3: <class 'int'>, 4: <cla...249: <class 'bytes'>, 250: <class 'bytes'>, 251: <class 'bytes'>, 252: <class 'bytes'>, 254: <class 'bytes'>, 253: <class 'bytes'>, 15: <class 'bytes'>, 245: <class 'bytes'>, <class 'dict'>: <function escape_dict at 0x7f56d0f96e50>, <class 'frozenset'>: <function escape_frozenset at 0x7f56d0f538a0>}
      conv2 = {<class 'int'>: <function Thing2Str at 0x7f56d0f94bf0>, <class 'float'>: <function Float2Str at 0x7f56d0f94ca0>, <class 'NoneType'>: <function None2NULL at 0x7f56d0f94d50>, <class 'array.array'>: <function array2Str at 0x7f56d0f94f60>, <class 'bool'>: <function Bool2Str at 0x7f56d0f949e0>, <class 'datetime.date'>: <function Thing2Literal at 0x7f56d0f94e00>, <class 'datetime.datetime'>: <function DateTime2literal at 0x7f56d0f94510>, <class 'datetime.timedelta'>: <function escape_timedelta at 0x7f56d0f96da0>, <class 'set'>: <function Set2Str at 0x7f56d0f94b40>, <class 'decimal.Decimal'>: <function Decimal2Literal at 0x7f56d0f94eb0>, 1: <class 'int'>, 2: <class 'int'>, 3: <class 'int'>, 4: <cla...249: <class 'bytes'>, 250: <class 'bytes'>, 251: <class 'bytes'>, 252: <class 'bytes'>, 254: <class 'bytes'>, 253: <class 'bytes'>, 15: <class 'bytes'>, 245: <class 'bytes'>, <class 'dict'>: <function escape_dict at 0x7f56d0f96e50>, <class 'frozenset'>: <function escape_frozenset at 0x7f56d0f538a0>}
      k = frozenset
      v = <function escape_frozenset at 0x7f56d0f538a0>
      cursorclass = MySQLdb.cursors.Cursor
      charset = 'utf8mb4'
      collation = ''
      use_unicode = True
      sql_mode = ''
      client_flag = 131072
      multi_statements = False
      autocommit = False
      __class__ = MySQLdb.connections.Connection
MySQLdb.OperationalError: (1045, "Access denied for user '_2c0861da27548010'@'localhost' (using password: YES)")
Backup failed for Site site2.local. Database or site_config.json may be corrupted
Traceback with variables (most recent call last):
  File "apps/frappe/frappe/commands/site.py", line 881, in backup
    odb = scheduled_backup(
      context = CliCtxObj(force=False, profile=False, sites=['doctypesite', 'project', 'project1', 'site1.local', 'site2.local'], verbose=True)
      with_files = False
      backup_path = None
      backup_path_db = None
      backup_path_files = None
      backup_path_private_files = None
      backup_path_conf = None
      ignore_backup_conf = False
      verbose = True
      compress = False
      include = ''
      exclude = ''
      old_backup_metadata = False
      scheduled_backup = <function scheduled_backup at 0x7f56d1e2a560>
      exit_code = 1
      rollback_callback = None
      site = 'site2.local'
      odb = frappe.utils.backups.BackupGenerator(backup_excludes=[], backup_includes=[], backup_path=None, backup_path_conf='./project/private/backups/20260729_173005-project-site_config_backup.json', backup_path_db='./project/private/backups/20260729_173005-project-database.sql.gz', backup_path_files='./project/private/backups/20260729_173005-project-files.tar', backup_path_private_files='./project/private/backups/20260729_173005-project-private-files.tar', compress_files=False, db_host='127.0.0.1', db_name='_cc001b8908fd52e2', db_port=3306, db_socket=None, db_type='mariadb', exclude_doctypes='', ignore_conf=False, include_doctypes='', old_backup_metadata=False, partial=[], password='MkfhelKK7676ix1L', rollback_callback=frappe.utils.CallbackManager(-), site_slug='project', todays_date='20260729_173005', user='_cc001b8908fd52e2', verbose=True)
  File "apps/frappe/frappe/utils/backups.py", line 589, in scheduled_backup
    return new_backup(
      older_than = 6
      ignore_files = True
      backup_path = None
      backup_path_db = None
      backup_path_files = None
      backup_path_private_files = None
      backup_path_conf = None
      ignore_conf = False
      include_doctypes = ''
      exclude_doctypes = ''
      compress = False
      force = True
      verbose = True
      old_backup_metadata = False
      rollback_callback = frappe.utils.CallbackManager()
  File "apps/frappe/frappe/utils/backups.py", line 626, in new_backup
    odb = BackupGenerator(
      older_than = 6
      ignore_files = True
      backup_path = None
      backup_path_db = None
      backup_path_files = None
      backup_path_private_files = None
      backup_path_conf = None
      ignore_conf = False
      include_doctypes = ''
      exclude_doctypes = ''
      compress = False
      force = True
      verbose = True
      old_backup_metadata = False
      rollback_callback = frappe.utils.CallbackManager()
  File "apps/frappe/frappe/utils/backups.py", line 89, in __init__
    self.setup_backup_tables()
      self = frappe.utils.backups.BackupGenerator(backup_path=None, backup_path_conf=None, backup_path_db=None, backup_path_files=None, backup_path_private_files=None, compress_files=False, db_host='127.0.0.1', db_name='_2c0861da27548010', db_port=3306, db_socket=None, db_type='mariadb', exclude_doctypes='', ignore_conf=False, include_doctypes='', old_backup_metadata=False, partial=False, password='hDO55ejkgO4waVz0', rollback_callback=frappe.utils.CallbackManager(-), site_slug='project1', user='_2c0861da27548010', verbose=True)
      db_name = '_2c0861da27548010'
      user = '_2c0861da27548010'
      password = ********
      backup_path = None
      backup_path_db = None
      backup_path_files = None
      backup_path_private_files = None
      db_socket = None
      db_host = '127.0.0.1'
      db_port = 3306
      db_type = 'mariadb'
      backup_path_conf = None
      ignore_conf = False
      compress_files = False
      include_doctypes = ''
      exclude_doctypes = ''
      verbose = True
      old_backup_metadata = False
      rollback_callback = frappe.utils.CallbackManager()
      site = 'project1'
  File "apps/frappe/frappe/utils/backups.py", line 126, in setup_backup_tables
    self._set_existing_tables()
      self = frappe.utils.backups.BackupGenerator(backup_path=None, backup_path_conf=None, backup_path_db=None, backup_path_files=None, backup_path_private_files=None, compress_files=False, db_host='127.0.0.1', db_name='_2c0861da27548010', db_port=3306, db_socket=None, db_type='mariadb', exclude_doctypes='', ignore_conf=False, include_doctypes='', old_backup_metadata=False, partial=False, password='hDO55ejkgO4waVz0', rollback_callback=frappe.utils.CallbackManager(-), site_slug='project1', user='_2c0861da27548010', verbose=True)
  File "apps/frappe/frappe/utils/backups.py", line 122, in _set_existing_tables
    self._existing_tables = frappe.db.get_tables()
      self = frappe.utils.backups.BackupGenerator(backup_path=None, backup_path_conf=None, backup_path_db=None, backup_path_files=None, backup_path_private_files=None, compress_files=False, db_host='127.0.0.1', db_name='_2c0861da27548010', db_port=3306, db_socket=None, db_type='mariadb', exclude_doctypes='', ignore_conf=False, include_doctypes='', old_backup_metadata=False, partial=False, password='hDO55ejkgO4waVz0', rollback_callback=frappe.utils.CallbackManager(-), site_slug='project1', user='_2c0861da27548010', verbose=True)
  File "apps/frappe/frappe/database/mariadb/mysqlclient.py", line 522, in get_tables
    .run(pluck=True)
      self = frappe.database.mariadb.mysqlclient.MariaDBDatabase(after_commit=frappe.utils.CallbackManager(-), after_rollback=frappe.utils.CallbackManager(-), auto_commit_on_many_writes=0, before_commit=frappe.utils.CallbackManager(-), before_rollback=frappe.utils.CallbackManager(-), cur_db_name='_2c0861da27548010', db_type='mariadb', host='127.0.0.1', logger=<Logger database-project1 (WARNING)>, password='hDO55ejkgO4waVz0', port=3306, socket=None, transaction_writes=0, type_map={'Currency': ('decimal', '21,9'), 'Int': ('int', '11'), 'Long Int': ('bigint', '20'), 'Float': ('decimal', '21,9'), 'Percent': ('decimal', '21,9'), 'Check': ('tinyint', '4'), 'Small Text': ('text', ''), 'Long Text': ('longtext...'), 'Color': ('varchar', 140), 'Barcode': ('longtext', ''), 'Geolocation': ('longtext', ''), 'Duration': ('decimal', '21,9'), 'Icon': ('varchar', 140), 'Phone': ('varchar', 140), 'Autocomplete': ('varchar', 140), 'JSON': ('json', '')}, user='_2c0861da27548010', value_cache=collections.defaultdict{})
      cached = True
      to_query = True
      tables = None
      information_schema = pypika.queries.Schema()
  File "apps/frappe/frappe/query_builder/utils.py", line 131, in execute_query
    result = frappe.local.db.sql(query, params, *args, **kwargs)  # nosemgrep
      query = 'SELECT `table_name` FROM `information_schema`.`tables` WHERE `table_schema`=%(param1)s'
      args = ()
      kwargs = {'pluck': True}
      dt = None
      fields = []
      child_queries = "_child_queries"
      params = {'param1': '_2c0861da27548010'}
  File "apps/frappe/frappe/database/database.py", line 249, in sql
    self.connect()
      self = frappe.database.mariadb.mysqlclient.MariaDBDatabase(after_commit=frappe.utils.CallbackManager(-), after_rollback=frappe.utils.CallbackManager(-), auto_commit_on_many_writes=0, before_commit=frappe.utils.CallbackManager(-), before_rollback=frappe.utils.CallbackManager(-), cur_db_name='_2c0861da27548010', db_type='mariadb', host='127.0.0.1', logger=<Logger database-project1 (WARNING)>, password='hDO55ejkgO4waVz0', port=3306, socket=None, transaction_writes=0, type_map={'Currency': ('decimal', '21,9'), 'Int': ('int', '11'), 'Long Int': ('bigint', '20'), 'Float': ('decimal', '21,9'), 'Percent': ('decimal', '21,9'), 'Check': ('tinyint', '4'), 'Small Text': ('text', ''), 'Long Text': ('longtext...'), 'Color': ('varchar', 140), 'Barcode': ('longtext', ''), 'Geolocation': ('longtext', ''), 'Duration': ('decimal', '21,9'), 'Icon': ('varchar', 140), 'Phone': ('varchar', 140), 'Autocomplete': ('varchar', 140), 'JSON': ('json', '')}, user='_2c0861da27548010', value_cache=collections.defaultdict{})
      query = 'SELECT `table_name` FROM `information_schema`.`tables` WHERE `table_schema`=%(param1)s'
      values = {'param1': '_2c0861da27548010'}
      as_dict = 0
      as_list = 0
      debug = False
      ignore_ddl = 0
      auto_commit = 0
      update = None
      explain = False
      run = True
      pluck = True
      as_iterator = False
      query_type = 'select'
  File "apps/frappe/frappe/database/database.py", line 147, in connect
    self.get_connection()
      self = frappe.database.mariadb.mysqlclient.MariaDBDatabase(after_commit=frappe.utils.CallbackManager(-), after_rollback=frappe.utils.CallbackManager(-), auto_commit_on_many_writes=0, before_commit=frappe.utils.CallbackManager(-), before_rollback=frappe.utils.CallbackManager(-), cur_db_name='_2c0861da27548010', db_type='mariadb', host='127.0.0.1', logger=<Logger database-project1 (WARNING)>, password='hDO55ejkgO4waVz0', port=3306, socket=None, transaction_writes=0, type_map={'Currency': ('decimal', '21,9'), 'Int': ('int', '11'), 'Long Int': ('bigint', '20'), 'Float': ('decimal', '21,9'), 'Percent': ('decimal', '21,9'), 'Check': ('tinyint', '4'), 'Small Text': ('text', ''), 'Long Text': ('longtext...'), 'Color': ('varchar', 140), 'Barcode': ('longtext', ''), 'Geolocation': ('longtext', ''), 'Duration': ('decimal', '21,9'), 'Icon': ('varchar', 140), 'Phone': ('varchar', 140), 'Autocomplete': ('varchar', 140), 'JSON': ('json', '')}, user='_2c0861da27548010', value_cache=collections.defaultdict{})
  File "apps/frappe/frappe/database/mariadb/mysqlclient.py", line 113, in get_connection
    conn = self._get_connection()
      self = frappe.database.mariadb.mysqlclient.MariaDBDatabase(after_commit=frappe.utils.CallbackManager(-), after_rollback=frappe.utils.CallbackManager(-), auto_commit_on_many_writes=0, before_commit=frappe.utils.CallbackManager(-), before_rollback=frappe.utils.CallbackManager(-), cur_db_name='_2c0861da27548010', db_type='mariadb', host='127.0.0.1', logger=<Logger database-project1 (WARNING)>, password='hDO55ejkgO4waVz0', port=3306, socket=None, transaction_writes=0, type_map={'Currency': ('decimal', '21,9'), 'Int': ('int', '11'), 'Long Int': ('bigint', '20'), 'Float': ('decimal', '21,9'), 'Percent': ('decimal', '21,9'), 'Check': ('tinyint', '4'), 'Small Text': ('text', ''), 'Long Text': ('longtext...'), 'Color': ('varchar', 140), 'Barcode': ('longtext', ''), 'Geolocation': ('longtext', ''), 'Duration': ('decimal', '21,9'), 'Icon': ('varchar', 140), 'Phone': ('varchar', 140), 'Autocomplete': ('varchar', 140), 'JSON': ('json', '')}, user='_2c0861da27548010', value_cache=collections.defaultdict{})
  File "apps/frappe/frappe/database/mariadb/mysqlclient.py", line 118, in _get_connection
    return self.create_connection()
      self = frappe.database.mariadb.mysqlclient.MariaDBDatabase(after_commit=frappe.utils.CallbackManager(-), after_rollback=frappe.utils.CallbackManager(-), auto_commit_on_many_writes=0, before_commit=frappe.utils.CallbackManager(-), before_rollback=frappe.utils.CallbackManager(-), cur_db_name='_2c0861da27548010', db_type='mariadb', host='127.0.0.1', logger=<Logger database-project1 (WARNING)>, password='hDO55ejkgO4waVz0', port=3306, socket=None, transaction_writes=0, type_map={'Currency': ('decimal', '21,9'), 'Int': ('int', '11'), 'Long Int': ('bigint', '20'), 'Float': ('decimal', '21,9'), 'Percent': ('decimal', '21,9'), 'Check': ('tinyint', '4'), 'Small Text': ('text', ''), 'Long Text': ('longtext...'), 'Color': ('varchar', 140), 'Barcode': ('longtext', ''), 'Geolocation': ('longtext', ''), 'Duration': ('decimal', '21,9'), 'Icon': ('varchar', 140), 'Phone': ('varchar', 140), 'Autocomplete': ('varchar', 140), 'JSON': ('json', '')}, user='_2c0861da27548010', value_cache=collections.defaultdict{})
  File "apps/frappe/frappe/database/mariadb/mysqlclient.py", line 121, in create_connection
    return MySQLdb.connect(**self.get_connection_settings())
      self = frappe.database.mariadb.mysqlclient.MariaDBDatabase(after_commit=frappe.utils.CallbackManager(-), after_rollback=frappe.utils.CallbackManager(-), auto_commit_on_many_writes=0, before_commit=frappe.utils.CallbackManager(-), before_rollback=frappe.utils.CallbackManager(-), cur_db_name='_2c0861da27548010', db_type='mariadb', host='127.0.0.1', logger=<Logger database-project1 (WARNING)>, password='hDO55ejkgO4waVz0', port=3306, socket=None, transaction_writes=0, type_map={'Currency': ('decimal', '21,9'), 'Int': ('int', '11'), 'Long Int': ('bigint', '20'), 'Float': ('decimal', '21,9'), 'Percent': ('decimal', '21,9'), 'Check': ('tinyint', '4'), 'Small Text': ('text', ''), 'Long Text': ('longtext...'), 'Color': ('varchar', 140), 'Barcode': ('longtext', ''), 'Geolocation': ('longtext', ''), 'Duration': ('decimal', '21,9'), 'Icon': ('varchar', 140), 'Phone': ('varchar', 140), 'Autocomplete': ('varchar', 140), 'JSON': ('json', '')}, user='_2c0861da27548010', value_cache=collections.defaultdict{})
  File "env/lib/python3.14/site-packages/MySQLdb/__init__.py", line 121, in Connect
    return Connection(*args, **kwargs)
      args = ()
      kwargs = {'user': '_2c0861da27548010', 'conv': {<class 'int'>: <function Thing2Str at 0x7f56d0f94bf0>, <class 'float'>: <function Float2Str at 0x7f56d0f94ca0>, <class 'NoneType'>: <function None2NULL at 0x7f56d0f94d50>, <class 'array.array'>: <function array2Str at 0x7f56d0f94f60>, <class 'bool'>: <function Bool2Str at 0x7f56d0f949e0>, <class 'datetime.date'>: <function Thing2Literal at 0x7f56d0f94e00>, <class 'datetime.datetime'>: <function DateTime2literal at 0x7f56d0f94510>, <class 'datetime.timedelta'>: <function escape_timedelta at 0x7f56d0f96da0>, <class 'set'>: <function Set2Str at 0x7f56d0f94b40>, <class 'decimal.Decimal'>: <function Decimal2Literal at 0x7f56d0f94eb0>, 1: <class 'int'>, 2: <c...t'>: <function escape_dict at 0x7f56d0f96e50>, <class 'frozenset'>: <function escape_frozenset at 0x7f56d0f538a0>}, 'charset': 'utf8mb4', 'use_unicode': True, 'local_infile': False, 'multi_statements': False, 'database': '_2c0861da27548010', 'host': '127.0.0.1', 'port': 3306, 'password': '********'}
      Connection = MySQLdb.connections.Connection
  File "env/lib/python3.14/site-packages/MySQLdb/connections.py", line 200, in __init__
    super().__init__(*args, **kwargs2)
      self = <_mysql.connection open to '(null)' at 0x2544b340>
      args = ()
      kwargs = {'user': '_2c0861da27548010', 'conv': {<class 'int'>: <function Thing2Str at 0x7f56d0f94bf0>, <class 'float'>: <function Float2Str at 0x7f56d0f94ca0>, <class 'NoneType'>: <function None2NULL at 0x7f56d0f94d50>, <class 'array.array'>: <function array2Str at 0x7f56d0f94f60>, <class 'bool'>: <function Bool2Str at 0x7f56d0f949e0>, <class 'datetime.date'>: <function Thing2Literal at 0x7f56d0f94e00>, <class 'datetime.datetime'>: <function DateTime2literal at 0x7f56d0f94510>, <class 'datetime.timedelta'>: <function escape_timedelta at 0x7f56d0f96da0>, <class 'set'>: <function Set2Str at 0x7f56d0f94b40>, <class 'decimal.Decimal'>: <function Decimal2Literal at 0x7f56d0f94eb0>, 1: <class 'int'>, 2: <c...t'>: <function escape_dict at 0x7f56d0f96e50>, <class 'frozenset'>: <function escape_frozenset at 0x7f56d0f538a0>}, 'charset': 'utf8mb4', 'use_unicode': True, 'local_infile': False, 'multi_statements': False, 'database': '_2c0861da27548010', 'host': '127.0.0.1', 'port': 3306, 'password': '********'}
      CLIENT = <module 'MySQLdb.constants.CLIENT' from 'env/lib/python3.14/site-packages/MySQLdb/constants/CLIENT.py'>
      FIELD_TYPE = <module 'MySQLdb.constants.FIELD_TYPE' from 'env/lib/python3.14/site-packages/MySQLdb/constants/FIELD_TYPE.py'>
      conversions = {<class 'int'>: <function Thing2Str at 0x7f56d0f94bf0>, <class 'float'>: <function Float2Str at 0x7f56d0f94ca0>, <class 'NoneType'>: <function None2NULL at 0x7f56d0f94d50>, <class 'array.array'>: <function array2Str at 0x7f56d0f94f60>, <class 'bool'>: <function Bool2Str at 0x7f56d0f949e0>, <class 'datetime.date'>: <function Thing2Literal at 0x7f56d0f94e00>, <class 'datetime.datetime'>: <function DateTime2literal at 0x7f56d0f94510>, <class 'datetime.timedelta'>: <function DateTimeDelta2literal at 0x7f56d0f945c0>, <class 'set'>: <function Set2Str at 0x7f56d0f94b40>, <class 'decimal.Decimal'>: <function Decimal2Literal at 0x7f56d0f94eb0>, 1: <class 'int'>, 2: <class 'int'>, 3: <class 'int'>, 4:...r_None at 0x7f56d0f94250>, 11: <function TimeDelta_or_None at 0x7f56d0f94300>, 10: <function Date_or_None at 0x7f56d0f94460>, 249: <class 'bytes'>, 250: <class 'bytes'>, 251: <class 'bytes'>, 252: <class 'bytes'>, 254: <class 'bytes'>, 253: <class 'bytes'>, 15: <class 'bytes'>, 245: <class 'bytes'>}
      _bytes_or_str = ((128, bytes), (None, str))
      kwargs2 = {'user': '_2c0861da27548010', 'conv': {<class 'int'>: <function Thing2Str at 0x7f56d0f94bf0>, <class 'float'>: <function Float2Str at 0x7f56d0f94ca0>, <class 'NoneType'>: <function None2NULL at 0x7f56d0f94d50>, <class 'array.array'>: <function array2Str at 0x7f56d0f94f60>, <class 'bool'>: <function Bool2Str at 0x7f56d0f949e0>, <class 'datetime.date'>: <function Thing2Literal at 0x7f56d0f94e00>, <class 'datetime.datetime'>: <function DateTime2literal at 0x7f56d0f94510>, <class 'datetime.timedelta'>: <function escape_timedelta at 0x7f56d0f96da0>, <class 'set'>: <function Set2Str at 0x7f56d0f94b40>, <class 'decimal.Decimal'>: <function Decimal2Literal at 0x7f56d0f94eb0>, 1: <class 'int'>, 2: <c...ass 'bytes'>, <class 'dict'>: <function escape_dict at 0x7f56d0f96e50>, <class 'frozenset'>: <function escape_frozenset at 0x7f56d0f538a0>}, 'charset': 'utf8mb4', 'local_infile': False, 'database': '_2c0861da27548010', 'host': '127.0.0.1', 'port': 3306, 'password': '********', 'client_flag': 131072}
      conv = {<class 'int'>: <function Thing2Str at 0x7f56d0f94bf0>, <class 'float'>: <function Float2Str at 0x7f56d0f94ca0>, <class 'NoneType'>: <function None2NULL at 0x7f56d0f94d50>, <class 'array.array'>: <function array2Str at 0x7f56d0f94f60>, <class 'bool'>: <function Bool2Str at 0x7f56d0f949e0>, <class 'datetime.date'>: <function Thing2Literal at 0x7f56d0f94e00>, <class 'datetime.datetime'>: <function DateTime2literal at 0x7f56d0f94510>, <class 'datetime.timedelta'>: <function escape_timedelta at 0x7f56d0f96da0>, <class 'set'>: <function Set2Str at 0x7f56d0f94b40>, <class 'decimal.Decimal'>: <function Decimal2Literal at 0x7f56d0f94eb0>, 1: <class 'int'>, 2: <class 'int'>, 3: <class 'int'>, 4: <cla...249: <class 'bytes'>, 250: <class 'bytes'>, 251: <class 'bytes'>, 252: <class 'bytes'>, 254: <class 'bytes'>, 253: <class 'bytes'>, 15: <class 'bytes'>, 245: <class 'bytes'>, <class 'dict'>: <function escape_dict at 0x7f56d0f96e50>, <class 'frozenset'>: <function escape_frozenset at 0x7f56d0f538a0>}
      conv2 = {<class 'int'>: <function Thing2Str at 0x7f56d0f94bf0>, <class 'float'>: <function Float2Str at 0x7f56d0f94ca0>, <class 'NoneType'>: <function None2NULL at 0x7f56d0f94d50>, <class 'array.array'>: <function array2Str at 0x7f56d0f94f60>, <class 'bool'>: <function Bool2Str at 0x7f56d0f949e0>, <class 'datetime.date'>: <function Thing2Literal at 0x7f56d0f94e00>, <class 'datetime.datetime'>: <function DateTime2literal at 0x7f56d0f94510>, <class 'datetime.timedelta'>: <function escape_timedelta at 0x7f56d0f96da0>, <class 'set'>: <function Set2Str at 0x7f56d0f94b40>, <class 'decimal.Decimal'>: <function Decimal2Literal at 0x7f56d0f94eb0>, 1: <class 'int'>, 2: <class 'int'>, 3: <class 'int'>, 4: <cla...249: <class 'bytes'>, 250: <class 'bytes'>, 251: <class 'bytes'>, 252: <class 'bytes'>, 254: <class 'bytes'>, 253: <class 'bytes'>, 15: <class 'bytes'>, 245: <class 'bytes'>, <class 'dict'>: <function escape_dict at 0x7f56d0f96e50>, <class 'frozenset'>: <function escape_frozenset at 0x7f56d0f538a0>}
      k = frozenset
      v = <function escape_frozenset at 0x7f56d0f538a0>
      cursorclass = MySQLdb.cursors.Cursor
      charset = 'utf8mb4'
      collation = ''
      use_unicode = True
      sql_mode = ''
      client_flag = 131072
      multi_statements = False
      autocommit = False
      __class__ = MySQLdb.connections.Connection
MySQLdb.OperationalError: (1045, "Access denied for user '_2c0861da27548010'@'localhost' (using password: YES)")
set -o pipefail; /usr/bin/mariadb-dump --user=_0e0e8f4505c3c9e6 --host=127.0.0.1 --port=3306 --password=********** --single-transaction --quick --lock-tables=false _0e0e8f4505c3c9e6 | /usr/bin/gzip >> ./doctypesite/private/backups/20260730_113002-doctypesite-database.sql.gz

Backup Summary for doctypesite at 2026-07-30 11:30:03.898438
Config  : /home/sanjayh/frappe16-bench/sites/doctypesite/private/backups/20260730_113002-doctypesite-site_config_backup.json 246.0B
Database: /home/sanjayh/frappe16-bench/sites/doctypesite/private/backups/20260730_113002-doctypesite-database.sql.gz 419.4KiB
Backup for Site doctypesite has been successfully completed
File ./project/private/backups/20260729_173005-project-site_config_backup.json is recent
File ./project/private/backups/20260729_173005-project-database.sql.gz is recent
set -o pipefail; /usr/bin/mariadb-dump --user=_cc001b8908fd52e2 --host=127.0.0.1 --port=3306 --password=********** --single-transaction --quick --lock-tables=false _cc001b8908fd52e2 | /usr/bin/gzip >> ./project/private/backups/20260730_113003-project-database.sql.gz

Backup Summary for project at 2026-07-30 11:30:04.994690
Config  : /home/sanjayh/frappe16-bench/sites/project/private/backups/20260730_113003-project-site_config_backup.json 187.0B
Database: /home/sanjayh/frappe16-bench/sites/project/private/backups/20260730_113003-project-database.sql.gz 290.3KiB
Backup for Site project has been successfully completed
Backup failed for Site project1. Database or site_config.json may be corrupted
Traceback with variables (most recent call last):
  File "apps/frappe/frappe/commands/site.py", line 881, in backup
    odb = scheduled_backup(
      context = CliCtxObj(force=False, profile=False, sites=['doctypesite', 'project', 'project1', 'site1.local', 'site2.local'], verbose=True)
      with_files = False
      backup_path = None
      backup_path_db = None
      backup_path_files = None
      backup_path_private_files = None
      backup_path_conf = None
      ignore_backup_conf = False
      verbose = True
      compress = False
      include = ''
      exclude = ''
      old_backup_metadata = False
      scheduled_backup = <function scheduled_backup at 0x7ccac19e6560>
      exit_code = 0
      rollback_callback = None
      site = 'project1'
      odb = frappe.utils.backups.BackupGenerator(backup_excludes=[], backup_includes=[], backup_path=None, backup_path_conf='./project/private/backups/20260730_113003-project-site_config_backup.json', backup_path_db='./project/private/backups/20260730_113003-project-database.sql.gz', backup_path_files='./project/private/backups/20260730_113003-project-files.tar', backup_path_private_files='./project/private/backups/20260730_113003-project-private-files.tar', compress_files=False, db_host='127.0.0.1', db_name='_cc001b8908fd52e2', db_port=3306, db_socket=None, db_type='mariadb', exclude_doctypes='', ignore_conf=False, include_doctypes='', old_backup_metadata=False, partial=[], password='MkfhelKK7676ix1L', rollback_callback=frappe.utils.CallbackManager(-), site_slug='project', todays_date='20260730_113003', user='_cc001b8908fd52e2', verbose=True)
  File "apps/frappe/frappe/utils/backups.py", line 589, in scheduled_backup
    return new_backup(
      older_than = 6
      ignore_files = True
      backup_path = None
      backup_path_db = None
      backup_path_files = None
      backup_path_private_files = None
      backup_path_conf = None
      ignore_conf = False
      include_doctypes = ''
      exclude_doctypes = ''
      compress = False
      force = True
      verbose = True
      old_backup_metadata = False
      rollback_callback = frappe.utils.CallbackManager()
  File "apps/frappe/frappe/utils/backups.py", line 626, in new_backup
    odb = BackupGenerator(
      older_than = 6
      ignore_files = True
      backup_path = None
      backup_path_db = None
      backup_path_files = None
      backup_path_private_files = None
      backup_path_conf = None
      ignore_conf = False
      include_doctypes = ''
      exclude_doctypes = ''
      compress = False
      force = True
      verbose = True
      old_backup_metadata = False
      rollback_callback = frappe.utils.CallbackManager()
  File "apps/frappe/frappe/utils/backups.py", line 89, in __init__
    self.setup_backup_tables()
      self = frappe.utils.backups.BackupGenerator(backup_path=None, backup_path_conf=None, backup_path_db=None, backup_path_files=None, backup_path_private_files=None, compress_files=False, db_host='127.0.0.1', db_name='_2c0861da27548010', db_port=3306, db_socket=None, db_type='mariadb', exclude_doctypes='', ignore_conf=False, include_doctypes='', old_backup_metadata=False, partial=False, password='hDO55ejkgO4waVz0', rollback_callback=frappe.utils.CallbackManager(-), site_slug='project1', user='_2c0861da27548010', verbose=True)
      db_name = '_2c0861da27548010'
      user = '_2c0861da27548010'
      password = ********
      backup_path = None
      backup_path_db = None
      backup_path_files = None
      backup_path_private_files = None
      db_socket = None
      db_host = '127.0.0.1'
      db_port = 3306
      db_type = 'mariadb'
      backup_path_conf = None
      ignore_conf = False
      compress_files = False
      include_doctypes = ''
      exclude_doctypes = ''
      verbose = True
      old_backup_metadata = False
      rollback_callback = frappe.utils.CallbackManager()
      site = 'project1'
  File "apps/frappe/frappe/utils/backups.py", line 126, in setup_backup_tables
    self._set_existing_tables()
      self = frappe.utils.backups.BackupGenerator(backup_path=None, backup_path_conf=None, backup_path_db=None, backup_path_files=None, backup_path_private_files=None, compress_files=False, db_host='127.0.0.1', db_name='_2c0861da27548010', db_port=3306, db_socket=None, db_type='mariadb', exclude_doctypes='', ignore_conf=False, include_doctypes='', old_backup_metadata=False, partial=False, password='hDO55ejkgO4waVz0', rollback_callback=frappe.utils.CallbackManager(-), site_slug='project1', user='_2c0861da27548010', verbose=True)
  File "apps/frappe/frappe/utils/backups.py", line 122, in _set_existing_tables
    self._existing_tables = frappe.db.get_tables()
      self = frappe.utils.backups.BackupGenerator(backup_path=None, backup_path_conf=None, backup_path_db=None, backup_path_files=None, backup_path_private_files=None, compress_files=False, db_host='127.0.0.1', db_name='_2c0861da27548010', db_port=3306, db_socket=None, db_type='mariadb', exclude_doctypes='', ignore_conf=False, include_doctypes='', old_backup_metadata=False, partial=False, password='hDO55ejkgO4waVz0', rollback_callback=frappe.utils.CallbackManager(-), site_slug='project1', user='_2c0861da27548010', verbose=True)
  File "apps/frappe/frappe/database/mariadb/mysqlclient.py", line 522, in get_tables
    .run(pluck=True)
      self = frappe.database.mariadb.mysqlclient.MariaDBDatabase(after_commit=frappe.utils.CallbackManager(-), after_rollback=frappe.utils.CallbackManager(-), auto_commit_on_many_writes=0, before_commit=frappe.utils.CallbackManager(-), before_rollback=frappe.utils.CallbackManager(-), cur_db_name='_2c0861da27548010', db_type='mariadb', host='127.0.0.1', logger=<Logger database-project1 (WARNING)>, password='hDO55ejkgO4waVz0', port=3306, socket=None, transaction_writes=0, type_map={'Currency': ('decimal', '21,9'), 'Int': ('int', '11'), 'Long Int': ('bigint', '20'), 'Float': ('decimal', '21,9'), 'Percent': ('decimal', '21,9'), 'Check': ('tinyint', '4'), 'Small Text': ('text', ''), 'Long Text': ('longtext...'), 'Color': ('varchar', 140), 'Barcode': ('longtext', ''), 'Geolocation': ('longtext', ''), 'Duration': ('decimal', '21,9'), 'Icon': ('varchar', 140), 'Phone': ('varchar', 140), 'Autocomplete': ('varchar', 140), 'JSON': ('json', '')}, user='_2c0861da27548010', value_cache=collections.defaultdict{})
      cached = True
      to_query = True
      tables = None
      information_schema = pypika.queries.Schema()
  File "apps/frappe/frappe/query_builder/utils.py", line 131, in execute_query
    result = frappe.local.db.sql(query, params, *args, **kwargs)  # nosemgrep
      query = 'SELECT `table_name` FROM `information_schema`.`tables` WHERE `table_schema`=%(param1)s'
      args = ()
      kwargs = {'pluck': True}
      dt = None
      fields = []
      child_queries = "_child_queries"
      params = {'param1': '_2c0861da27548010'}
  File "apps/frappe/frappe/database/database.py", line 249, in sql
    self.connect()
      self = frappe.database.mariadb.mysqlclient.MariaDBDatabase(after_commit=frappe.utils.CallbackManager(-), after_rollback=frappe.utils.CallbackManager(-), auto_commit_on_many_writes=0, before_commit=frappe.utils.CallbackManager(-), before_rollback=frappe.utils.CallbackManager(-), cur_db_name='_2c0861da27548010', db_type='mariadb', host='127.0.0.1', logger=<Logger database-project1 (WARNING)>, password='hDO55ejkgO4waVz0', port=3306, socket=None, transaction_writes=0, type_map={'Currency': ('decimal', '21,9'), 'Int': ('int', '11'), 'Long Int': ('bigint', '20'), 'Float': ('decimal', '21,9'), 'Percent': ('decimal', '21,9'), 'Check': ('tinyint', '4'), 'Small Text': ('text', ''), 'Long Text': ('longtext...'), 'Color': ('varchar', 140), 'Barcode': ('longtext', ''), 'Geolocation': ('longtext', ''), 'Duration': ('decimal', '21,9'), 'Icon': ('varchar', 140), 'Phone': ('varchar', 140), 'Autocomplete': ('varchar', 140), 'JSON': ('json', '')}, user='_2c0861da27548010', value_cache=collections.defaultdict{})
      query = 'SELECT `table_name` FROM `information_schema`.`tables` WHERE `table_schema`=%(param1)s'
      values = {'param1': '_2c0861da27548010'}
      as_dict = 0
      as_list = 0
      debug = False
      ignore_ddl = 0
      auto_commit = 0
      update = None
      explain = False
      run = True
      pluck = True
      as_iterator = False
      query_type = 'select'
  File "apps/frappe/frappe/database/database.py", line 147, in connect
    self.get_connection()
      self = frappe.database.mariadb.mysqlclient.MariaDBDatabase(after_commit=frappe.utils.CallbackManager(-), after_rollback=frappe.utils.CallbackManager(-), auto_commit_on_many_writes=0, before_commit=frappe.utils.CallbackManager(-), before_rollback=frappe.utils.CallbackManager(-), cur_db_name='_2c0861da27548010', db_type='mariadb', host='127.0.0.1', logger=<Logger database-project1 (WARNING)>, password='hDO55ejkgO4waVz0', port=3306, socket=None, transaction_writes=0, type_map={'Currency': ('decimal', '21,9'), 'Int': ('int', '11'), 'Long Int': ('bigint', '20'), 'Float': ('decimal', '21,9'), 'Percent': ('decimal', '21,9'), 'Check': ('tinyint', '4'), 'Small Text': ('text', ''), 'Long Text': ('longtext...'), 'Color': ('varchar', 140), 'Barcode': ('longtext', ''), 'Geolocation': ('longtext', ''), 'Duration': ('decimal', '21,9'), 'Icon': ('varchar', 140), 'Phone': ('varchar', 140), 'Autocomplete': ('varchar', 140), 'JSON': ('json', '')}, user='_2c0861da27548010', value_cache=collections.defaultdict{})
  File "apps/frappe/frappe/database/mariadb/mysqlclient.py", line 113, in get_connection
    conn = self._get_connection()
      self = frappe.database.mariadb.mysqlclient.MariaDBDatabase(after_commit=frappe.utils.CallbackManager(-), after_rollback=frappe.utils.CallbackManager(-), auto_commit_on_many_writes=0, before_commit=frappe.utils.CallbackManager(-), before_rollback=frappe.utils.CallbackManager(-), cur_db_name='_2c0861da27548010', db_type='mariadb', host='127.0.0.1', logger=<Logger database-project1 (WARNING)>, password='hDO55ejkgO4waVz0', port=3306, socket=None, transaction_writes=0, type_map={'Currency': ('decimal', '21,9'), 'Int': ('int', '11'), 'Long Int': ('bigint', '20'), 'Float': ('decimal', '21,9'), 'Percent': ('decimal', '21,9'), 'Check': ('tinyint', '4'), 'Small Text': ('text', ''), 'Long Text': ('longtext...'), 'Color': ('varchar', 140), 'Barcode': ('longtext', ''), 'Geolocation': ('longtext', ''), 'Duration': ('decimal', '21,9'), 'Icon': ('varchar', 140), 'Phone': ('varchar', 140), 'Autocomplete': ('varchar', 140), 'JSON': ('json', '')}, user='_2c0861da27548010', value_cache=collections.defaultdict{})
  File "apps/frappe/frappe/database/mariadb/mysqlclient.py", line 118, in _get_connection
    return self.create_connection()
      self = frappe.database.mariadb.mysqlclient.MariaDBDatabase(after_commit=frappe.utils.CallbackManager(-), after_rollback=frappe.utils.CallbackManager(-), auto_commit_on_many_writes=0, before_commit=frappe.utils.CallbackManager(-), before_rollback=frappe.utils.CallbackManager(-), cur_db_name='_2c0861da27548010', db_type='mariadb', host='127.0.0.1', logger=<Logger database-project1 (WARNING)>, password='hDO55ejkgO4waVz0', port=3306, socket=None, transaction_writes=0, type_map={'Currency': ('decimal', '21,9'), 'Int': ('int', '11'), 'Long Int': ('bigint', '20'), 'Float': ('decimal', '21,9'), 'Percent': ('decimal', '21,9'), 'Check': ('tinyint', '4'), 'Small Text': ('text', ''), 'Long Text': ('longtext...'), 'Color': ('varchar', 140), 'Barcode': ('longtext', ''), 'Geolocation': ('longtext', ''), 'Duration': ('decimal', '21,9'), 'Icon': ('varchar', 140), 'Phone': ('varchar', 140), 'Autocomplete': ('varchar', 140), 'JSON': ('json', '')}, user='_2c0861da27548010', value_cache=collections.defaultdict{})
  File "apps/frappe/frappe/database/mariadb/mysqlclient.py", line 121, in create_connection
    return MySQLdb.connect(**self.get_connection_settings())
      self = frappe.database.mariadb.mysqlclient.MariaDBDatabase(after_commit=frappe.utils.CallbackManager(-), after_rollback=frappe.utils.CallbackManager(-), auto_commit_on_many_writes=0, before_commit=frappe.utils.CallbackManager(-), before_rollback=frappe.utils.CallbackManager(-), cur_db_name='_2c0861da27548010', db_type='mariadb', host='127.0.0.1', logger=<Logger database-project1 (WARNING)>, password='hDO55ejkgO4waVz0', port=3306, socket=None, transaction_writes=0, type_map={'Currency': ('decimal', '21,9'), 'Int': ('int', '11'), 'Long Int': ('bigint', '20'), 'Float': ('decimal', '21,9'), 'Percent': ('decimal', '21,9'), 'Check': ('tinyint', '4'), 'Small Text': ('text', ''), 'Long Text': ('longtext...'), 'Color': ('varchar', 140), 'Barcode': ('longtext', ''), 'Geolocation': ('longtext', ''), 'Duration': ('decimal', '21,9'), 'Icon': ('varchar', 140), 'Phone': ('varchar', 140), 'Autocomplete': ('varchar', 140), 'JSON': ('json', '')}, user='_2c0861da27548010', value_cache=collections.defaultdict{})
  File "env/lib/python3.14/site-packages/MySQLdb/__init__.py", line 121, in Connect
    return Connection(*args, **kwargs)
      args = ()
      kwargs = {'user': '_2c0861da27548010', 'conv': {<class 'int'>: <function Thing2Str at 0x7ccac0ba0bf0>, <class 'float'>: <function Float2Str at 0x7ccac0ba0ca0>, <class 'NoneType'>: <function None2NULL at 0x7ccac0ba0d50>, <class 'array.array'>: <function array2Str at 0x7ccac0ba0f60>, <class 'bool'>: <function Bool2Str at 0x7ccac0ba09e0>, <class 'datetime.date'>: <function Thing2Literal at 0x7ccac0ba0e00>, <class 'datetime.datetime'>: <function DateTime2literal at 0x7ccac0ba0510>, <class 'datetime.timedelta'>: <function escape_timedelta at 0x7ccac0ba2da0>, <class 'set'>: <function Set2Str at 0x7ccac0ba0b40>, <class 'decimal.Decimal'>: <function Decimal2Literal at 0x7ccac0ba0eb0>, 1: <class 'int'>, 2: <c...t'>: <function escape_dict at 0x7ccac0ba2e50>, <class 'frozenset'>: <function escape_frozenset at 0x7ccac0b5f8a0>}, 'charset': 'utf8mb4', 'use_unicode': True, 'local_infile': False, 'multi_statements': False, 'database': '_2c0861da27548010', 'host': '127.0.0.1', 'port': 3306, 'password': '********'}
      Connection = MySQLdb.connections.Connection
  File "env/lib/python3.14/site-packages/MySQLdb/connections.py", line 200, in __init__
    super().__init__(*args, **kwargs2)
      self = <_mysql.connection open to '(null)' at 0x21a7e990>
      args = ()
      kwargs = {'user': '_2c0861da27548010', 'conv': {<class 'int'>: <function Thing2Str at 0x7ccac0ba0bf0>, <class 'float'>: <function Float2Str at 0x7ccac0ba0ca0>, <class 'NoneType'>: <function None2NULL at 0x7ccac0ba0d50>, <class 'array.array'>: <function array2Str at 0x7ccac0ba0f60>, <class 'bool'>: <function Bool2Str at 0x7ccac0ba09e0>, <class 'datetime.date'>: <function Thing2Literal at 0x7ccac0ba0e00>, <class 'datetime.datetime'>: <function DateTime2literal at 0x7ccac0ba0510>, <class 'datetime.timedelta'>: <function escape_timedelta at 0x7ccac0ba2da0>, <class 'set'>: <function Set2Str at 0x7ccac0ba0b40>, <class 'decimal.Decimal'>: <function Decimal2Literal at 0x7ccac0ba0eb0>, 1: <class 'int'>, 2: <c...t'>: <function escape_dict at 0x7ccac0ba2e50>, <class 'frozenset'>: <function escape_frozenset at 0x7ccac0b5f8a0>}, 'charset': 'utf8mb4', 'use_unicode': True, 'local_infile': False, 'multi_statements': False, 'database': '_2c0861da27548010', 'host': '127.0.0.1', 'port': 3306, 'password': '********'}
      CLIENT = <module 'MySQLdb.constants.CLIENT' from 'env/lib/python3.14/site-packages/MySQLdb/constants/CLIENT.py'>
      FIELD_TYPE = <module 'MySQLdb.constants.FIELD_TYPE' from 'env/lib/python3.14/site-packages/MySQLdb/constants/FIELD_TYPE.py'>
      conversions = {<class 'int'>: <function Thing2Str at 0x7ccac0ba0bf0>, <class 'float'>: <function Float2Str at 0x7ccac0ba0ca0>, <class 'NoneType'>: <function None2NULL at 0x7ccac0ba0d50>, <class 'array.array'>: <function array2Str at 0x7ccac0ba0f60>, <class 'bool'>: <function Bool2Str at 0x7ccac0ba09e0>, <class 'datetime.date'>: <function Thing2Literal at 0x7ccac0ba0e00>, <class 'datetime.datetime'>: <function DateTime2literal at 0x7ccac0ba0510>, <class 'datetime.timedelta'>: <function DateTimeDelta2literal at 0x7ccac0ba05c0>, <class 'set'>: <function Set2Str at 0x7ccac0ba0b40>, <class 'decimal.Decimal'>: <function Decimal2Literal at 0x7ccac0ba0eb0>, 1: <class 'int'>, 2: <class 'int'>, 3: <class 'int'>, 4:...r_None at 0x7ccac0ba0250>, 11: <function TimeDelta_or_None at 0x7ccac0ba0300>, 10: <function Date_or_None at 0x7ccac0ba0460>, 249: <class 'bytes'>, 250: <class 'bytes'>, 251: <class 'bytes'>, 252: <class 'bytes'>, 254: <class 'bytes'>, 253: <class 'bytes'>, 15: <class 'bytes'>, 245: <class 'bytes'>}
      _bytes_or_str = ((128, bytes), (None, str))
      kwargs2 = {'user': '_2c0861da27548010', 'conv': {<class 'int'>: <function Thing2Str at 0x7ccac0ba0bf0>, <class 'float'>: <function Float2Str at 0x7ccac0ba0ca0>, <class 'NoneType'>: <function None2NULL at 0x7ccac0ba0d50>, <class 'array.array'>: <function array2Str at 0x7ccac0ba0f60>, <class 'bool'>: <function Bool2Str at 0x7ccac0ba09e0>, <class 'datetime.date'>: <function Thing2Literal at 0x7ccac0ba0e00>, <class 'datetime.datetime'>: <function DateTime2literal at 0x7ccac0ba0510>, <class 'datetime.timedelta'>: <function escape_timedelta at 0x7ccac0ba2da0>, <class 'set'>: <function Set2Str at 0x7ccac0ba0b40>, <class 'decimal.Decimal'>: <function Decimal2Literal at 0x7ccac0ba0eb0>, 1: <class 'int'>, 2: <c...ass 'bytes'>, <class 'dict'>: <function escape_dict at 0x7ccac0ba2e50>, <class 'frozenset'>: <function escape_frozenset at 0x7ccac0b5f8a0>}, 'charset': 'utf8mb4', 'local_infile': False, 'database': '_2c0861da27548010', 'host': '127.0.0.1', 'port': 3306, 'password': '********', 'client_flag': 131072}
      conv = {<class 'int'>: <function Thing2Str at 0x7ccac0ba0bf0>, <class 'float'>: <function Float2Str at 0x7ccac0ba0ca0>, <class 'NoneType'>: <function None2NULL at 0x7ccac0ba0d50>, <class 'array.array'>: <function array2Str at 0x7ccac0ba0f60>, <class 'bool'>: <function Bool2Str at 0x7ccac0ba09e0>, <class 'datetime.date'>: <function Thing2Literal at 0x7ccac0ba0e00>, <class 'datetime.datetime'>: <function DateTime2literal at 0x7ccac0ba0510>, <class 'datetime.timedelta'>: <function escape_timedelta at 0x7ccac0ba2da0>, <class 'set'>: <function Set2Str at 0x7ccac0ba0b40>, <class 'decimal.Decimal'>: <function Decimal2Literal at 0x7ccac0ba0eb0>, 1: <class 'int'>, 2: <class 'int'>, 3: <class 'int'>, 4: <cla...249: <class 'bytes'>, 250: <class 'bytes'>, 251: <class 'bytes'>, 252: <class 'bytes'>, 254: <class 'bytes'>, 253: <class 'bytes'>, 15: <class 'bytes'>, 245: <class 'bytes'>, <class 'dict'>: <function escape_dict at 0x7ccac0ba2e50>, <class 'frozenset'>: <function escape_frozenset at 0x7ccac0b5f8a0>}
      conv2 = {<class 'int'>: <function Thing2Str at 0x7ccac0ba0bf0>, <class 'float'>: <function Float2Str at 0x7ccac0ba0ca0>, <class 'NoneType'>: <function None2NULL at 0x7ccac0ba0d50>, <class 'array.array'>: <function array2Str at 0x7ccac0ba0f60>, <class 'bool'>: <function Bool2Str at 0x7ccac0ba09e0>, <class 'datetime.date'>: <function Thing2Literal at 0x7ccac0ba0e00>, <class 'datetime.datetime'>: <function DateTime2literal at 0x7ccac0ba0510>, <class 'datetime.timedelta'>: <function escape_timedelta at 0x7ccac0ba2da0>, <class 'set'>: <function Set2Str at 0x7ccac0ba0b40>, <class 'decimal.Decimal'>: <function Decimal2Literal at 0x7ccac0ba0eb0>, 1: <class 'int'>, 2: <class 'int'>, 3: <class 'int'>, 4: <cla...249: <class 'bytes'>, 250: <class 'bytes'>, 251: <class 'bytes'>, 252: <class 'bytes'>, 254: <class 'bytes'>, 253: <class 'bytes'>, 15: <class 'bytes'>, 245: <class 'bytes'>, <class 'dict'>: <function escape_dict at 0x7ccac0ba2e50>, <class 'frozenset'>: <function escape_frozenset at 0x7ccac0b5f8a0>}
      k = frozenset
      v = <function escape_frozenset at 0x7ccac0b5f8a0>
      cursorclass = MySQLdb.cursors.Cursor
      charset = 'utf8mb4'
      collation = ''
      use_unicode = True
      sql_mode = ''
      client_flag = 131072
      multi_statements = False
      autocommit = False
      __class__ = MySQLdb.connections.Connection
MySQLdb.OperationalError: (1045, "Access denied for user '_2c0861da27548010'@'localhost' (using password: YES)")
Backup failed for Site site1.local. Database or site_config.json may be corrupted
Traceback with variables (most recent call last):
  File "apps/frappe/frappe/commands/site.py", line 881, in backup
    odb = scheduled_backup(
      context = CliCtxObj(force=False, profile=False, sites=['doctypesite', 'project', 'project1', 'site1.local', 'site2.local'], verbose=True)
      with_files = False
      backup_path = None
      backup_path_db = None
      backup_path_files = None
      backup_path_private_files = None
      backup_path_conf = None
      ignore_backup_conf = False
      verbose = True
      compress = False
      include = ''
      exclude = ''
      old_backup_metadata = False
      scheduled_backup = <function scheduled_backup at 0x7ccac19e6560>
      exit_code = 1
      rollback_callback = None
      site = 'site1.local'
      odb = frappe.utils.backups.BackupGenerator(backup_excludes=[], backup_includes=[], backup_path=None, backup_path_conf='./project/private/backups/20260730_113003-project-site_config_backup.json', backup_path_db='./project/private/backups/20260730_113003-project-database.sql.gz', backup_path_files='./project/private/backups/20260730_113003-project-files.tar', backup_path_private_files='./project/private/backups/20260730_113003-project-private-files.tar', compress_files=False, db_host='127.0.0.1', db_name='_cc001b8908fd52e2', db_port=3306, db_socket=None, db_type='mariadb', exclude_doctypes='', ignore_conf=False, include_doctypes='', old_backup_metadata=False, partial=[], password='MkfhelKK7676ix1L', rollback_callback=frappe.utils.CallbackManager(-), site_slug='project', todays_date='20260730_113003', user='_cc001b8908fd52e2', verbose=True)
  File "apps/frappe/frappe/utils/backups.py", line 589, in scheduled_backup
    return new_backup(
      older_than = 6
      ignore_files = True
      backup_path = None
      backup_path_db = None
      backup_path_files = None
      backup_path_private_files = None
      backup_path_conf = None
      ignore_conf = False
      include_doctypes = ''
      exclude_doctypes = ''
      compress = False
      force = True
      verbose = True
      old_backup_metadata = False
      rollback_callback = frappe.utils.CallbackManager()
  File "apps/frappe/frappe/utils/backups.py", line 626, in new_backup
    odb = BackupGenerator(
      older_than = 6
      ignore_files = True
      backup_path = None
      backup_path_db = None
      backup_path_files = None
      backup_path_private_files = None
      backup_path_conf = None
      ignore_conf = False
      include_doctypes = ''
      exclude_doctypes = ''
      compress = False
      force = True
      verbose = True
      old_backup_metadata = False
      rollback_callback = frappe.utils.CallbackManager()
  File "apps/frappe/frappe/utils/backups.py", line 89, in __init__
    self.setup_backup_tables()
      self = frappe.utils.backups.BackupGenerator(backup_path=None, backup_path_conf=None, backup_path_db=None, backup_path_files=None, backup_path_private_files=None, compress_files=False, db_host='127.0.0.1', db_name='_2c0861da27548010', db_port=3306, db_socket=None, db_type='mariadb', exclude_doctypes='', ignore_conf=False, include_doctypes='', old_backup_metadata=False, partial=False, password='hDO55ejkgO4waVz0', rollback_callback=frappe.utils.CallbackManager(-), site_slug='project1', user='_2c0861da27548010', verbose=True)
      db_name = '_2c0861da27548010'
      user = '_2c0861da27548010'
      password = ********
      backup_path = None
      backup_path_db = None
      backup_path_files = None
      backup_path_private_files = None
      db_socket = None
      db_host = '127.0.0.1'
      db_port = 3306
      db_type = 'mariadb'
      backup_path_conf = None
      ignore_conf = False
      compress_files = False
      include_doctypes = ''
      exclude_doctypes = ''
      verbose = True
      old_backup_metadata = False
      rollback_callback = frappe.utils.CallbackManager()
      site = 'project1'
  File "apps/frappe/frappe/utils/backups.py", line 126, in setup_backup_tables
    self._set_existing_tables()
      self = frappe.utils.backups.BackupGenerator(backup_path=None, backup_path_conf=None, backup_path_db=None, backup_path_files=None, backup_path_private_files=None, compress_files=False, db_host='127.0.0.1', db_name='_2c0861da27548010', db_port=3306, db_socket=None, db_type='mariadb', exclude_doctypes='', ignore_conf=False, include_doctypes='', old_backup_metadata=False, partial=False, password='hDO55ejkgO4waVz0', rollback_callback=frappe.utils.CallbackManager(-), site_slug='project1', user='_2c0861da27548010', verbose=True)
  File "apps/frappe/frappe/utils/backups.py", line 122, in _set_existing_tables
    self._existing_tables = frappe.db.get_tables()
      self = frappe.utils.backups.BackupGenerator(backup_path=None, backup_path_conf=None, backup_path_db=None, backup_path_files=None, backup_path_private_files=None, compress_files=False, db_host='127.0.0.1', db_name='_2c0861da27548010', db_port=3306, db_socket=None, db_type='mariadb', exclude_doctypes='', ignore_conf=False, include_doctypes='', old_backup_metadata=False, partial=False, password='hDO55ejkgO4waVz0', rollback_callback=frappe.utils.CallbackManager(-), site_slug='project1', user='_2c0861da27548010', verbose=True)
  File "apps/frappe/frappe/database/mariadb/mysqlclient.py", line 522, in get_tables
    .run(pluck=True)
      self = frappe.database.mariadb.mysqlclient.MariaDBDatabase(after_commit=frappe.utils.CallbackManager(-), after_rollback=frappe.utils.CallbackManager(-), auto_commit_on_many_writes=0, before_commit=frappe.utils.CallbackManager(-), before_rollback=frappe.utils.CallbackManager(-), cur_db_name='_2c0861da27548010', db_type='mariadb', host='127.0.0.1', logger=<Logger database-project1 (WARNING)>, password='hDO55ejkgO4waVz0', port=3306, socket=None, transaction_writes=0, type_map={'Currency': ('decimal', '21,9'), 'Int': ('int', '11'), 'Long Int': ('bigint', '20'), 'Float': ('decimal', '21,9'), 'Percent': ('decimal', '21,9'), 'Check': ('tinyint', '4'), 'Small Text': ('text', ''), 'Long Text': ('longtext...'), 'Color': ('varchar', 140), 'Barcode': ('longtext', ''), 'Geolocation': ('longtext', ''), 'Duration': ('decimal', '21,9'), 'Icon': ('varchar', 140), 'Phone': ('varchar', 140), 'Autocomplete': ('varchar', 140), 'JSON': ('json', '')}, user='_2c0861da27548010', value_cache=collections.defaultdict{})
      cached = True
      to_query = True
      tables = None
      information_schema = pypika.queries.Schema()
  File "apps/frappe/frappe/query_builder/utils.py", line 131, in execute_query
    result = frappe.local.db.sql(query, params, *args, **kwargs)  # nosemgrep
      query = 'SELECT `table_name` FROM `information_schema`.`tables` WHERE `table_schema`=%(param1)s'
      args = ()
      kwargs = {'pluck': True}
      dt = None
      fields = []
      child_queries = "_child_queries"
      params = {'param1': '_2c0861da27548010'}
  File "apps/frappe/frappe/database/database.py", line 249, in sql
    self.connect()
      self = frappe.database.mariadb.mysqlclient.MariaDBDatabase(after_commit=frappe.utils.CallbackManager(-), after_rollback=frappe.utils.CallbackManager(-), auto_commit_on_many_writes=0, before_commit=frappe.utils.CallbackManager(-), before_rollback=frappe.utils.CallbackManager(-), cur_db_name='_2c0861da27548010', db_type='mariadb', host='127.0.0.1', logger=<Logger database-project1 (WARNING)>, password='hDO55ejkgO4waVz0', port=3306, socket=None, transaction_writes=0, type_map={'Currency': ('decimal', '21,9'), 'Int': ('int', '11'), 'Long Int': ('bigint', '20'), 'Float': ('decimal', '21,9'), 'Percent': ('decimal', '21,9'), 'Check': ('tinyint', '4'), 'Small Text': ('text', ''), 'Long Text': ('longtext...'), 'Color': ('varchar', 140), 'Barcode': ('longtext', ''), 'Geolocation': ('longtext', ''), 'Duration': ('decimal', '21,9'), 'Icon': ('varchar', 140), 'Phone': ('varchar', 140), 'Autocomplete': ('varchar', 140), 'JSON': ('json', '')}, user='_2c0861da27548010', value_cache=collections.defaultdict{})
      query = 'SELECT `table_name` FROM `information_schema`.`tables` WHERE `table_schema`=%(param1)s'
      values = {'param1': '_2c0861da27548010'}
      as_dict = 0
      as_list = 0
      debug = False
      ignore_ddl = 0
      auto_commit = 0
      update = None
      explain = False
      run = True
      pluck = True
      as_iterator = False
      query_type = 'select'
  File "apps/frappe/frappe/database/database.py", line 147, in connect
    self.get_connection()
      self = frappe.database.mariadb.mysqlclient.MariaDBDatabase(after_commit=frappe.utils.CallbackManager(-), after_rollback=frappe.utils.CallbackManager(-), auto_commit_on_many_writes=0, before_commit=frappe.utils.CallbackManager(-), before_rollback=frappe.utils.CallbackManager(-), cur_db_name='_2c0861da27548010', db_type='mariadb', host='127.0.0.1', logger=<Logger database-project1 (WARNING)>, password='hDO55ejkgO4waVz0', port=3306, socket=None, transaction_writes=0, type_map={'Currency': ('decimal', '21,9'), 'Int': ('int', '11'), 'Long Int': ('bigint', '20'), 'Float': ('decimal', '21,9'), 'Percent': ('decimal', '21,9'), 'Check': ('tinyint', '4'), 'Small Text': ('text', ''), 'Long Text': ('longtext...'), 'Color': ('varchar', 140), 'Barcode': ('longtext', ''), 'Geolocation': ('longtext', ''), 'Duration': ('decimal', '21,9'), 'Icon': ('varchar', 140), 'Phone': ('varchar', 140), 'Autocomplete': ('varchar', 140), 'JSON': ('json', '')}, user='_2c0861da27548010', value_cache=collections.defaultdict{})
  File "apps/frappe/frappe/database/mariadb/mysqlclient.py", line 113, in get_connection
    conn = self._get_connection()
      self = frappe.database.mariadb.mysqlclient.MariaDBDatabase(after_commit=frappe.utils.CallbackManager(-), after_rollback=frappe.utils.CallbackManager(-), auto_commit_on_many_writes=0, before_commit=frappe.utils.CallbackManager(-), before_rollback=frappe.utils.CallbackManager(-), cur_db_name='_2c0861da27548010', db_type='mariadb', host='127.0.0.1', logger=<Logger database-project1 (WARNING)>, password='hDO55ejkgO4waVz0', port=3306, socket=None, transaction_writes=0, type_map={'Currency': ('decimal', '21,9'), 'Int': ('int', '11'), 'Long Int': ('bigint', '20'), 'Float': ('decimal', '21,9'), 'Percent': ('decimal', '21,9'), 'Check': ('tinyint', '4'), 'Small Text': ('text', ''), 'Long Text': ('longtext...'), 'Color': ('varchar', 140), 'Barcode': ('longtext', ''), 'Geolocation': ('longtext', ''), 'Duration': ('decimal', '21,9'), 'Icon': ('varchar', 140), 'Phone': ('varchar', 140), 'Autocomplete': ('varchar', 140), 'JSON': ('json', '')}, user='_2c0861da27548010', value_cache=collections.defaultdict{})
  File "apps/frappe/frappe/database/mariadb/mysqlclient.py", line 118, in _get_connection
    return self.create_connection()
      self = frappe.database.mariadb.mysqlclient.MariaDBDatabase(after_commit=frappe.utils.CallbackManager(-), after_rollback=frappe.utils.CallbackManager(-), auto_commit_on_many_writes=0, before_commit=frappe.utils.CallbackManager(-), before_rollback=frappe.utils.CallbackManager(-), cur_db_name='_2c0861da27548010', db_type='mariadb', host='127.0.0.1', logger=<Logger database-project1 (WARNING)>, password='hDO55ejkgO4waVz0', port=3306, socket=None, transaction_writes=0, type_map={'Currency': ('decimal', '21,9'), 'Int': ('int', '11'), 'Long Int': ('bigint', '20'), 'Float': ('decimal', '21,9'), 'Percent': ('decimal', '21,9'), 'Check': ('tinyint', '4'), 'Small Text': ('text', ''), 'Long Text': ('longtext...'), 'Color': ('varchar', 140), 'Barcode': ('longtext', ''), 'Geolocation': ('longtext', ''), 'Duration': ('decimal', '21,9'), 'Icon': ('varchar', 140), 'Phone': ('varchar', 140), 'Autocomplete': ('varchar', 140), 'JSON': ('json', '')}, user='_2c0861da27548010', value_cache=collections.defaultdict{})
  File "apps/frappe/frappe/database/mariadb/mysqlclient.py", line 121, in create_connection
    return MySQLdb.connect(**self.get_connection_settings())
      self = frappe.database.mariadb.mysqlclient.MariaDBDatabase(after_commit=frappe.utils.CallbackManager(-), after_rollback=frappe.utils.CallbackManager(-), auto_commit_on_many_writes=0, before_commit=frappe.utils.CallbackManager(-), before_rollback=frappe.utils.CallbackManager(-), cur_db_name='_2c0861da27548010', db_type='mariadb', host='127.0.0.1', logger=<Logger database-project1 (WARNING)>, password='hDO55ejkgO4waVz0', port=3306, socket=None, transaction_writes=0, type_map={'Currency': ('decimal', '21,9'), 'Int': ('int', '11'), 'Long Int': ('bigint', '20'), 'Float': ('decimal', '21,9'), 'Percent': ('decimal', '21,9'), 'Check': ('tinyint', '4'), 'Small Text': ('text', ''), 'Long Text': ('longtext...'), 'Color': ('varchar', 140), 'Barcode': ('longtext', ''), 'Geolocation': ('longtext', ''), 'Duration': ('decimal', '21,9'), 'Icon': ('varchar', 140), 'Phone': ('varchar', 140), 'Autocomplete': ('varchar', 140), 'JSON': ('json', '')}, user='_2c0861da27548010', value_cache=collections.defaultdict{})
  File "env/lib/python3.14/site-packages/MySQLdb/__init__.py", line 121, in Connect
    return Connection(*args, **kwargs)
      args = ()
      kwargs = {'user': '_2c0861da27548010', 'conv': {<class 'int'>: <function Thing2Str at 0x7ccac0ba0bf0>, <class 'float'>: <function Float2Str at 0x7ccac0ba0ca0>, <class 'NoneType'>: <function None2NULL at 0x7ccac0ba0d50>, <class 'array.array'>: <function array2Str at 0x7ccac0ba0f60>, <class 'bool'>: <function Bool2Str at 0x7ccac0ba09e0>, <class 'datetime.date'>: <function Thing2Literal at 0x7ccac0ba0e00>, <class 'datetime.datetime'>: <function DateTime2literal at 0x7ccac0ba0510>, <class 'datetime.timedelta'>: <function escape_timedelta at 0x7ccac0ba2da0>, <class 'set'>: <function Set2Str at 0x7ccac0ba0b40>, <class 'decimal.Decimal'>: <function Decimal2Literal at 0x7ccac0ba0eb0>, 1: <class 'int'>, 2: <c...t'>: <function escape_dict at 0x7ccac0ba2e50>, <class 'frozenset'>: <function escape_frozenset at 0x7ccac0b5f8a0>}, 'charset': 'utf8mb4', 'use_unicode': True, 'local_infile': False, 'multi_statements': False, 'database': '_2c0861da27548010', 'host': '127.0.0.1', 'port': 3306, 'password': '********'}
      Connection = MySQLdb.connections.Connection
  File "env/lib/python3.14/site-packages/MySQLdb/connections.py", line 200, in __init__
    super().__init__(*args, **kwargs2)
      self = <_mysql.connection open to '(null)' at 0x21a91c30>
      args = ()
      kwargs = {'user': '_2c0861da27548010', 'conv': {<class 'int'>: <function Thing2Str at 0x7ccac0ba0bf0>, <class 'float'>: <function Float2Str at 0x7ccac0ba0ca0>, <class 'NoneType'>: <function None2NULL at 0x7ccac0ba0d50>, <class 'array.array'>: <function array2Str at 0x7ccac0ba0f60>, <class 'bool'>: <function Bool2Str at 0x7ccac0ba09e0>, <class 'datetime.date'>: <function Thing2Literal at 0x7ccac0ba0e00>, <class 'datetime.datetime'>: <function DateTime2literal at 0x7ccac0ba0510>, <class 'datetime.timedelta'>: <function escape_timedelta at 0x7ccac0ba2da0>, <class 'set'>: <function Set2Str at 0x7ccac0ba0b40>, <class 'decimal.Decimal'>: <function Decimal2Literal at 0x7ccac0ba0eb0>, 1: <class 'int'>, 2: <c...t'>: <function escape_dict at 0x7ccac0ba2e50>, <class 'frozenset'>: <function escape_frozenset at 0x7ccac0b5f8a0>}, 'charset': 'utf8mb4', 'use_unicode': True, 'local_infile': False, 'multi_statements': False, 'database': '_2c0861da27548010', 'host': '127.0.0.1', 'port': 3306, 'password': '********'}
      CLIENT = <module 'MySQLdb.constants.CLIENT' from 'env/lib/python3.14/site-packages/MySQLdb/constants/CLIENT.py'>
      FIELD_TYPE = <module 'MySQLdb.constants.FIELD_TYPE' from 'env/lib/python3.14/site-packages/MySQLdb/constants/FIELD_TYPE.py'>
      conversions = {<class 'int'>: <function Thing2Str at 0x7ccac0ba0bf0>, <class 'float'>: <function Float2Str at 0x7ccac0ba0ca0>, <class 'NoneType'>: <function None2NULL at 0x7ccac0ba0d50>, <class 'array.array'>: <function array2Str at 0x7ccac0ba0f60>, <class 'bool'>: <function Bool2Str at 0x7ccac0ba09e0>, <class 'datetime.date'>: <function Thing2Literal at 0x7ccac0ba0e00>, <class 'datetime.datetime'>: <function DateTime2literal at 0x7ccac0ba0510>, <class 'datetime.timedelta'>: <function DateTimeDelta2literal at 0x7ccac0ba05c0>, <class 'set'>: <function Set2Str at 0x7ccac0ba0b40>, <class 'decimal.Decimal'>: <function Decimal2Literal at 0x7ccac0ba0eb0>, 1: <class 'int'>, 2: <class 'int'>, 3: <class 'int'>, 4:...r_None at 0x7ccac0ba0250>, 11: <function TimeDelta_or_None at 0x7ccac0ba0300>, 10: <function Date_or_None at 0x7ccac0ba0460>, 249: <class 'bytes'>, 250: <class 'bytes'>, 251: <class 'bytes'>, 252: <class 'bytes'>, 254: <class 'bytes'>, 253: <class 'bytes'>, 15: <class 'bytes'>, 245: <class 'bytes'>}
      _bytes_or_str = ((128, bytes), (None, str))
      kwargs2 = {'user': '_2c0861da27548010', 'conv': {<class 'int'>: <function Thing2Str at 0x7ccac0ba0bf0>, <class 'float'>: <function Float2Str at 0x7ccac0ba0ca0>, <class 'NoneType'>: <function None2NULL at 0x7ccac0ba0d50>, <class 'array.array'>: <function array2Str at 0x7ccac0ba0f60>, <class 'bool'>: <function Bool2Str at 0x7ccac0ba09e0>, <class 'datetime.date'>: <function Thing2Literal at 0x7ccac0ba0e00>, <class 'datetime.datetime'>: <function DateTime2literal at 0x7ccac0ba0510>, <class 'datetime.timedelta'>: <function escape_timedelta at 0x7ccac0ba2da0>, <class 'set'>: <function Set2Str at 0x7ccac0ba0b40>, <class 'decimal.Decimal'>: <function Decimal2Literal at 0x7ccac0ba0eb0>, 1: <class 'int'>, 2: <c...ass 'bytes'>, <class 'dict'>: <function escape_dict at 0x7ccac0ba2e50>, <class 'frozenset'>: <function escape_frozenset at 0x7ccac0b5f8a0>}, 'charset': 'utf8mb4', 'local_infile': False, 'database': '_2c0861da27548010', 'host': '127.0.0.1', 'port': 3306, 'password': '********', 'client_flag': 131072}
      conv = {<class 'int'>: <function Thing2Str at 0x7ccac0ba0bf0>, <class 'float'>: <function Float2Str at 0x7ccac0ba0ca0>, <class 'NoneType'>: <function None2NULL at 0x7ccac0ba0d50>, <class 'array.array'>: <function array2Str at 0x7ccac0ba0f60>, <class 'bool'>: <function Bool2Str at 0x7ccac0ba09e0>, <class 'datetime.date'>: <function Thing2Literal at 0x7ccac0ba0e00>, <class 'datetime.datetime'>: <function DateTime2literal at 0x7ccac0ba0510>, <class 'datetime.timedelta'>: <function escape_timedelta at 0x7ccac0ba2da0>, <class 'set'>: <function Set2Str at 0x7ccac0ba0b40>, <class 'decimal.Decimal'>: <function Decimal2Literal at 0x7ccac0ba0eb0>, 1: <class 'int'>, 2: <class 'int'>, 3: <class 'int'>, 4: <cla...249: <class 'bytes'>, 250: <class 'bytes'>, 251: <class 'bytes'>, 252: <class 'bytes'>, 254: <class 'bytes'>, 253: <class 'bytes'>, 15: <class 'bytes'>, 245: <class 'bytes'>, <class 'dict'>: <function escape_dict at 0x7ccac0ba2e50>, <class 'frozenset'>: <function escape_frozenset at 0x7ccac0b5f8a0>}
      conv2 = {<class 'int'>: <function Thing2Str at 0x7ccac0ba0bf0>, <class 'float'>: <function Float2Str at 0x7ccac0ba0ca0>, <class 'NoneType'>: <function None2NULL at 0x7ccac0ba0d50>, <class 'array.array'>: <function array2Str at 0x7ccac0ba0f60>, <class 'bool'>: <function Bool2Str at 0x7ccac0ba09e0>, <class 'datetime.date'>: <function Thing2Literal at 0x7ccac0ba0e00>, <class 'datetime.datetime'>: <function DateTime2literal at 0x7ccac0ba0510>, <class 'datetime.timedelta'>: <function escape_timedelta at 0x7ccac0ba2da0>, <class 'set'>: <function Set2Str at 0x7ccac0ba0b40>, <class 'decimal.Decimal'>: <function Decimal2Literal at 0x7ccac0ba0eb0>, 1: <class 'int'>, 2: <class 'int'>, 3: <class 'int'>, 4: <cla...249: <class 'bytes'>, 250: <class 'bytes'>, 251: <class 'bytes'>, 252: <class 'bytes'>, 254: <class 'bytes'>, 253: <class 'bytes'>, 15: <class 'bytes'>, 245: <class 'bytes'>, <class 'dict'>: <function escape_dict at 0x7ccac0ba2e50>, <class 'frozenset'>: <function escape_frozenset at 0x7ccac0b5f8a0>}
      k = frozenset
      v = <function escape_frozenset at 0x7ccac0b5f8a0>
      cursorclass = MySQLdb.cursors.Cursor
      charset = 'utf8mb4'
      collation = ''
      use_unicode = True
      sql_mode = ''
      client_flag = 131072
      multi_statements = False
      autocommit = False
      __class__ = MySQLdb.connections.Connection
MySQLdb.OperationalError: (1045, "Access denied for user '_2c0861da27548010'@'localhost' (using password: YES)")
Backup failed for Site site2.local. Database or site_config.json may be corrupted
Traceback with variables (most recent call last):
  File "apps/frappe/frappe/commands/site.py", line 881, in backup
    odb = scheduled_backup(
      context = CliCtxObj(force=False, profile=False, sites=['doctypesite', 'project', 'project1', 'site1.local', 'site2.local'], verbose=True)
      with_files = False
      backup_path = None
      backup_path_db = None
      backup_path_files = None
      backup_path_private_files = None
      backup_path_conf = None
      ignore_backup_conf = False
      verbose = True
      compress = False
      include = ''
      exclude = ''
      old_backup_metadata = False
      scheduled_backup = <function scheduled_backup at 0x7ccac19e6560>
      exit_code = 1
      rollback_callback = None
      site = 'site2.local'
      odb = frappe.utils.backups.BackupGenerator(backup_excludes=[], backup_includes=[], backup_path=None, backup_path_conf='./project/private/backups/20260730_113003-project-site_config_backup.json', backup_path_db='./project/private/backups/20260730_113003-project-database.sql.gz', backup_path_files='./project/private/backups/20260730_113003-project-files.tar', backup_path_private_files='./project/private/backups/20260730_113003-project-private-files.tar', compress_files=False, db_host='127.0.0.1', db_name='_cc001b8908fd52e2', db_port=3306, db_socket=None, db_type='mariadb', exclude_doctypes='', ignore_conf=False, include_doctypes='', old_backup_metadata=False, partial=[], password='MkfhelKK7676ix1L', rollback_callback=frappe.utils.CallbackManager(-), site_slug='project', todays_date='20260730_113003', user='_cc001b8908fd52e2', verbose=True)
  File "apps/frappe/frappe/utils/backups.py", line 589, in scheduled_backup
    return new_backup(
      older_than = 6
      ignore_files = True
      backup_path = None
      backup_path_db = None
      backup_path_files = None
      backup_path_private_files = None
      backup_path_conf = None
      ignore_conf = False
      include_doctypes = ''
      exclude_doctypes = ''
      compress = False
      force = True
      verbose = True
      old_backup_metadata = False
      rollback_callback = frappe.utils.CallbackManager()
  File "apps/frappe/frappe/utils/backups.py", line 626, in new_backup
    odb = BackupGenerator(
      older_than = 6
      ignore_files = True
      backup_path = None
      backup_path_db = None
      backup_path_files = None
      backup_path_private_files = None
      backup_path_conf = None
      ignore_conf = False
      include_doctypes = ''
      exclude_doctypes = ''
      compress = False
      force = True
      verbose = True
      old_backup_metadata = False
      rollback_callback = frappe.utils.CallbackManager()
  File "apps/frappe/frappe/utils/backups.py", line 89, in __init__
    self.setup_backup_tables()
      self = frappe.utils.backups.BackupGenerator(backup_path=None, backup_path_conf=None, backup_path_db=None, backup_path_files=None, backup_path_private_files=None, compress_files=False, db_host='127.0.0.1', db_name='_2c0861da27548010', db_port=3306, db_socket=None, db_type='mariadb', exclude_doctypes='', ignore_conf=False, include_doctypes='', old_backup_metadata=False, partial=False, password='hDO55ejkgO4waVz0', rollback_callback=frappe.utils.CallbackManager(-), site_slug='project1', user='_2c0861da27548010', verbose=True)
      db_name = '_2c0861da27548010'
      user = '_2c0861da27548010'
      password = ********
      backup_path = None
      backup_path_db = None
      backup_path_files = None
      backup_path_private_files = None
      db_socket = None
      db_host = '127.0.0.1'
      db_port = 3306
      db_type = 'mariadb'
      backup_path_conf = None
      ignore_conf = False
      compress_files = False
      include_doctypes = ''
      exclude_doctypes = ''
      verbose = True
      old_backup_metadata = False
      rollback_callback = frappe.utils.CallbackManager()
      site = 'project1'
  File "apps/frappe/frappe/utils/backups.py", line 126, in setup_backup_tables
    self._set_existing_tables()
      self = frappe.utils.backups.BackupGenerator(backup_path=None, backup_path_conf=None, backup_path_db=None, backup_path_files=None, backup_path_private_files=None, compress_files=False, db_host='127.0.0.1', db_name='_2c0861da27548010', db_port=3306, db_socket=None, db_type='mariadb', exclude_doctypes='', ignore_conf=False, include_doctypes='', old_backup_metadata=False, partial=False, password='hDO55ejkgO4waVz0', rollback_callback=frappe.utils.CallbackManager(-), site_slug='project1', user='_2c0861da27548010', verbose=True)
  File "apps/frappe/frappe/utils/backups.py", line 122, in _set_existing_tables
    self._existing_tables = frappe.db.get_tables()
      self = frappe.utils.backups.BackupGenerator(backup_path=None, backup_path_conf=None, backup_path_db=None, backup_path_files=None, backup_path_private_files=None, compress_files=False, db_host='127.0.0.1', db_name='_2c0861da27548010', db_port=3306, db_socket=None, db_type='mariadb', exclude_doctypes='', ignore_conf=False, include_doctypes='', old_backup_metadata=False, partial=False, password='hDO55ejkgO4waVz0', rollback_callback=frappe.utils.CallbackManager(-), site_slug='project1', user='_2c0861da27548010', verbose=True)
  File "apps/frappe/frappe/database/mariadb/mysqlclient.py", line 522, in get_tables
    .run(pluck=True)
      self = frappe.database.mariadb.mysqlclient.MariaDBDatabase(after_commit=frappe.utils.CallbackManager(-), after_rollback=frappe.utils.CallbackManager(-), auto_commit_on_many_writes=0, before_commit=frappe.utils.CallbackManager(-), before_rollback=frappe.utils.CallbackManager(-), cur_db_name='_2c0861da27548010', db_type='mariadb', host='127.0.0.1', logger=<Logger database-project1 (WARNING)>, password='hDO55ejkgO4waVz0', port=3306, socket=None, transaction_writes=0, type_map={'Currency': ('decimal', '21,9'), 'Int': ('int', '11'), 'Long Int': ('bigint', '20'), 'Float': ('decimal', '21,9'), 'Percent': ('decimal', '21,9'), 'Check': ('tinyint', '4'), 'Small Text': ('text', ''), 'Long Text': ('longtext...'), 'Color': ('varchar', 140), 'Barcode': ('longtext', ''), 'Geolocation': ('longtext', ''), 'Duration': ('decimal', '21,9'), 'Icon': ('varchar', 140), 'Phone': ('varchar', 140), 'Autocomplete': ('varchar', 140), 'JSON': ('json', '')}, user='_2c0861da27548010', value_cache=collections.defaultdict{})
      cached = True
      to_query = True
      tables = None
      information_schema = pypika.queries.Schema()
  File "apps/frappe/frappe/query_builder/utils.py", line 131, in execute_query
    result = frappe.local.db.sql(query, params, *args, **kwargs)  # nosemgrep
      query = 'SELECT `table_name` FROM `information_schema`.`tables` WHERE `table_schema`=%(param1)s'
      args = ()
      kwargs = {'pluck': True}
      dt = None
      fields = []
      child_queries = "_child_queries"
      params = {'param1': '_2c0861da27548010'}
  File "apps/frappe/frappe/database/database.py", line 249, in sql
    self.connect()
      self = frappe.database.mariadb.mysqlclient.MariaDBDatabase(after_commit=frappe.utils.CallbackManager(-), after_rollback=frappe.utils.CallbackManager(-), auto_commit_on_many_writes=0, before_commit=frappe.utils.CallbackManager(-), before_rollback=frappe.utils.CallbackManager(-), cur_db_name='_2c0861da27548010', db_type='mariadb', host='127.0.0.1', logger=<Logger database-project1 (WARNING)>, password='hDO55ejkgO4waVz0', port=3306, socket=None, transaction_writes=0, type_map={'Currency': ('decimal', '21,9'), 'Int': ('int', '11'), 'Long Int': ('bigint', '20'), 'Float': ('decimal', '21,9'), 'Percent': ('decimal', '21,9'), 'Check': ('tinyint', '4'), 'Small Text': ('text', ''), 'Long Text': ('longtext...'), 'Color': ('varchar', 140), 'Barcode': ('longtext', ''), 'Geolocation': ('longtext', ''), 'Duration': ('decimal', '21,9'), 'Icon': ('varchar', 140), 'Phone': ('varchar', 140), 'Autocomplete': ('varchar', 140), 'JSON': ('json', '')}, user='_2c0861da27548010', value_cache=collections.defaultdict{})
      query = 'SELECT `table_name` FROM `information_schema`.`tables` WHERE `table_schema`=%(param1)s'
      values = {'param1': '_2c0861da27548010'}
      as_dict = 0
      as_list = 0
      debug = False
      ignore_ddl = 0
      auto_commit = 0
      update = None
      explain = False
      run = True
      pluck = True
      as_iterator = False
      query_type = 'select'
  File "apps/frappe/frappe/database/database.py", line 147, in connect
    self.get_connection()
      self = frappe.database.mariadb.mysqlclient.MariaDBDatabase(after_commit=frappe.utils.CallbackManager(-), after_rollback=frappe.utils.CallbackManager(-), auto_commit_on_many_writes=0, before_commit=frappe.utils.CallbackManager(-), before_rollback=frappe.utils.CallbackManager(-), cur_db_name='_2c0861da27548010', db_type='mariadb', host='127.0.0.1', logger=<Logger database-project1 (WARNING)>, password='hDO55ejkgO4waVz0', port=3306, socket=None, transaction_writes=0, type_map={'Currency': ('decimal', '21,9'), 'Int': ('int', '11'), 'Long Int': ('bigint', '20'), 'Float': ('decimal', '21,9'), 'Percent': ('decimal', '21,9'), 'Check': ('tinyint', '4'), 'Small Text': ('text', ''), 'Long Text': ('longtext...'), 'Color': ('varchar', 140), 'Barcode': ('longtext', ''), 'Geolocation': ('longtext', ''), 'Duration': ('decimal', '21,9'), 'Icon': ('varchar', 140), 'Phone': ('varchar', 140), 'Autocomplete': ('varchar', 140), 'JSON': ('json', '')}, user='_2c0861da27548010', value_cache=collections.defaultdict{})
  File "apps/frappe/frappe/database/mariadb/mysqlclient.py", line 113, in get_connection
    conn = self._get_connection()
      self = frappe.database.mariadb.mysqlclient.MariaDBDatabase(after_commit=frappe.utils.CallbackManager(-), after_rollback=frappe.utils.CallbackManager(-), auto_commit_on_many_writes=0, before_commit=frappe.utils.CallbackManager(-), before_rollback=frappe.utils.CallbackManager(-), cur_db_name='_2c0861da27548010', db_type='mariadb', host='127.0.0.1', logger=<Logger database-project1 (WARNING)>, password='hDO55ejkgO4waVz0', port=3306, socket=None, transaction_writes=0, type_map={'Currency': ('decimal', '21,9'), 'Int': ('int', '11'), 'Long Int': ('bigint', '20'), 'Float': ('decimal', '21,9'), 'Percent': ('decimal', '21,9'), 'Check': ('tinyint', '4'), 'Small Text': ('text', ''), 'Long Text': ('longtext...'), 'Color': ('varchar', 140), 'Barcode': ('longtext', ''), 'Geolocation': ('longtext', ''), 'Duration': ('decimal', '21,9'), 'Icon': ('varchar', 140), 'Phone': ('varchar', 140), 'Autocomplete': ('varchar', 140), 'JSON': ('json', '')}, user='_2c0861da27548010', value_cache=collections.defaultdict{})
  File "apps/frappe/frappe/database/mariadb/mysqlclient.py", line 118, in _get_connection
    return self.create_connection()
      self = frappe.database.mariadb.mysqlclient.MariaDBDatabase(after_commit=frappe.utils.CallbackManager(-), after_rollback=frappe.utils.CallbackManager(-), auto_commit_on_many_writes=0, before_commit=frappe.utils.CallbackManager(-), before_rollback=frappe.utils.CallbackManager(-), cur_db_name='_2c0861da27548010', db_type='mariadb', host='127.0.0.1', logger=<Logger database-project1 (WARNING)>, password='hDO55ejkgO4waVz0', port=3306, socket=None, transaction_writes=0, type_map={'Currency': ('decimal', '21,9'), 'Int': ('int', '11'), 'Long Int': ('bigint', '20'), 'Float': ('decimal', '21,9'), 'Percent': ('decimal', '21,9'), 'Check': ('tinyint', '4'), 'Small Text': ('text', ''), 'Long Text': ('longtext...'), 'Color': ('varchar', 140), 'Barcode': ('longtext', ''), 'Geolocation': ('longtext', ''), 'Duration': ('decimal', '21,9'), 'Icon': ('varchar', 140), 'Phone': ('varchar', 140), 'Autocomplete': ('varchar', 140), 'JSON': ('json', '')}, user='_2c0861da27548010', value_cache=collections.defaultdict{})
  File "apps/frappe/frappe/database/mariadb/mysqlclient.py", line 121, in create_connection
    return MySQLdb.connect(**self.get_connection_settings())
      self = frappe.database.mariadb.mysqlclient.MariaDBDatabase(after_commit=frappe.utils.CallbackManager(-), after_rollback=frappe.utils.CallbackManager(-), auto_commit_on_many_writes=0, before_commit=frappe.utils.CallbackManager(-), before_rollback=frappe.utils.CallbackManager(-), cur_db_name='_2c0861da27548010', db_type='mariadb', host='127.0.0.1', logger=<Logger database-project1 (WARNING)>, password='hDO55ejkgO4waVz0', port=3306, socket=None, transaction_writes=0, type_map={'Currency': ('decimal', '21,9'), 'Int': ('int', '11'), 'Long Int': ('bigint', '20'), 'Float': ('decimal', '21,9'), 'Percent': ('decimal', '21,9'), 'Check': ('tinyint', '4'), 'Small Text': ('text', ''), 'Long Text': ('longtext...'), 'Color': ('varchar', 140), 'Barcode': ('longtext', ''), 'Geolocation': ('longtext', ''), 'Duration': ('decimal', '21,9'), 'Icon': ('varchar', 140), 'Phone': ('varchar', 140), 'Autocomplete': ('varchar', 140), 'JSON': ('json', '')}, user='_2c0861da27548010', value_cache=collections.defaultdict{})
  File "env/lib/python3.14/site-packages/MySQLdb/__init__.py", line 121, in Connect
    return Connection(*args, **kwargs)
      args = ()
      kwargs = {'user': '_2c0861da27548010', 'conv': {<class 'int'>: <function Thing2Str at 0x7ccac0ba0bf0>, <class 'float'>: <function Float2Str at 0x7ccac0ba0ca0>, <class 'NoneType'>: <function None2NULL at 0x7ccac0ba0d50>, <class 'array.array'>: <function array2Str at 0x7ccac0ba0f60>, <class 'bool'>: <function Bool2Str at 0x7ccac0ba09e0>, <class 'datetime.date'>: <function Thing2Literal at 0x7ccac0ba0e00>, <class 'datetime.datetime'>: <function DateTime2literal at 0x7ccac0ba0510>, <class 'datetime.timedelta'>: <function escape_timedelta at 0x7ccac0ba2da0>, <class 'set'>: <function Set2Str at 0x7ccac0ba0b40>, <class 'decimal.Decimal'>: <function Decimal2Literal at 0x7ccac0ba0eb0>, 1: <class 'int'>, 2: <c...t'>: <function escape_dict at 0x7ccac0ba2e50>, <class 'frozenset'>: <function escape_frozenset at 0x7ccac0b5f8a0>}, 'charset': 'utf8mb4', 'use_unicode': True, 'local_infile': False, 'multi_statements': False, 'database': '_2c0861da27548010', 'host': '127.0.0.1', 'port': 3306, 'password': '********'}
      Connection = MySQLdb.connections.Connection
  File "env/lib/python3.14/site-packages/MySQLdb/connections.py", line 200, in __init__
    super().__init__(*args, **kwargs2)
      self = <_mysql.connection open to '(null)' at 0x21a91c30>
      args = ()
      kwargs = {'user': '_2c0861da27548010', 'conv': {<class 'int'>: <function Thing2Str at 0x7ccac0ba0bf0>, <class 'float'>: <function Float2Str at 0x7ccac0ba0ca0>, <class 'NoneType'>: <function None2NULL at 0x7ccac0ba0d50>, <class 'array.array'>: <function array2Str at 0x7ccac0ba0f60>, <class 'bool'>: <function Bool2Str at 0x7ccac0ba09e0>, <class 'datetime.date'>: <function Thing2Literal at 0x7ccac0ba0e00>, <class 'datetime.datetime'>: <function DateTime2literal at 0x7ccac0ba0510>, <class 'datetime.timedelta'>: <function escape_timedelta at 0x7ccac0ba2da0>, <class 'set'>: <function Set2Str at 0x7ccac0ba0b40>, <class 'decimal.Decimal'>: <function Decimal2Literal at 0x7ccac0ba0eb0>, 1: <class 'int'>, 2: <c...t'>: <function escape_dict at 0x7ccac0ba2e50>, <class 'frozenset'>: <function escape_frozenset at 0x7ccac0b5f8a0>}, 'charset': 'utf8mb4', 'use_unicode': True, 'local_infile': False, 'multi_statements': False, 'database': '_2c0861da27548010', 'host': '127.0.0.1', 'port': 3306, 'password': '********'}
      CLIENT = <module 'MySQLdb.constants.CLIENT' from 'env/lib/python3.14/site-packages/MySQLdb/constants/CLIENT.py'>
      FIELD_TYPE = <module 'MySQLdb.constants.FIELD_TYPE' from 'env/lib/python3.14/site-packages/MySQLdb/constants/FIELD_TYPE.py'>
      conversions = {<class 'int'>: <function Thing2Str at 0x7ccac0ba0bf0>, <class 'float'>: <function Float2Str at 0x7ccac0ba0ca0>, <class 'NoneType'>: <function None2NULL at 0x7ccac0ba0d50>, <class 'array.array'>: <function array2Str at 0x7ccac0ba0f60>, <class 'bool'>: <function Bool2Str at 0x7ccac0ba09e0>, <class 'datetime.date'>: <function Thing2Literal at 0x7ccac0ba0e00>, <class 'datetime.datetime'>: <function DateTime2literal at 0x7ccac0ba0510>, <class 'datetime.timedelta'>: <function DateTimeDelta2literal at 0x7ccac0ba05c0>, <class 'set'>: <function Set2Str at 0x7ccac0ba0b40>, <class 'decimal.Decimal'>: <function Decimal2Literal at 0x7ccac0ba0eb0>, 1: <class 'int'>, 2: <class 'int'>, 3: <class 'int'>, 4:...r_None at 0x7ccac0ba0250>, 11: <function TimeDelta_or_None at 0x7ccac0ba0300>, 10: <function Date_or_None at 0x7ccac0ba0460>, 249: <class 'bytes'>, 250: <class 'bytes'>, 251: <class 'bytes'>, 252: <class 'bytes'>, 254: <class 'bytes'>, 253: <class 'bytes'>, 15: <class 'bytes'>, 245: <class 'bytes'>}
      _bytes_or_str = ((128, bytes), (None, str))
      kwargs2 = {'user': '_2c0861da27548010', 'conv': {<class 'int'>: <function Thing2Str at 0x7ccac0ba0bf0>, <class 'float'>: <function Float2Str at 0x7ccac0ba0ca0>, <class 'NoneType'>: <function None2NULL at 0x7ccac0ba0d50>, <class 'array.array'>: <function array2Str at 0x7ccac0ba0f60>, <class 'bool'>: <function Bool2Str at 0x7ccac0ba09e0>, <class 'datetime.date'>: <function Thing2Literal at 0x7ccac0ba0e00>, <class 'datetime.datetime'>: <function DateTime2literal at 0x7ccac0ba0510>, <class 'datetime.timedelta'>: <function escape_timedelta at 0x7ccac0ba2da0>, <class 'set'>: <function Set2Str at 0x7ccac0ba0b40>, <class 'decimal.Decimal'>: <function Decimal2Literal at 0x7ccac0ba0eb0>, 1: <class 'int'>, 2: <c...ass 'bytes'>, <class 'dict'>: <function escape_dict at 0x7ccac0ba2e50>, <class 'frozenset'>: <function escape_frozenset at 0x7ccac0b5f8a0>}, 'charset': 'utf8mb4', 'local_infile': False, 'database': '_2c0861da27548010', 'host': '127.0.0.1', 'port': 3306, 'password': '********', 'client_flag': 131072}
      conv = {<class 'int'>: <function Thing2Str at 0x7ccac0ba0bf0>, <class 'float'>: <function Float2Str at 0x7ccac0ba0ca0>, <class 'NoneType'>: <function None2NULL at 0x7ccac0ba0d50>, <class 'array.array'>: <function array2Str at 0x7ccac0ba0f60>, <class 'bool'>: <function Bool2Str at 0x7ccac0ba09e0>, <class 'datetime.date'>: <function Thing2Literal at 0x7ccac0ba0e00>, <class 'datetime.datetime'>: <function DateTime2literal at 0x7ccac0ba0510>, <class 'datetime.timedelta'>: <function escape_timedelta at 0x7ccac0ba2da0>, <class 'set'>: <function Set2Str at 0x7ccac0ba0b40>, <class 'decimal.Decimal'>: <function Decimal2Literal at 0x7ccac0ba0eb0>, 1: <class 'int'>, 2: <class 'int'>, 3: <class 'int'>, 4: <cla...249: <class 'bytes'>, 250: <class 'bytes'>, 251: <class 'bytes'>, 252: <class 'bytes'>, 254: <class 'bytes'>, 253: <class 'bytes'>, 15: <class 'bytes'>, 245: <class 'bytes'>, <class 'dict'>: <function escape_dict at 0x7ccac0ba2e50>, <class 'frozenset'>: <function escape_frozenset at 0x7ccac0b5f8a0>}
      conv2 = {<class 'int'>: <function Thing2Str at 0x7ccac0ba0bf0>, <class 'float'>: <function Float2Str at 0x7ccac0ba0ca0>, <class 'NoneType'>: <function None2NULL at 0x7ccac0ba0d50>, <class 'array.array'>: <function array2Str at 0x7ccac0ba0f60>, <class 'bool'>: <function Bool2Str at 0x7ccac0ba09e0>, <class 'datetime.date'>: <function Thing2Literal at 0x7ccac0ba0e00>, <class 'datetime.datetime'>: <function DateTime2literal at 0x7ccac0ba0510>, <class 'datetime.timedelta'>: <function escape_timedelta at 0x7ccac0ba2da0>, <class 'set'>: <function Set2Str at 0x7ccac0ba0b40>, <class 'decimal.Decimal'>: <function Decimal2Literal at 0x7ccac0ba0eb0>, 1: <class 'int'>, 2: <class 'int'>, 3: <class 'int'>, 4: <cla...249: <class 'bytes'>, 250: <class 'bytes'>, 251: <class 'bytes'>, 252: <class 'bytes'>, 254: <class 'bytes'>, 253: <class 'bytes'>, 15: <class 'bytes'>, 245: <class 'bytes'>, <class 'dict'>: <function escape_dict at 0x7ccac0ba2e50>, <class 'frozenset'>: <function escape_frozenset at 0x7ccac0b5f8a0>}
      k = frozenset
      v = <function escape_frozenset at 0x7ccac0b5f8a0>
      cursorclass = MySQLdb.cursors.Cursor
      charset = 'utf8mb4'
      collation = ''
      use_unicode = True
      sql_mode = ''
      client_flag = 131072
      multi_statements = False
      autocommit = False
      __class__ = MySQLdb.connections.Connection
MySQLdb.OperationalError: (1045, "Access denied for user '_2c0861da27548010'@'localhost' (using password: YES)")
set -o pipefail; /usr/bin/mariadb-dump --user=_0e0e8f4505c3c9e6 --host=127.0.0.1 --port=3306 --password=********** --single-transaction --quick --lock-tables=false _0e0e8f4505c3c9e6 | /usr/bin/gzip >> ./doctypesite/private/backups/20260731_173003-doctypesite-database.sql.gz

Backup Summary for doctypesite at 2026-07-31 17:30:04.477525
Config  : /home/sanjayh/frappe16-bench/sites/doctypesite/private/backups/20260731_173003-doctypesite-site_config_backup.json 246.0B
Database: /home/sanjayh/frappe16-bench/sites/doctypesite/private/backups/20260731_173003-doctypesite-database.sql.gz 402.8KiB
Backup for Site doctypesite has been successfully completed
File ./project/private/backups/20260730_113003-project-database.sql.gz is older than 23 hours
File ./project/private/backups/20260729_173005-project-site_config_backup.json is older than 23 hours
File ./project/private/backups/20260730_113003-project-site_config_backup.json is older than 23 hours
File ./project/private/backups/20260729_173005-project-database.sql.gz is older than 23 hours
set -o pipefail; /usr/bin/mariadb-dump --user=_cc001b8908fd52e2 --host=127.0.0.1 --port=3306 --password=********** --single-transaction --quick --lock-tables=false _cc001b8908fd52e2 | /usr/bin/gzip >> ./project/private/backups/20260731_173004-project-database.sql.gz

Backup Summary for project at 2026-07-31 17:30:05.462889
Config  : /home/sanjayh/frappe16-bench/sites/project/private/backups/20260731_173004-project-site_config_backup.json 187.0B
Database: /home/sanjayh/frappe16-bench/sites/project/private/backups/20260731_173004-project-database.sql.gz 293.4KiB
Backup for Site project has been successfully completed
Backup failed for Site project1. Database or site_config.json may be corrupted
Traceback with variables (most recent call last):
  File "apps/frappe/frappe/commands/site.py", line 881, in backup
    odb = scheduled_backup(
      context = CliCtxObj(force=False, profile=False, sites=['doctypesite', 'project', 'project1', 'site1.local', 'site2.local'], verbose=True)
      with_files = False
      backup_path = None
      backup_path_db = None
      backup_path_files = None
      backup_path_private_files = None
      backup_path_conf = None
      ignore_backup_conf = False
      verbose = True
      compress = False
      include = ''
      exclude = ''
      old_backup_metadata = False
      scheduled_backup = <function scheduled_backup at 0x715d84d2a560>
      exit_code = 0
      rollback_callback = None
      site = 'project1'
      odb = frappe.utils.backups.BackupGenerator(backup_excludes=[], backup_includes=[], backup_path=None, backup_path_conf='./project/private/backups/20260731_173004-project-site_config_backup.json', backup_path_db='./project/private/backups/20260731_173004-project-database.sql.gz', backup_path_files='./project/private/backups/20260731_173004-project-files.tar', backup_path_private_files='./project/private/backups/20260731_173004-project-private-files.tar', compress_files=False, db_host='127.0.0.1', db_name='_cc001b8908fd52e2', db_port=3306, db_socket=None, db_type='mariadb', exclude_doctypes='', ignore_conf=False, include_doctypes='', old_backup_metadata=False, partial=[], password='MkfhelKK7676ix1L', rollback_callback=frappe.utils.CallbackManager(-), site_slug='project', todays_date='20260731_173004', user='_cc001b8908fd52e2', verbose=True)
  File "apps/frappe/frappe/utils/backups.py", line 589, in scheduled_backup
    return new_backup(
      older_than = 6
      ignore_files = True
      backup_path = None
      backup_path_db = None
      backup_path_files = None
      backup_path_private_files = None
      backup_path_conf = None
      ignore_conf = False
      include_doctypes = ''
      exclude_doctypes = ''
      compress = False
      force = True
      verbose = True
      old_backup_metadata = False
      rollback_callback = frappe.utils.CallbackManager()
  File "apps/frappe/frappe/utils/backups.py", line 626, in new_backup
    odb = BackupGenerator(
      older_than = 6
      ignore_files = True
      backup_path = None
      backup_path_db = None
      backup_path_files = None
      backup_path_private_files = None
      backup_path_conf = None
      ignore_conf = False
      include_doctypes = ''
      exclude_doctypes = ''
      compress = False
      force = True
      verbose = True
      old_backup_metadata = False
      rollback_callback = frappe.utils.CallbackManager()
  File "apps/frappe/frappe/utils/backups.py", line 89, in __init__
    self.setup_backup_tables()
      self = frappe.utils.backups.BackupGenerator(backup_path=None, backup_path_conf=None, backup_path_db=None, backup_path_files=None, backup_path_private_files=None, compress_files=False, db_host='127.0.0.1', db_name='_2c0861da27548010', db_port=3306, db_socket=None, db_type='mariadb', exclude_doctypes='', ignore_conf=False, include_doctypes='', old_backup_metadata=False, partial=False, password='hDO55ejkgO4waVz0', rollback_callback=frappe.utils.CallbackManager(-), site_slug='project1', user='_2c0861da27548010', verbose=True)
      db_name = '_2c0861da27548010'
      user = '_2c0861da27548010'
      password = ********
      backup_path = None
      backup_path_db = None
      backup_path_files = None
      backup_path_private_files = None
      db_socket = None
      db_host = '127.0.0.1'
      db_port = 3306
      db_type = 'mariadb'
      backup_path_conf = None
      ignore_conf = False
      compress_files = False
      include_doctypes = ''
      exclude_doctypes = ''
      verbose = True
      old_backup_metadata = False
      rollback_callback = frappe.utils.CallbackManager()
      site = 'project1'
  File "apps/frappe/frappe/utils/backups.py", line 126, in setup_backup_tables
    self._set_existing_tables()
      self = frappe.utils.backups.BackupGenerator(backup_path=None, backup_path_conf=None, backup_path_db=None, backup_path_files=None, backup_path_private_files=None, compress_files=False, db_host='127.0.0.1', db_name='_2c0861da27548010', db_port=3306, db_socket=None, db_type='mariadb', exclude_doctypes='', ignore_conf=False, include_doctypes='', old_backup_metadata=False, partial=False, password='hDO55ejkgO4waVz0', rollback_callback=frappe.utils.CallbackManager(-), site_slug='project1', user='_2c0861da27548010', verbose=True)
  File "apps/frappe/frappe/utils/backups.py", line 122, in _set_existing_tables
    self._existing_tables = frappe.db.get_tables()
      self = frappe.utils.backups.BackupGenerator(backup_path=None, backup_path_conf=None, backup_path_db=None, backup_path_files=None, backup_path_private_files=None, compress_files=False, db_host='127.0.0.1', db_name='_2c0861da27548010', db_port=3306, db_socket=None, db_type='mariadb', exclude_doctypes='', ignore_conf=False, include_doctypes='', old_backup_metadata=False, partial=False, password='hDO55ejkgO4waVz0', rollback_callback=frappe.utils.CallbackManager(-), site_slug='project1', user='_2c0861da27548010', verbose=True)
  File "apps/frappe/frappe/database/mariadb/mysqlclient.py", line 522, in get_tables
    .run(pluck=True)
      self = frappe.database.mariadb.mysqlclient.MariaDBDatabase(after_commit=frappe.utils.CallbackManager(-), after_rollback=frappe.utils.CallbackManager(-), auto_commit_on_many_writes=0, before_commit=frappe.utils.CallbackManager(-), before_rollback=frappe.utils.CallbackManager(-), cur_db_name='_2c0861da27548010', db_type='mariadb', host='127.0.0.1', logger=<Logger database-project1 (WARNING)>, password='hDO55ejkgO4waVz0', port=3306, socket=None, transaction_writes=0, type_map={'Currency': ('decimal', '21,9'), 'Int': ('int', '11'), 'Long Int': ('bigint', '20'), 'Float': ('decimal', '21,9'), 'Percent': ('decimal', '21,9'), 'Check': ('tinyint', '4'), 'Small Text': ('text', ''), 'Long Text': ('longtext...'), 'Color': ('varchar', 140), 'Barcode': ('longtext', ''), 'Geolocation': ('longtext', ''), 'Duration': ('decimal', '21,9'), 'Icon': ('varchar', 140), 'Phone': ('varchar', 140), 'Autocomplete': ('varchar', 140), 'JSON': ('json', '')}, user='_2c0861da27548010', value_cache=collections.defaultdict{})
      cached = True
      to_query = True
      tables = None
      information_schema = pypika.queries.Schema()
  File "apps/frappe/frappe/query_builder/utils.py", line 131, in execute_query
    result = frappe.local.db.sql(query, params, *args, **kwargs)  # nosemgrep
      query = 'SELECT `table_name` FROM `information_schema`.`tables` WHERE `table_schema`=%(param1)s'
      args = ()
      kwargs = {'pluck': True}
      dt = None
      fields = []
      child_queries = "_child_queries"
      params = {'param1': '_2c0861da27548010'}
  File "apps/frappe/frappe/database/database.py", line 249, in sql
    self.connect()
      self = frappe.database.mariadb.mysqlclient.MariaDBDatabase(after_commit=frappe.utils.CallbackManager(-), after_rollback=frappe.utils.CallbackManager(-), auto_commit_on_many_writes=0, before_commit=frappe.utils.CallbackManager(-), before_rollback=frappe.utils.CallbackManager(-), cur_db_name='_2c0861da27548010', db_type='mariadb', host='127.0.0.1', logger=<Logger database-project1 (WARNING)>, password='hDO55ejkgO4waVz0', port=3306, socket=None, transaction_writes=0, type_map={'Currency': ('decimal', '21,9'), 'Int': ('int', '11'), 'Long Int': ('bigint', '20'), 'Float': ('decimal', '21,9'), 'Percent': ('decimal', '21,9'), 'Check': ('tinyint', '4'), 'Small Text': ('text', ''), 'Long Text': ('longtext...'), 'Color': ('varchar', 140), 'Barcode': ('longtext', ''), 'Geolocation': ('longtext', ''), 'Duration': ('decimal', '21,9'), 'Icon': ('varchar', 140), 'Phone': ('varchar', 140), 'Autocomplete': ('varchar', 140), 'JSON': ('json', '')}, user='_2c0861da27548010', value_cache=collections.defaultdict{})
      query = 'SELECT `table_name` FROM `information_schema`.`tables` WHERE `table_schema`=%(param1)s'
      values = {'param1': '_2c0861da27548010'}
      as_dict = 0
      as_list = 0
      debug = False
      ignore_ddl = 0
      auto_commit = 0
      update = None
      explain = False
      run = True
      pluck = True
      as_iterator = False
      query_type = 'select'
  File "apps/frappe/frappe/database/database.py", line 147, in connect
    self.get_connection()
      self = frappe.database.mariadb.mysqlclient.MariaDBDatabase(after_commit=frappe.utils.CallbackManager(-), after_rollback=frappe.utils.CallbackManager(-), auto_commit_on_many_writes=0, before_commit=frappe.utils.CallbackManager(-), before_rollback=frappe.utils.CallbackManager(-), cur_db_name='_2c0861da27548010', db_type='mariadb', host='127.0.0.1', logger=<Logger database-project1 (WARNING)>, password='hDO55ejkgO4waVz0', port=3306, socket=None, transaction_writes=0, type_map={'Currency': ('decimal', '21,9'), 'Int': ('int', '11'), 'Long Int': ('bigint', '20'), 'Float': ('decimal', '21,9'), 'Percent': ('decimal', '21,9'), 'Check': ('tinyint', '4'), 'Small Text': ('text', ''), 'Long Text': ('longtext...'), 'Color': ('varchar', 140), 'Barcode': ('longtext', ''), 'Geolocation': ('longtext', ''), 'Duration': ('decimal', '21,9'), 'Icon': ('varchar', 140), 'Phone': ('varchar', 140), 'Autocomplete': ('varchar', 140), 'JSON': ('json', '')}, user='_2c0861da27548010', value_cache=collections.defaultdict{})
  File "apps/frappe/frappe/database/mariadb/mysqlclient.py", line 113, in get_connection
    conn = self._get_connection()
      self = frappe.database.mariadb.mysqlclient.MariaDBDatabase(after_commit=frappe.utils.CallbackManager(-), after_rollback=frappe.utils.CallbackManager(-), auto_commit_on_many_writes=0, before_commit=frappe.utils.CallbackManager(-), before_rollback=frappe.utils.CallbackManager(-), cur_db_name='_2c0861da27548010', db_type='mariadb', host='127.0.0.1', logger=<Logger database-project1 (WARNING)>, password='hDO55ejkgO4waVz0', port=3306, socket=None, transaction_writes=0, type_map={'Currency': ('decimal', '21,9'), 'Int': ('int', '11'), 'Long Int': ('bigint', '20'), 'Float': ('decimal', '21,9'), 'Percent': ('decimal', '21,9'), 'Check': ('tinyint', '4'), 'Small Text': ('text', ''), 'Long Text': ('longtext...'), 'Color': ('varchar', 140), 'Barcode': ('longtext', ''), 'Geolocation': ('longtext', ''), 'Duration': ('decimal', '21,9'), 'Icon': ('varchar', 140), 'Phone': ('varchar', 140), 'Autocomplete': ('varchar', 140), 'JSON': ('json', '')}, user='_2c0861da27548010', value_cache=collections.defaultdict{})
  File "apps/frappe/frappe/database/mariadb/mysqlclient.py", line 118, in _get_connection
    return self.create_connection()
      self = frappe.database.mariadb.mysqlclient.MariaDBDatabase(after_commit=frappe.utils.CallbackManager(-), after_rollback=frappe.utils.CallbackManager(-), auto_commit_on_many_writes=0, before_commit=frappe.utils.CallbackManager(-), before_rollback=frappe.utils.CallbackManager(-), cur_db_name='_2c0861da27548010', db_type='mariadb', host='127.0.0.1', logger=<Logger database-project1 (WARNING)>, password='hDO55ejkgO4waVz0', port=3306, socket=None, transaction_writes=0, type_map={'Currency': ('decimal', '21,9'), 'Int': ('int', '11'), 'Long Int': ('bigint', '20'), 'Float': ('decimal', '21,9'), 'Percent': ('decimal', '21,9'), 'Check': ('tinyint', '4'), 'Small Text': ('text', ''), 'Long Text': ('longtext...'), 'Color': ('varchar', 140), 'Barcode': ('longtext', ''), 'Geolocation': ('longtext', ''), 'Duration': ('decimal', '21,9'), 'Icon': ('varchar', 140), 'Phone': ('varchar', 140), 'Autocomplete': ('varchar', 140), 'JSON': ('json', '')}, user='_2c0861da27548010', value_cache=collections.defaultdict{})
  File "apps/frappe/frappe/database/mariadb/mysqlclient.py", line 121, in create_connection
    return MySQLdb.connect(**self.get_connection_settings())
      self = frappe.database.mariadb.mysqlclient.MariaDBDatabase(after_commit=frappe.utils.CallbackManager(-), after_rollback=frappe.utils.CallbackManager(-), auto_commit_on_many_writes=0, before_commit=frappe.utils.CallbackManager(-), before_rollback=frappe.utils.CallbackManager(-), cur_db_name='_2c0861da27548010', db_type='mariadb', host='127.0.0.1', logger=<Logger database-project1 (WARNING)>, password='hDO55ejkgO4waVz0', port=3306, socket=None, transaction_writes=0, type_map={'Currency': ('decimal', '21,9'), 'Int': ('int', '11'), 'Long Int': ('bigint', '20'), 'Float': ('decimal', '21,9'), 'Percent': ('decimal', '21,9'), 'Check': ('tinyint', '4'), 'Small Text': ('text', ''), 'Long Text': ('longtext...'), 'Color': ('varchar', 140), 'Barcode': ('longtext', ''), 'Geolocation': ('longtext', ''), 'Duration': ('decimal', '21,9'), 'Icon': ('varchar', 140), 'Phone': ('varchar', 140), 'Autocomplete': ('varchar', 140), 'JSON': ('json', '')}, user='_2c0861da27548010', value_cache=collections.defaultdict{})
  File "env/lib/python3.14/site-packages/MySQLdb/__init__.py", line 121, in Connect
    return Connection(*args, **kwargs)
      args = ()
      kwargs = {'user': '_2c0861da27548010', 'conv': {<class 'int'>: <function Thing2Str at 0x715d83e6cbf0>, <class 'float'>: <function Float2Str at 0x715d83e6cca0>, <class 'NoneType'>: <function None2NULL at 0x715d83e6cd50>, <class 'array.array'>: <function array2Str at 0x715d83e6cf60>, <class 'bool'>: <function Bool2Str at 0x715d83e6c9e0>, <class 'datetime.date'>: <function Thing2Literal at 0x715d83e6ce00>, <class 'datetime.datetime'>: <function DateTime2literal at 0x715d83e6c510>, <class 'datetime.timedelta'>: <function escape_timedelta at 0x715d83e6eda0>, <class 'set'>: <function Set2Str at 0x715d83e6cb40>, <class 'decimal.Decimal'>: <function Decimal2Literal at 0x715d83e6ceb0>, 1: <class 'int'>, 2: <c...t'>: <function escape_dict at 0x715d83e6ee50>, <class 'frozenset'>: <function escape_frozenset at 0x715d83e2b8a0>}, 'charset': 'utf8mb4', 'use_unicode': True, 'local_infile': False, 'multi_statements': False, 'database': '_2c0861da27548010', 'host': '127.0.0.1', 'port': 3306, 'password': '********'}
      Connection = MySQLdb.connections.Connection
  File "env/lib/python3.14/site-packages/MySQLdb/connections.py", line 200, in __init__
    super().__init__(*args, **kwargs2)
      self = <_mysql.connection open to '(null)' at 0x947e930>
      args = ()
      kwargs = {'user': '_2c0861da27548010', 'conv': {<class 'int'>: <function Thing2Str at 0x715d83e6cbf0>, <class 'float'>: <function Float2Str at 0x715d83e6cca0>, <class 'NoneType'>: <function None2NULL at 0x715d83e6cd50>, <class 'array.array'>: <function array2Str at 0x715d83e6cf60>, <class 'bool'>: <function Bool2Str at 0x715d83e6c9e0>, <class 'datetime.date'>: <function Thing2Literal at 0x715d83e6ce00>, <class 'datetime.datetime'>: <function DateTime2literal at 0x715d83e6c510>, <class 'datetime.timedelta'>: <function escape_timedelta at 0x715d83e6eda0>, <class 'set'>: <function Set2Str at 0x715d83e6cb40>, <class 'decimal.Decimal'>: <function Decimal2Literal at 0x715d83e6ceb0>, 1: <class 'int'>, 2: <c...t'>: <function escape_dict at 0x715d83e6ee50>, <class 'frozenset'>: <function escape_frozenset at 0x715d83e2b8a0>}, 'charset': 'utf8mb4', 'use_unicode': True, 'local_infile': False, 'multi_statements': False, 'database': '_2c0861da27548010', 'host': '127.0.0.1', 'port': 3306, 'password': '********'}
      CLIENT = <module 'MySQLdb.constants.CLIENT' from 'env/lib/python3.14/site-packages/MySQLdb/constants/CLIENT.py'>
      FIELD_TYPE = <module 'MySQLdb.constants.FIELD_TYPE' from 'env/lib/python3.14/site-packages/MySQLdb/constants/FIELD_TYPE.py'>
      conversions = {<class 'int'>: <function Thing2Str at 0x715d83e6cbf0>, <class 'float'>: <function Float2Str at 0x715d83e6cca0>, <class 'NoneType'>: <function None2NULL at 0x715d83e6cd50>, <class 'array.array'>: <function array2Str at 0x715d83e6cf60>, <class 'bool'>: <function Bool2Str at 0x715d83e6c9e0>, <class 'datetime.date'>: <function Thing2Literal at 0x715d83e6ce00>, <class 'datetime.datetime'>: <function DateTime2literal at 0x715d83e6c510>, <class 'datetime.timedelta'>: <function DateTimeDelta2literal at 0x715d83e6c5c0>, <class 'set'>: <function Set2Str at 0x715d83e6cb40>, <class 'decimal.Decimal'>: <function Decimal2Literal at 0x715d83e6ceb0>, 1: <class 'int'>, 2: <class 'int'>, 3: <class 'int'>, 4:...r_None at 0x715d83e6c250>, 11: <function TimeDelta_or_None at 0x715d83e6c300>, 10: <function Date_or_None at 0x715d83e6c460>, 249: <class 'bytes'>, 250: <class 'bytes'>, 251: <class 'bytes'>, 252: <class 'bytes'>, 254: <class 'bytes'>, 253: <class 'bytes'>, 15: <class 'bytes'>, 245: <class 'bytes'>}
      _bytes_or_str = ((128, bytes), (None, str))
      kwargs2 = {'user': '_2c0861da27548010', 'conv': {<class 'int'>: <function Thing2Str at 0x715d83e6cbf0>, <class 'float'>: <function Float2Str at 0x715d83e6cca0>, <class 'NoneType'>: <function None2NULL at 0x715d83e6cd50>, <class 'array.array'>: <function array2Str at 0x715d83e6cf60>, <class 'bool'>: <function Bool2Str at 0x715d83e6c9e0>, <class 'datetime.date'>: <function Thing2Literal at 0x715d83e6ce00>, <class 'datetime.datetime'>: <function DateTime2literal at 0x715d83e6c510>, <class 'datetime.timedelta'>: <function escape_timedelta at 0x715d83e6eda0>, <class 'set'>: <function Set2Str at 0x715d83e6cb40>, <class 'decimal.Decimal'>: <function Decimal2Literal at 0x715d83e6ceb0>, 1: <class 'int'>, 2: <c...ass 'bytes'>, <class 'dict'>: <function escape_dict at 0x715d83e6ee50>, <class 'frozenset'>: <function escape_frozenset at 0x715d83e2b8a0>}, 'charset': 'utf8mb4', 'local_infile': False, 'database': '_2c0861da27548010', 'host': '127.0.0.1', 'port': 3306, 'password': '********', 'client_flag': 131072}
      conv = {<class 'int'>: <function Thing2Str at 0x715d83e6cbf0>, <class 'float'>: <function Float2Str at 0x715d83e6cca0>, <class 'NoneType'>: <function None2NULL at 0x715d83e6cd50>, <class 'array.array'>: <function array2Str at 0x715d83e6cf60>, <class 'bool'>: <function Bool2Str at 0x715d83e6c9e0>, <class 'datetime.date'>: <function Thing2Literal at 0x715d83e6ce00>, <class 'datetime.datetime'>: <function DateTime2literal at 0x715d83e6c510>, <class 'datetime.timedelta'>: <function escape_timedelta at 0x715d83e6eda0>, <class 'set'>: <function Set2Str at 0x715d83e6cb40>, <class 'decimal.Decimal'>: <function Decimal2Literal at 0x715d83e6ceb0>, 1: <class 'int'>, 2: <class 'int'>, 3: <class 'int'>, 4: <cla...249: <class 'bytes'>, 250: <class 'bytes'>, 251: <class 'bytes'>, 252: <class 'bytes'>, 254: <class 'bytes'>, 253: <class 'bytes'>, 15: <class 'bytes'>, 245: <class 'bytes'>, <class 'dict'>: <function escape_dict at 0x715d83e6ee50>, <class 'frozenset'>: <function escape_frozenset at 0x715d83e2b8a0>}
      conv2 = {<class 'int'>: <function Thing2Str at 0x715d83e6cbf0>, <class 'float'>: <function Float2Str at 0x715d83e6cca0>, <class 'NoneType'>: <function None2NULL at 0x715d83e6cd50>, <class 'array.array'>: <function array2Str at 0x715d83e6cf60>, <class 'bool'>: <function Bool2Str at 0x715d83e6c9e0>, <class 'datetime.date'>: <function Thing2Literal at 0x715d83e6ce00>, <class 'datetime.datetime'>: <function DateTime2literal at 0x715d83e6c510>, <class 'datetime.timedelta'>: <function escape_timedelta at 0x715d83e6eda0>, <class 'set'>: <function Set2Str at 0x715d83e6cb40>, <class 'decimal.Decimal'>: <function Decimal2Literal at 0x715d83e6ceb0>, 1: <class 'int'>, 2: <class 'int'>, 3: <class 'int'>, 4: <cla...249: <class 'bytes'>, 250: <class 'bytes'>, 251: <class 'bytes'>, 252: <class 'bytes'>, 254: <class 'bytes'>, 253: <class 'bytes'>, 15: <class 'bytes'>, 245: <class 'bytes'>, <class 'dict'>: <function escape_dict at 0x715d83e6ee50>, <class 'frozenset'>: <function escape_frozenset at 0x715d83e2b8a0>}
      k = frozenset
      v = <function escape_frozenset at 0x715d83e2b8a0>
      cursorclass = MySQLdb.cursors.Cursor
      charset = 'utf8mb4'
      collation = ''
      use_unicode = True
      sql_mode = ''
      client_flag = 131072
      multi_statements = False
      autocommit = False
      __class__ = MySQLdb.connections.Connection
MySQLdb.OperationalError: (1045, "Access denied for user '_2c0861da27548010'@'localhost' (using password: YES)")
Backup failed for Site site1.local. Database or site_config.json may be corrupted
Traceback with variables (most recent call last):
  File "apps/frappe/frappe/commands/site.py", line 881, in backup
    odb = scheduled_backup(
      context = CliCtxObj(force=False, profile=False, sites=['doctypesite', 'project', 'project1', 'site1.local', 'site2.local'], verbose=True)
      with_files = False
      backup_path = None
      backup_path_db = None
      backup_path_files = None
      backup_path_private_files = None
      backup_path_conf = None
      ignore_backup_conf = False
      verbose = True
      compress = False
      include = ''
      exclude = ''
      old_backup_metadata = False
      scheduled_backup = <function scheduled_backup at 0x715d84d2a560>
      exit_code = 1
      rollback_callback = None
      site = 'site1.local'
      odb = frappe.utils.backups.BackupGenerator(backup_excludes=[], backup_includes=[], backup_path=None, backup_path_conf='./project/private/backups/20260731_173004-project-site_config_backup.json', backup_path_db='./project/private/backups/20260731_173004-project-database.sql.gz', backup_path_files='./project/private/backups/20260731_173004-project-files.tar', backup_path_private_files='./project/private/backups/20260731_173004-project-private-files.tar', compress_files=False, db_host='127.0.0.1', db_name='_cc001b8908fd52e2', db_port=3306, db_socket=None, db_type='mariadb', exclude_doctypes='', ignore_conf=False, include_doctypes='', old_backup_metadata=False, partial=[], password='MkfhelKK7676ix1L', rollback_callback=frappe.utils.CallbackManager(-), site_slug='project', todays_date='20260731_173004', user='_cc001b8908fd52e2', verbose=True)
  File "apps/frappe/frappe/utils/backups.py", line 589, in scheduled_backup
    return new_backup(
      older_than = 6
      ignore_files = True
      backup_path = None
      backup_path_db = None
      backup_path_files = None
      backup_path_private_files = None
      backup_path_conf = None
      ignore_conf = False
      include_doctypes = ''
      exclude_doctypes = ''
      compress = False
      force = True
      verbose = True
      old_backup_metadata = False
      rollback_callback = frappe.utils.CallbackManager()
  File "apps/frappe/frappe/utils/backups.py", line 626, in new_backup
    odb = BackupGenerator(
      older_than = 6
      ignore_files = True
      backup_path = None
      backup_path_db = None
      backup_path_files = None
      backup_path_private_files = None
      backup_path_conf = None
      ignore_conf = False
      include_doctypes = ''
      exclude_doctypes = ''
      compress = False
      force = True
      verbose = True
      old_backup_metadata = False
      rollback_callback = frappe.utils.CallbackManager()
  File "apps/frappe/frappe/utils/backups.py", line 89, in __init__
    self.setup_backup_tables()
      self = frappe.utils.backups.BackupGenerator(backup_path=None, backup_path_conf=None, backup_path_db=None, backup_path_files=None, backup_path_private_files=None, compress_files=False, db_host='127.0.0.1', db_name='_2c0861da27548010', db_port=3306, db_socket=None, db_type='mariadb', exclude_doctypes='', ignore_conf=False, include_doctypes='', old_backup_metadata=False, partial=False, password='hDO55ejkgO4waVz0', rollback_callback=frappe.utils.CallbackManager(-), site_slug='project1', user='_2c0861da27548010', verbose=True)
      db_name = '_2c0861da27548010'
      user = '_2c0861da27548010'
      password = ********
      backup_path = None
      backup_path_db = None
      backup_path_files = None
      backup_path_private_files = None
      db_socket = None
      db_host = '127.0.0.1'
      db_port = 3306
      db_type = 'mariadb'
      backup_path_conf = None
      ignore_conf = False
      compress_files = False
      include_doctypes = ''
      exclude_doctypes = ''
      verbose = True
      old_backup_metadata = False
      rollback_callback = frappe.utils.CallbackManager()
      site = 'project1'
  File "apps/frappe/frappe/utils/backups.py", line 126, in setup_backup_tables
    self._set_existing_tables()
      self = frappe.utils.backups.BackupGenerator(backup_path=None, backup_path_conf=None, backup_path_db=None, backup_path_files=None, backup_path_private_files=None, compress_files=False, db_host='127.0.0.1', db_name='_2c0861da27548010', db_port=3306, db_socket=None, db_type='mariadb', exclude_doctypes='', ignore_conf=False, include_doctypes='', old_backup_metadata=False, partial=False, password='hDO55ejkgO4waVz0', rollback_callback=frappe.utils.CallbackManager(-), site_slug='project1', user='_2c0861da27548010', verbose=True)
  File "apps/frappe/frappe/utils/backups.py", line 122, in _set_existing_tables
    self._existing_tables = frappe.db.get_tables()
      self = frappe.utils.backups.BackupGenerator(backup_path=None, backup_path_conf=None, backup_path_db=None, backup_path_files=None, backup_path_private_files=None, compress_files=False, db_host='127.0.0.1', db_name='_2c0861da27548010', db_port=3306, db_socket=None, db_type='mariadb', exclude_doctypes='', ignore_conf=False, include_doctypes='', old_backup_metadata=False, partial=False, password='hDO55ejkgO4waVz0', rollback_callback=frappe.utils.CallbackManager(-), site_slug='project1', user='_2c0861da27548010', verbose=True)
  File "apps/frappe/frappe/database/mariadb/mysqlclient.py", line 522, in get_tables
    .run(pluck=True)
      self = frappe.database.mariadb.mysqlclient.MariaDBDatabase(after_commit=frappe.utils.CallbackManager(-), after_rollback=frappe.utils.CallbackManager(-), auto_commit_on_many_writes=0, before_commit=frappe.utils.CallbackManager(-), before_rollback=frappe.utils.CallbackManager(-), cur_db_name='_2c0861da27548010', db_type='mariadb', host='127.0.0.1', logger=<Logger database-project1 (WARNING)>, password='hDO55ejkgO4waVz0', port=3306, socket=None, transaction_writes=0, type_map={'Currency': ('decimal', '21,9'), 'Int': ('int', '11'), 'Long Int': ('bigint', '20'), 'Float': ('decimal', '21,9'), 'Percent': ('decimal', '21,9'), 'Check': ('tinyint', '4'), 'Small Text': ('text', ''), 'Long Text': ('longtext...'), 'Color': ('varchar', 140), 'Barcode': ('longtext', ''), 'Geolocation': ('longtext', ''), 'Duration': ('decimal', '21,9'), 'Icon': ('varchar', 140), 'Phone': ('varchar', 140), 'Autocomplete': ('varchar', 140), 'JSON': ('json', '')}, user='_2c0861da27548010', value_cache=collections.defaultdict{})
      cached = True
      to_query = True
      tables = None
      information_schema = pypika.queries.Schema()
  File "apps/frappe/frappe/query_builder/utils.py", line 131, in execute_query
    result = frappe.local.db.sql(query, params, *args, **kwargs)  # nosemgrep
      query = 'SELECT `table_name` FROM `information_schema`.`tables` WHERE `table_schema`=%(param1)s'
      args = ()
      kwargs = {'pluck': True}
      dt = None
      fields = []
      child_queries = "_child_queries"
      params = {'param1': '_2c0861da27548010'}
  File "apps/frappe/frappe/database/database.py", line 249, in sql
    self.connect()
      self = frappe.database.mariadb.mysqlclient.MariaDBDatabase(after_commit=frappe.utils.CallbackManager(-), after_rollback=frappe.utils.CallbackManager(-), auto_commit_on_many_writes=0, before_commit=frappe.utils.CallbackManager(-), before_rollback=frappe.utils.CallbackManager(-), cur_db_name='_2c0861da27548010', db_type='mariadb', host='127.0.0.1', logger=<Logger database-project1 (WARNING)>, password='hDO55ejkgO4waVz0', port=3306, socket=None, transaction_writes=0, type_map={'Currency': ('decimal', '21,9'), 'Int': ('int', '11'), 'Long Int': ('bigint', '20'), 'Float': ('decimal', '21,9'), 'Percent': ('decimal', '21,9'), 'Check': ('tinyint', '4'), 'Small Text': ('text', ''), 'Long Text': ('longtext...'), 'Color': ('varchar', 140), 'Barcode': ('longtext', ''), 'Geolocation': ('longtext', ''), 'Duration': ('decimal', '21,9'), 'Icon': ('varchar', 140), 'Phone': ('varchar', 140), 'Autocomplete': ('varchar', 140), 'JSON': ('json', '')}, user='_2c0861da27548010', value_cache=collections.defaultdict{})
      query = 'SELECT `table_name` FROM `information_schema`.`tables` WHERE `table_schema`=%(param1)s'
      values = {'param1': '_2c0861da27548010'}
      as_dict = 0
      as_list = 0
      debug = False
      ignore_ddl = 0
      auto_commit = 0
      update = None
      explain = False
      run = True
      pluck = True
      as_iterator = False
      query_type = 'select'
  File "apps/frappe/frappe/database/database.py", line 147, in connect
    self.get_connection()
      self = frappe.database.mariadb.mysqlclient.MariaDBDatabase(after_commit=frappe.utils.CallbackManager(-), after_rollback=frappe.utils.CallbackManager(-), auto_commit_on_many_writes=0, before_commit=frappe.utils.CallbackManager(-), before_rollback=frappe.utils.CallbackManager(-), cur_db_name='_2c0861da27548010', db_type='mariadb', host='127.0.0.1', logger=<Logger database-project1 (WARNING)>, password='hDO55ejkgO4waVz0', port=3306, socket=None, transaction_writes=0, type_map={'Currency': ('decimal', '21,9'), 'Int': ('int', '11'), 'Long Int': ('bigint', '20'), 'Float': ('decimal', '21,9'), 'Percent': ('decimal', '21,9'), 'Check': ('tinyint', '4'), 'Small Text': ('text', ''), 'Long Text': ('longtext...'), 'Color': ('varchar', 140), 'Barcode': ('longtext', ''), 'Geolocation': ('longtext', ''), 'Duration': ('decimal', '21,9'), 'Icon': ('varchar', 140), 'Phone': ('varchar', 140), 'Autocomplete': ('varchar', 140), 'JSON': ('json', '')}, user='_2c0861da27548010', value_cache=collections.defaultdict{})
  File "apps/frappe/frappe/database/mariadb/mysqlclient.py", line 113, in get_connection
    conn = self._get_connection()
      self = frappe.database.mariadb.mysqlclient.MariaDBDatabase(after_commit=frappe.utils.CallbackManager(-), after_rollback=frappe.utils.CallbackManager(-), auto_commit_on_many_writes=0, before_commit=frappe.utils.CallbackManager(-), before_rollback=frappe.utils.CallbackManager(-), cur_db_name='_2c0861da27548010', db_type='mariadb', host='127.0.0.1', logger=<Logger database-project1 (WARNING)>, password='hDO55ejkgO4waVz0', port=3306, socket=None, transaction_writes=0, type_map={'Currency': ('decimal', '21,9'), 'Int': ('int', '11'), 'Long Int': ('bigint', '20'), 'Float': ('decimal', '21,9'), 'Percent': ('decimal', '21,9'), 'Check': ('tinyint', '4'), 'Small Text': ('text', ''), 'Long Text': ('longtext...'), 'Color': ('varchar', 140), 'Barcode': ('longtext', ''), 'Geolocation': ('longtext', ''), 'Duration': ('decimal', '21,9'), 'Icon': ('varchar', 140), 'Phone': ('varchar', 140), 'Autocomplete': ('varchar', 140), 'JSON': ('json', '')}, user='_2c0861da27548010', value_cache=collections.defaultdict{})
  File "apps/frappe/frappe/database/mariadb/mysqlclient.py", line 118, in _get_connection
    return self.create_connection()
      self = frappe.database.mariadb.mysqlclient.MariaDBDatabase(after_commit=frappe.utils.CallbackManager(-), after_rollback=frappe.utils.CallbackManager(-), auto_commit_on_many_writes=0, before_commit=frappe.utils.CallbackManager(-), before_rollback=frappe.utils.CallbackManager(-), cur_db_name='_2c0861da27548010', db_type='mariadb', host='127.0.0.1', logger=<Logger database-project1 (WARNING)>, password='hDO55ejkgO4waVz0', port=3306, socket=None, transaction_writes=0, type_map={'Currency': ('decimal', '21,9'), 'Int': ('int', '11'), 'Long Int': ('bigint', '20'), 'Float': ('decimal', '21,9'), 'Percent': ('decimal', '21,9'), 'Check': ('tinyint', '4'), 'Small Text': ('text', ''), 'Long Text': ('longtext...'), 'Color': ('varchar', 140), 'Barcode': ('longtext', ''), 'Geolocation': ('longtext', ''), 'Duration': ('decimal', '21,9'), 'Icon': ('varchar', 140), 'Phone': ('varchar', 140), 'Autocomplete': ('varchar', 140), 'JSON': ('json', '')}, user='_2c0861da27548010', value_cache=collections.defaultdict{})
  File "apps/frappe/frappe/database/mariadb/mysqlclient.py", line 121, in create_connection
    return MySQLdb.connect(**self.get_connection_settings())
      self = frappe.database.mariadb.mysqlclient.MariaDBDatabase(after_commit=frappe.utils.CallbackManager(-), after_rollback=frappe.utils.CallbackManager(-), auto_commit_on_many_writes=0, before_commit=frappe.utils.CallbackManager(-), before_rollback=frappe.utils.CallbackManager(-), cur_db_name='_2c0861da27548010', db_type='mariadb', host='127.0.0.1', logger=<Logger database-project1 (WARNING)>, password='hDO55ejkgO4waVz0', port=3306, socket=None, transaction_writes=0, type_map={'Currency': ('decimal', '21,9'), 'Int': ('int', '11'), 'Long Int': ('bigint', '20'), 'Float': ('decimal', '21,9'), 'Percent': ('decimal', '21,9'), 'Check': ('tinyint', '4'), 'Small Text': ('text', ''), 'Long Text': ('longtext...'), 'Color': ('varchar', 140), 'Barcode': ('longtext', ''), 'Geolocation': ('longtext', ''), 'Duration': ('decimal', '21,9'), 'Icon': ('varchar', 140), 'Phone': ('varchar', 140), 'Autocomplete': ('varchar', 140), 'JSON': ('json', '')}, user='_2c0861da27548010', value_cache=collections.defaultdict{})
  File "env/lib/python3.14/site-packages/MySQLdb/__init__.py", line 121, in Connect
    return Connection(*args, **kwargs)
      args = ()
      kwargs = {'user': '_2c0861da27548010', 'conv': {<class 'int'>: <function Thing2Str at 0x715d83e6cbf0>, <class 'float'>: <function Float2Str at 0x715d83e6cca0>, <class 'NoneType'>: <function None2NULL at 0x715d83e6cd50>, <class 'array.array'>: <function array2Str at 0x715d83e6cf60>, <class 'bool'>: <function Bool2Str at 0x715d83e6c9e0>, <class 'datetime.date'>: <function Thing2Literal at 0x715d83e6ce00>, <class 'datetime.datetime'>: <function DateTime2literal at 0x715d83e6c510>, <class 'datetime.timedelta'>: <function escape_timedelta at 0x715d83e6eda0>, <class 'set'>: <function Set2Str at 0x715d83e6cb40>, <class 'decimal.Decimal'>: <function Decimal2Literal at 0x715d83e6ceb0>, 1: <class 'int'>, 2: <c...t'>: <function escape_dict at 0x715d83e6ee50>, <class 'frozenset'>: <function escape_frozenset at 0x715d83e2b8a0>}, 'charset': 'utf8mb4', 'use_unicode': True, 'local_infile': False, 'multi_statements': False, 'database': '_2c0861da27548010', 'host': '127.0.0.1', 'port': 3306, 'password': '********'}
      Connection = MySQLdb.connections.Connection
  File "env/lib/python3.14/site-packages/MySQLdb/connections.py", line 200, in __init__
    super().__init__(*args, **kwargs2)
      self = <_mysql.connection open to '(null)' at 0x9491bd0>
      args = ()
      kwargs = {'user': '_2c0861da27548010', 'conv': {<class 'int'>: <function Thing2Str at 0x715d83e6cbf0>, <class 'float'>: <function Float2Str at 0x715d83e6cca0>, <class 'NoneType'>: <function None2NULL at 0x715d83e6cd50>, <class 'array.array'>: <function array2Str at 0x715d83e6cf60>, <class 'bool'>: <function Bool2Str at 0x715d83e6c9e0>, <class 'datetime.date'>: <function Thing2Literal at 0x715d83e6ce00>, <class 'datetime.datetime'>: <function DateTime2literal at 0x715d83e6c510>, <class 'datetime.timedelta'>: <function escape_timedelta at 0x715d83e6eda0>, <class 'set'>: <function Set2Str at 0x715d83e6cb40>, <class 'decimal.Decimal'>: <function Decimal2Literal at 0x715d83e6ceb0>, 1: <class 'int'>, 2: <c...t'>: <function escape_dict at 0x715d83e6ee50>, <class 'frozenset'>: <function escape_frozenset at 0x715d83e2b8a0>}, 'charset': 'utf8mb4', 'use_unicode': True, 'local_infile': False, 'multi_statements': False, 'database': '_2c0861da27548010', 'host': '127.0.0.1', 'port': 3306, 'password': '********'}
      CLIENT = <module 'MySQLdb.constants.CLIENT' from 'env/lib/python3.14/site-packages/MySQLdb/constants/CLIENT.py'>
      FIELD_TYPE = <module 'MySQLdb.constants.FIELD_TYPE' from 'env/lib/python3.14/site-packages/MySQLdb/constants/FIELD_TYPE.py'>
      conversions = {<class 'int'>: <function Thing2Str at 0x715d83e6cbf0>, <class 'float'>: <function Float2Str at 0x715d83e6cca0>, <class 'NoneType'>: <function None2NULL at 0x715d83e6cd50>, <class 'array.array'>: <function array2Str at 0x715d83e6cf60>, <class 'bool'>: <function Bool2Str at 0x715d83e6c9e0>, <class 'datetime.date'>: <function Thing2Literal at 0x715d83e6ce00>, <class 'datetime.datetime'>: <function DateTime2literal at 0x715d83e6c510>, <class 'datetime.timedelta'>: <function DateTimeDelta2literal at 0x715d83e6c5c0>, <class 'set'>: <function Set2Str at 0x715d83e6cb40>, <class 'decimal.Decimal'>: <function Decimal2Literal at 0x715d83e6ceb0>, 1: <class 'int'>, 2: <class 'int'>, 3: <class 'int'>, 4:...r_None at 0x715d83e6c250>, 11: <function TimeDelta_or_None at 0x715d83e6c300>, 10: <function Date_or_None at 0x715d83e6c460>, 249: <class 'bytes'>, 250: <class 'bytes'>, 251: <class 'bytes'>, 252: <class 'bytes'>, 254: <class 'bytes'>, 253: <class 'bytes'>, 15: <class 'bytes'>, 245: <class 'bytes'>}
      _bytes_or_str = ((128, bytes), (None, str))
      kwargs2 = {'user': '_2c0861da27548010', 'conv': {<class 'int'>: <function Thing2Str at 0x715d83e6cbf0>, <class 'float'>: <function Float2Str at 0x715d83e6cca0>, <class 'NoneType'>: <function None2NULL at 0x715d83e6cd50>, <class 'array.array'>: <function array2Str at 0x715d83e6cf60>, <class 'bool'>: <function Bool2Str at 0x715d83e6c9e0>, <class 'datetime.date'>: <function Thing2Literal at 0x715d83e6ce00>, <class 'datetime.datetime'>: <function DateTime2literal at 0x715d83e6c510>, <class 'datetime.timedelta'>: <function escape_timedelta at 0x715d83e6eda0>, <class 'set'>: <function Set2Str at 0x715d83e6cb40>, <class 'decimal.Decimal'>: <function Decimal2Literal at 0x715d83e6ceb0>, 1: <class 'int'>, 2: <c...ass 'bytes'>, <class 'dict'>: <function escape_dict at 0x715d83e6ee50>, <class 'frozenset'>: <function escape_frozenset at 0x715d83e2b8a0>}, 'charset': 'utf8mb4', 'local_infile': False, 'database': '_2c0861da27548010', 'host': '127.0.0.1', 'port': 3306, 'password': '********', 'client_flag': 131072}
      conv = {<class 'int'>: <function Thing2Str at 0x715d83e6cbf0>, <class 'float'>: <function Float2Str at 0x715d83e6cca0>, <class 'NoneType'>: <function None2NULL at 0x715d83e6cd50>, <class 'array.array'>: <function array2Str at 0x715d83e6cf60>, <class 'bool'>: <function Bool2Str at 0x715d83e6c9e0>, <class 'datetime.date'>: <function Thing2Literal at 0x715d83e6ce00>, <class 'datetime.datetime'>: <function DateTime2literal at 0x715d83e6c510>, <class 'datetime.timedelta'>: <function escape_timedelta at 0x715d83e6eda0>, <class 'set'>: <function Set2Str at 0x715d83e6cb40>, <class 'decimal.Decimal'>: <function Decimal2Literal at 0x715d83e6ceb0>, 1: <class 'int'>, 2: <class 'int'>, 3: <class 'int'>, 4: <cla...249: <class 'bytes'>, 250: <class 'bytes'>, 251: <class 'bytes'>, 252: <class 'bytes'>, 254: <class 'bytes'>, 253: <class 'bytes'>, 15: <class 'bytes'>, 245: <class 'bytes'>, <class 'dict'>: <function escape_dict at 0x715d83e6ee50>, <class 'frozenset'>: <function escape_frozenset at 0x715d83e2b8a0>}
      conv2 = {<class 'int'>: <function Thing2Str at 0x715d83e6cbf0>, <class 'float'>: <function Float2Str at 0x715d83e6cca0>, <class 'NoneType'>: <function None2NULL at 0x715d83e6cd50>, <class 'array.array'>: <function array2Str at 0x715d83e6cf60>, <class 'bool'>: <function Bool2Str at 0x715d83e6c9e0>, <class 'datetime.date'>: <function Thing2Literal at 0x715d83e6ce00>, <class 'datetime.datetime'>: <function DateTime2literal at 0x715d83e6c510>, <class 'datetime.timedelta'>: <function escape_timedelta at 0x715d83e6eda0>, <class 'set'>: <function Set2Str at 0x715d83e6cb40>, <class 'decimal.Decimal'>: <function Decimal2Literal at 0x715d83e6ceb0>, 1: <class 'int'>, 2: <class 'int'>, 3: <class 'int'>, 4: <cla...249: <class 'bytes'>, 250: <class 'bytes'>, 251: <class 'bytes'>, 252: <class 'bytes'>, 254: <class 'bytes'>, 253: <class 'bytes'>, 15: <class 'bytes'>, 245: <class 'bytes'>, <class 'dict'>: <function escape_dict at 0x715d83e6ee50>, <class 'frozenset'>: <function escape_frozenset at 0x715d83e2b8a0>}
      k = frozenset
      v = <function escape_frozenset at 0x715d83e2b8a0>
      cursorclass = MySQLdb.cursors.Cursor
      charset = 'utf8mb4'
      collation = ''
      use_unicode = True
      sql_mode = ''
      client_flag = 131072
      multi_statements = False
      autocommit = False
      __class__ = MySQLdb.connections.Connection
MySQLdb.OperationalError: (1045, "Access denied for user '_2c0861da27548010'@'localhost' (using password: YES)")
Backup failed for Site site2.local. Database or site_config.json may be corrupted
Traceback with variables (most recent call last):
  File "apps/frappe/frappe/commands/site.py", line 881, in backup
    odb = scheduled_backup(
      context = CliCtxObj(force=False, profile=False, sites=['doctypesite', 'project', 'project1', 'site1.local', 'site2.local'], verbose=True)
      with_files = False
      backup_path = None
      backup_path_db = None
      backup_path_files = None
      backup_path_private_files = None
      backup_path_conf = None
      ignore_backup_conf = False
      verbose = True
      compress = False
      include = ''
      exclude = ''
      old_backup_metadata = False
      scheduled_backup = <function scheduled_backup at 0x715d84d2a560>
      exit_code = 1
      rollback_callback = None
      site = 'site2.local'
      odb = frappe.utils.backups.BackupGenerator(backup_excludes=[], backup_includes=[], backup_path=None, backup_path_conf='./project/private/backups/20260731_173004-project-site_config_backup.json', backup_path_db='./project/private/backups/20260731_173004-project-database.sql.gz', backup_path_files='./project/private/backups/20260731_173004-project-files.tar', backup_path_private_files='./project/private/backups/20260731_173004-project-private-files.tar', compress_files=False, db_host='127.0.0.1', db_name='_cc001b8908fd52e2', db_port=3306, db_socket=None, db_type='mariadb', exclude_doctypes='', ignore_conf=False, include_doctypes='', old_backup_metadata=False, partial=[], password='MkfhelKK7676ix1L', rollback_callback=frappe.utils.CallbackManager(-), site_slug='project', todays_date='20260731_173004', user='_cc001b8908fd52e2', verbose=True)
  File "apps/frappe/frappe/utils/backups.py", line 589, in scheduled_backup
    return new_backup(
      older_than = 6
      ignore_files = True
      backup_path = None
      backup_path_db = None
      backup_path_files = None
      backup_path_private_files = None
      backup_path_conf = None
      ignore_conf = False
      include_doctypes = ''
      exclude_doctypes = ''
      compress = False
      force = True
      verbose = True
      old_backup_metadata = False
      rollback_callback = frappe.utils.CallbackManager()
  File "apps/frappe/frappe/utils/backups.py", line 626, in new_backup
    odb = BackupGenerator(
      older_than = 6
      ignore_files = True
      backup_path = None
      backup_path_db = None
      backup_path_files = None
      backup_path_private_files = None
      backup_path_conf = None
      ignore_conf = False
      include_doctypes = ''
      exclude_doctypes = ''
      compress = False
      force = True
      verbose = True
      old_backup_metadata = False
      rollback_callback = frappe.utils.CallbackManager()
  File "apps/frappe/frappe/utils/backups.py", line 89, in __init__
    self.setup_backup_tables()
      self = frappe.utils.backups.BackupGenerator(backup_path=None, backup_path_conf=None, backup_path_db=None, backup_path_files=None, backup_path_private_files=None, compress_files=False, db_host='127.0.0.1', db_name='_2c0861da27548010', db_port=3306, db_socket=None, db_type='mariadb', exclude_doctypes='', ignore_conf=False, include_doctypes='', old_backup_metadata=False, partial=False, password='hDO55ejkgO4waVz0', rollback_callback=frappe.utils.CallbackManager(-), site_slug='project1', user='_2c0861da27548010', verbose=True)
      db_name = '_2c0861da27548010'
      user = '_2c0861da27548010'
      password = ********
      backup_path = None
      backup_path_db = None
      backup_path_files = None
      backup_path_private_files = None
      db_socket = None
      db_host = '127.0.0.1'
      db_port = 3306
      db_type = 'mariadb'
      backup_path_conf = None
      ignore_conf = False
      compress_files = False
      include_doctypes = ''
      exclude_doctypes = ''
      verbose = True
      old_backup_metadata = False
      rollback_callback = frappe.utils.CallbackManager()
      site = 'project1'
  File "apps/frappe/frappe/utils/backups.py", line 126, in setup_backup_tables
    self._set_existing_tables()
      self = frappe.utils.backups.BackupGenerator(backup_path=None, backup_path_conf=None, backup_path_db=None, backup_path_files=None, backup_path_private_files=None, compress_files=False, db_host='127.0.0.1', db_name='_2c0861da27548010', db_port=3306, db_socket=None, db_type='mariadb', exclude_doctypes='', ignore_conf=False, include_doctypes='', old_backup_metadata=False, partial=False, password='hDO55ejkgO4waVz0', rollback_callback=frappe.utils.CallbackManager(-), site_slug='project1', user='_2c0861da27548010', verbose=True)
  File "apps/frappe/frappe/utils/backups.py", line 122, in _set_existing_tables
    self._existing_tables = frappe.db.get_tables()
      self = frappe.utils.backups.BackupGenerator(backup_path=None, backup_path_conf=None, backup_path_db=None, backup_path_files=None, backup_path_private_files=None, compress_files=False, db_host='127.0.0.1', db_name='_2c0861da27548010', db_port=3306, db_socket=None, db_type='mariadb', exclude_doctypes='', ignore_conf=False, include_doctypes='', old_backup_metadata=False, partial=False, password='hDO55ejkgO4waVz0', rollback_callback=frappe.utils.CallbackManager(-), site_slug='project1', user='_2c0861da27548010', verbose=True)
  File "apps/frappe/frappe/database/mariadb/mysqlclient.py", line 522, in get_tables
    .run(pluck=True)
      self = frappe.database.mariadb.mysqlclient.MariaDBDatabase(after_commit=frappe.utils.CallbackManager(-), after_rollback=frappe.utils.CallbackManager(-), auto_commit_on_many_writes=0, before_commit=frappe.utils.CallbackManager(-), before_rollback=frappe.utils.CallbackManager(-), cur_db_name='_2c0861da27548010', db_type='mariadb', host='127.0.0.1', logger=<Logger database-project1 (WARNING)>, password='hDO55ejkgO4waVz0', port=3306, socket=None, transaction_writes=0, type_map={'Currency': ('decimal', '21,9'), 'Int': ('int', '11'), 'Long Int': ('bigint', '20'), 'Float': ('decimal', '21,9'), 'Percent': ('decimal', '21,9'), 'Check': ('tinyint', '4'), 'Small Text': ('text', ''), 'Long Text': ('longtext...'), 'Color': ('varchar', 140), 'Barcode': ('longtext', ''), 'Geolocation': ('longtext', ''), 'Duration': ('decimal', '21,9'), 'Icon': ('varchar', 140), 'Phone': ('varchar', 140), 'Autocomplete': ('varchar', 140), 'JSON': ('json', '')}, user='_2c0861da27548010', value_cache=collections.defaultdict{})
      cached = True
      to_query = True
      tables = None
      information_schema = pypika.queries.Schema()
  File "apps/frappe/frappe/query_builder/utils.py", line 131, in execute_query
    result = frappe.local.db.sql(query, params, *args, **kwargs)  # nosemgrep
      query = 'SELECT `table_name` FROM `information_schema`.`tables` WHERE `table_schema`=%(param1)s'
      args = ()
      kwargs = {'pluck': True}
      dt = None
      fields = []
      child_queries = "_child_queries"
      params = {'param1': '_2c0861da27548010'}
  File "apps/frappe/frappe/database/database.py", line 249, in sql
    self.connect()
      self = frappe.database.mariadb.mysqlclient.MariaDBDatabase(after_commit=frappe.utils.CallbackManager(-), after_rollback=frappe.utils.CallbackManager(-), auto_commit_on_many_writes=0, before_commit=frappe.utils.CallbackManager(-), before_rollback=frappe.utils.CallbackManager(-), cur_db_name='_2c0861da27548010', db_type='mariadb', host='127.0.0.1', logger=<Logger database-project1 (WARNING)>, password='hDO55ejkgO4waVz0', port=3306, socket=None, transaction_writes=0, type_map={'Currency': ('decimal', '21,9'), 'Int': ('int', '11'), 'Long Int': ('bigint', '20'), 'Float': ('decimal', '21,9'), 'Percent': ('decimal', '21,9'), 'Check': ('tinyint', '4'), 'Small Text': ('text', ''), 'Long Text': ('longtext...'), 'Color': ('varchar', 140), 'Barcode': ('longtext', ''), 'Geolocation': ('longtext', ''), 'Duration': ('decimal', '21,9'), 'Icon': ('varchar', 140), 'Phone': ('varchar', 140), 'Autocomplete': ('varchar', 140), 'JSON': ('json', '')}, user='_2c0861da27548010', value_cache=collections.defaultdict{})
      query = 'SELECT `table_name` FROM `information_schema`.`tables` WHERE `table_schema`=%(param1)s'
      values = {'param1': '_2c0861da27548010'}
      as_dict = 0
      as_list = 0
      debug = False
      ignore_ddl = 0
      auto_commit = 0
      update = None
      explain = False
      run = True
      pluck = True
      as_iterator = False
      query_type = 'select'
  File "apps/frappe/frappe/database/database.py", line 147, in connect
    self.get_connection()
      self = frappe.database.mariadb.mysqlclient.MariaDBDatabase(after_commit=frappe.utils.CallbackManager(-), after_rollback=frappe.utils.CallbackManager(-), auto_commit_on_many_writes=0, before_commit=frappe.utils.CallbackManager(-), before_rollback=frappe.utils.CallbackManager(-), cur_db_name='_2c0861da27548010', db_type='mariadb', host='127.0.0.1', logger=<Logger database-project1 (WARNING)>, password='hDO55ejkgO4waVz0', port=3306, socket=None, transaction_writes=0, type_map={'Currency': ('decimal', '21,9'), 'Int': ('int', '11'), 'Long Int': ('bigint', '20'), 'Float': ('decimal', '21,9'), 'Percent': ('decimal', '21,9'), 'Check': ('tinyint', '4'), 'Small Text': ('text', ''), 'Long Text': ('longtext...'), 'Color': ('varchar', 140), 'Barcode': ('longtext', ''), 'Geolocation': ('longtext', ''), 'Duration': ('decimal', '21,9'), 'Icon': ('varchar', 140), 'Phone': ('varchar', 140), 'Autocomplete': ('varchar', 140), 'JSON': ('json', '')}, user='_2c0861da27548010', value_cache=collections.defaultdict{})
  File "apps/frappe/frappe/database/mariadb/mysqlclient.py", line 113, in get_connection
    conn = self._get_connection()
      self = frappe.database.mariadb.mysqlclient.MariaDBDatabase(after_commit=frappe.utils.CallbackManager(-), after_rollback=frappe.utils.CallbackManager(-), auto_commit_on_many_writes=0, before_commit=frappe.utils.CallbackManager(-), before_rollback=frappe.utils.CallbackManager(-), cur_db_name='_2c0861da27548010', db_type='mariadb', host='127.0.0.1', logger=<Logger database-project1 (WARNING)>, password='hDO55ejkgO4waVz0', port=3306, socket=None, transaction_writes=0, type_map={'Currency': ('decimal', '21,9'), 'Int': ('int', '11'), 'Long Int': ('bigint', '20'), 'Float': ('decimal', '21,9'), 'Percent': ('decimal', '21,9'), 'Check': ('tinyint', '4'), 'Small Text': ('text', ''), 'Long Text': ('longtext...'), 'Color': ('varchar', 140), 'Barcode': ('longtext', ''), 'Geolocation': ('longtext', ''), 'Duration': ('decimal', '21,9'), 'Icon': ('varchar', 140), 'Phone': ('varchar', 140), 'Autocomplete': ('varchar', 140), 'JSON': ('json', '')}, user='_2c0861da27548010', value_cache=collections.defaultdict{})
  File "apps/frappe/frappe/database/mariadb/mysqlclient.py", line 118, in _get_connection
    return self.create_connection()
      self = frappe.database.mariadb.mysqlclient.MariaDBDatabase(after_commit=frappe.utils.CallbackManager(-), after_rollback=frappe.utils.CallbackManager(-), auto_commit_on_many_writes=0, before_commit=frappe.utils.CallbackManager(-), before_rollback=frappe.utils.CallbackManager(-), cur_db_name='_2c0861da27548010', db_type='mariadb', host='127.0.0.1', logger=<Logger database-project1 (WARNING)>, password='hDO55ejkgO4waVz0', port=3306, socket=None, transaction_writes=0, type_map={'Currency': ('decimal', '21,9'), 'Int': ('int', '11'), 'Long Int': ('bigint', '20'), 'Float': ('decimal', '21,9'), 'Percent': ('decimal', '21,9'), 'Check': ('tinyint', '4'), 'Small Text': ('text', ''), 'Long Text': ('longtext...'), 'Color': ('varchar', 140), 'Barcode': ('longtext', ''), 'Geolocation': ('longtext', ''), 'Duration': ('decimal', '21,9'), 'Icon': ('varchar', 140), 'Phone': ('varchar', 140), 'Autocomplete': ('varchar', 140), 'JSON': ('json', '')}, user='_2c0861da27548010', value_cache=collections.defaultdict{})
  File "apps/frappe/frappe/database/mariadb/mysqlclient.py", line 121, in create_connection
    return MySQLdb.connect(**self.get_connection_settings())
      self = frappe.database.mariadb.mysqlclient.MariaDBDatabase(after_commit=frappe.utils.CallbackManager(-), after_rollback=frappe.utils.CallbackManager(-), auto_commit_on_many_writes=0, before_commit=frappe.utils.CallbackManager(-), before_rollback=frappe.utils.CallbackManager(-), cur_db_name='_2c0861da27548010', db_type='mariadb', host='127.0.0.1', logger=<Logger database-project1 (WARNING)>, password='hDO55ejkgO4waVz0', port=3306, socket=None, transaction_writes=0, type_map={'Currency': ('decimal', '21,9'), 'Int': ('int', '11'), 'Long Int': ('bigint', '20'), 'Float': ('decimal', '21,9'), 'Percent': ('decimal', '21,9'), 'Check': ('tinyint', '4'), 'Small Text': ('text', ''), 'Long Text': ('longtext...'), 'Color': ('varchar', 140), 'Barcode': ('longtext', ''), 'Geolocation': ('longtext', ''), 'Duration': ('decimal', '21,9'), 'Icon': ('varchar', 140), 'Phone': ('varchar', 140), 'Autocomplete': ('varchar', 140), 'JSON': ('json', '')}, user='_2c0861da27548010', value_cache=collections.defaultdict{})
  File "env/lib/python3.14/site-packages/MySQLdb/__init__.py", line 121, in Connect
    return Connection(*args, **kwargs)
      args = ()
      kwargs = {'user': '_2c0861da27548010', 'conv': {<class 'int'>: <function Thing2Str at 0x715d83e6cbf0>, <class 'float'>: <function Float2Str at 0x715d83e6cca0>, <class 'NoneType'>: <function None2NULL at 0x715d83e6cd50>, <class 'array.array'>: <function array2Str at 0x715d83e6cf60>, <class 'bool'>: <function Bool2Str at 0x715d83e6c9e0>, <class 'datetime.date'>: <function Thing2Literal at 0x715d83e6ce00>, <class 'datetime.datetime'>: <function DateTime2literal at 0x715d83e6c510>, <class 'datetime.timedelta'>: <function escape_timedelta at 0x715d83e6eda0>, <class 'set'>: <function Set2Str at 0x715d83e6cb40>, <class 'decimal.Decimal'>: <function Decimal2Literal at 0x715d83e6ceb0>, 1: <class 'int'>, 2: <c...t'>: <function escape_dict at 0x715d83e6ee50>, <class 'frozenset'>: <function escape_frozenset at 0x715d83e2b8a0>}, 'charset': 'utf8mb4', 'use_unicode': True, 'local_infile': False, 'multi_statements': False, 'database': '_2c0861da27548010', 'host': '127.0.0.1', 'port': 3306, 'password': '********'}
      Connection = MySQLdb.connections.Connection
  File "env/lib/python3.14/site-packages/MySQLdb/connections.py", line 200, in __init__
    super().__init__(*args, **kwargs2)
      self = <_mysql.connection open to '(null)' at 0x9491bd0>
      args = ()
      kwargs = {'user': '_2c0861da27548010', 'conv': {<class 'int'>: <function Thing2Str at 0x715d83e6cbf0>, <class 'float'>: <function Float2Str at 0x715d83e6cca0>, <class 'NoneType'>: <function None2NULL at 0x715d83e6cd50>, <class 'array.array'>: <function array2Str at 0x715d83e6cf60>, <class 'bool'>: <function Bool2Str at 0x715d83e6c9e0>, <class 'datetime.date'>: <function Thing2Literal at 0x715d83e6ce00>, <class 'datetime.datetime'>: <function DateTime2literal at 0x715d83e6c510>, <class 'datetime.timedelta'>: <function escape_timedelta at 0x715d83e6eda0>, <class 'set'>: <function Set2Str at 0x715d83e6cb40>, <class 'decimal.Decimal'>: <function Decimal2Literal at 0x715d83e6ceb0>, 1: <class 'int'>, 2: <c...t'>: <function escape_dict at 0x715d83e6ee50>, <class 'frozenset'>: <function escape_frozenset at 0x715d83e2b8a0>}, 'charset': 'utf8mb4', 'use_unicode': True, 'local_infile': False, 'multi_statements': False, 'database': '_2c0861da27548010', 'host': '127.0.0.1', 'port': 3306, 'password': '********'}
      CLIENT = <module 'MySQLdb.constants.CLIENT' from 'env/lib/python3.14/site-packages/MySQLdb/constants/CLIENT.py'>
      FIELD_TYPE = <module 'MySQLdb.constants.FIELD_TYPE' from 'env/lib/python3.14/site-packages/MySQLdb/constants/FIELD_TYPE.py'>
      conversions = {<class 'int'>: <function Thing2Str at 0x715d83e6cbf0>, <class 'float'>: <function Float2Str at 0x715d83e6cca0>, <class 'NoneType'>: <function None2NULL at 0x715d83e6cd50>, <class 'array.array'>: <function array2Str at 0x715d83e6cf60>, <class 'bool'>: <function Bool2Str at 0x715d83e6c9e0>, <class 'datetime.date'>: <function Thing2Literal at 0x715d83e6ce00>, <class 'datetime.datetime'>: <function DateTime2literal at 0x715d83e6c510>, <class 'datetime.timedelta'>: <function DateTimeDelta2literal at 0x715d83e6c5c0>, <class 'set'>: <function Set2Str at 0x715d83e6cb40>, <class 'decimal.Decimal'>: <function Decimal2Literal at 0x715d83e6ceb0>, 1: <class 'int'>, 2: <class 'int'>, 3: <class 'int'>, 4:...r_None at 0x715d83e6c250>, 11: <function TimeDelta_or_None at 0x715d83e6c300>, 10: <function Date_or_None at 0x715d83e6c460>, 249: <class 'bytes'>, 250: <class 'bytes'>, 251: <class 'bytes'>, 252: <class 'bytes'>, 254: <class 'bytes'>, 253: <class 'bytes'>, 15: <class 'bytes'>, 245: <class 'bytes'>}
      _bytes_or_str = ((128, bytes), (None, str))
      kwargs2 = {'user': '_2c0861da27548010', 'conv': {<class 'int'>: <function Thing2Str at 0x715d83e6cbf0>, <class 'float'>: <function Float2Str at 0x715d83e6cca0>, <class 'NoneType'>: <function None2NULL at 0x715d83e6cd50>, <class 'array.array'>: <function array2Str at 0x715d83e6cf60>, <class 'bool'>: <function Bool2Str at 0x715d83e6c9e0>, <class 'datetime.date'>: <function Thing2Literal at 0x715d83e6ce00>, <class 'datetime.datetime'>: <function DateTime2literal at 0x715d83e6c510>, <class 'datetime.timedelta'>: <function escape_timedelta at 0x715d83e6eda0>, <class 'set'>: <function Set2Str at 0x715d83e6cb40>, <class 'decimal.Decimal'>: <function Decimal2Literal at 0x715d83e6ceb0>, 1: <class 'int'>, 2: <c...ass 'bytes'>, <class 'dict'>: <function escape_dict at 0x715d83e6ee50>, <class 'frozenset'>: <function escape_frozenset at 0x715d83e2b8a0>}, 'charset': 'utf8mb4', 'local_infile': False, 'database': '_2c0861da27548010', 'host': '127.0.0.1', 'port': 3306, 'password': '********', 'client_flag': 131072}
      conv = {<class 'int'>: <function Thing2Str at 0x715d83e6cbf0>, <class 'float'>: <function Float2Str at 0x715d83e6cca0>, <class 'NoneType'>: <function None2NULL at 0x715d83e6cd50>, <class 'array.array'>: <function array2Str at 0x715d83e6cf60>, <class 'bool'>: <function Bool2Str at 0x715d83e6c9e0>, <class 'datetime.date'>: <function Thing2Literal at 0x715d83e6ce00>, <class 'datetime.datetime'>: <function DateTime2literal at 0x715d83e6c510>, <class 'datetime.timedelta'>: <function escape_timedelta at 0x715d83e6eda0>, <class 'set'>: <function Set2Str at 0x715d83e6cb40>, <class 'decimal.Decimal'>: <function Decimal2Literal at 0x715d83e6ceb0>, 1: <class 'int'>, 2: <class 'int'>, 3: <class 'int'>, 4: <cla...249: <class 'bytes'>, 250: <class 'bytes'>, 251: <class 'bytes'>, 252: <class 'bytes'>, 254: <class 'bytes'>, 253: <class 'bytes'>, 15: <class 'bytes'>, 245: <class 'bytes'>, <class 'dict'>: <function escape_dict at 0x715d83e6ee50>, <class 'frozenset'>: <function escape_frozenset at 0x715d83e2b8a0>}
      conv2 = {<class 'int'>: <function Thing2Str at 0x715d83e6cbf0>, <class 'float'>: <function Float2Str at 0x715d83e6cca0>, <class 'NoneType'>: <function None2NULL at 0x715d83e6cd50>, <class 'array.array'>: <function array2Str at 0x715d83e6cf60>, <class 'bool'>: <function Bool2Str at 0x715d83e6c9e0>, <class 'datetime.date'>: <function Thing2Literal at 0x715d83e6ce00>, <class 'datetime.datetime'>: <function DateTime2literal at 0x715d83e6c510>, <class 'datetime.timedelta'>: <function escape_timedelta at 0x715d83e6eda0>, <class 'set'>: <function Set2Str at 0x715d83e6cb40>, <class 'decimal.Decimal'>: <function Decimal2Literal at 0x715d83e6ceb0>, 1: <class 'int'>, 2: <class 'int'>, 3: <class 'int'>, 4: <cla...249: <class 'bytes'>, 250: <class 'bytes'>, 251: <class 'bytes'>, 252: <class 'bytes'>, 254: <class 'bytes'>, 253: <class 'bytes'>, 15: <class 'bytes'>, 245: <class 'bytes'>, <class 'dict'>: <function escape_dict at 0x715d83e6ee50>, <class 'frozenset'>: <function escape_frozenset at 0x715d83e2b8a0>}
      k = frozenset
      v = <function escape_frozenset at 0x715d83e2b8a0>
      cursorclass = MySQLdb.cursors.Cursor
      charset = 'utf8mb4'
      collation = ''
      use_unicode = True
      sql_mode = ''
      client_flag = 131072
      multi_statements = False
      autocommit = False
      __class__ = MySQLdb.connections.Connection
MySQLdb.OperationalError: (1045, "Access denied for user '_2c0861da27548010'@'localhost' (using password: YES)")
set -o pipefail; /usr/bin/mariadb-dump --user=_0e0e8f4505c3c9e6 --host=127.0.0.1 --port=3306 --password=********** --single-transaction --quick --lock-tables=false _0e0e8f4505c3c9e6 | /usr/bin/gzip >> ./doctypesite/private/backups/20260801_113002-doctypesite-database.sql.gz

Backup Summary for doctypesite at 2026-08-01 11:30:04.732967
Config  : /home/sanjayh/frappe16-bench/sites/doctypesite/private/backups/20260801_113002-doctypesite-site_config_backup.json 246.0B
Database: /home/sanjayh/frappe16-bench/sites/doctypesite/private/backups/20260801_113002-doctypesite-database.sql.gz 363.3KiB
Backup for Site doctypesite has been successfully completed
File ./project/private/backups/20260731_173004-project-site_config_backup.json is recent
File ./project/private/backups/20260731_173004-project-database.sql.gz is recent
set -o pipefail; /usr/bin/mariadb-dump --user=_cc001b8908fd52e2 --host=127.0.0.1 --port=3306 --password=********** --single-transaction --quick --lock-tables=false _cc001b8908fd52e2 | /usr/bin/gzip >> ./project/private/backups/20260801_113004-project-database.sql.gz

Backup Summary for project at 2026-08-01 11:30:06.006415
Config  : /home/sanjayh/frappe16-bench/sites/project/private/backups/20260801_113004-project-site_config_backup.json 187.0B
Database: /home/sanjayh/frappe16-bench/sites/project/private/backups/20260801_113004-project-database.sql.gz 291.6KiB
Backup for Site project has been successfully completed
Backup failed for Site project1. Database or site_config.json may be corrupted
Traceback with variables (most recent call last):
  File "apps/frappe/frappe/commands/site.py", line 881, in backup
    odb = scheduled_backup(
      context = CliCtxObj(force=False, profile=False, sites=['doctypesite', 'project', 'project1', 'site1.local', 'site2.local'], verbose=True)
      with_files = False
      backup_path = None
      backup_path_db = None
      backup_path_files = None
      backup_path_private_files = None
      backup_path_conf = None
      ignore_backup_conf = False
      verbose = True
      compress = False
      include = ''
      exclude = ''
      old_backup_metadata = False
      scheduled_backup = <function scheduled_backup at 0x7e857b32a560>
      exit_code = 0
      rollback_callback = None
      site = 'project1'
      odb = frappe.utils.backups.BackupGenerator(backup_excludes=[], backup_includes=[], backup_path=None, backup_path_conf='./project/private/backups/20260801_113004-project-site_config_backup.json', backup_path_db='./project/private/backups/20260801_113004-project-database.sql.gz', backup_path_files='./project/private/backups/20260801_113004-project-files.tar', backup_path_private_files='./project/private/backups/20260801_113004-project-private-files.tar', compress_files=False, db_host='127.0.0.1', db_name='_cc001b8908fd52e2', db_port=3306, db_socket=None, db_type='mariadb', exclude_doctypes='', ignore_conf=False, include_doctypes='', old_backup_metadata=False, partial=[], password='MkfhelKK7676ix1L', rollback_callback=frappe.utils.CallbackManager(-), site_slug='project', todays_date='20260801_113004', user='_cc001b8908fd52e2', verbose=True)
  File "apps/frappe/frappe/utils/backups.py", line 589, in scheduled_backup
    return new_backup(
      older_than = 6
      ignore_files = True
      backup_path = None
      backup_path_db = None
      backup_path_files = None
      backup_path_private_files = None
      backup_path_conf = None
      ignore_conf = False
      include_doctypes = ''
      exclude_doctypes = ''
      compress = False
      force = True
      verbose = True
      old_backup_metadata = False
      rollback_callback = frappe.utils.CallbackManager()
  File "apps/frappe/frappe/utils/backups.py", line 626, in new_backup
    odb = BackupGenerator(
      older_than = 6
      ignore_files = True
      backup_path = None
      backup_path_db = None
      backup_path_files = None
      backup_path_private_files = None
      backup_path_conf = None
      ignore_conf = False
      include_doctypes = ''
      exclude_doctypes = ''
      compress = False
      force = True
      verbose = True
      old_backup_metadata = False
      rollback_callback = frappe.utils.CallbackManager()
  File "apps/frappe/frappe/utils/backups.py", line 89, in __init__
    self.setup_backup_tables()
      self = frappe.utils.backups.BackupGenerator(backup_path=None, backup_path_conf=None, backup_path_db=None, backup_path_files=None, backup_path_private_files=None, compress_files=False, db_host='127.0.0.1', db_name='_2c0861da27548010', db_port=3306, db_socket=None, db_type='mariadb', exclude_doctypes='', ignore_conf=False, include_doctypes='', old_backup_metadata=False, partial=False, password='hDO55ejkgO4waVz0', rollback_callback=frappe.utils.CallbackManager(-), site_slug='project1', user='_2c0861da27548010', verbose=True)
      db_name = '_2c0861da27548010'
      user = '_2c0861da27548010'
      password = ********
      backup_path = None
      backup_path_db = None
      backup_path_files = None
      backup_path_private_files = None
      db_socket = None
      db_host = '127.0.0.1'
      db_port = 3306
      db_type = 'mariadb'
      backup_path_conf = None
      ignore_conf = False
      compress_files = False
      include_doctypes = ''
      exclude_doctypes = ''
      verbose = True
      old_backup_metadata = False
      rollback_callback = frappe.utils.CallbackManager()
      site = 'project1'
  File "apps/frappe/frappe/utils/backups.py", line 126, in setup_backup_tables
    self._set_existing_tables()
      self = frappe.utils.backups.BackupGenerator(backup_path=None, backup_path_conf=None, backup_path_db=None, backup_path_files=None, backup_path_private_files=None, compress_files=False, db_host='127.0.0.1', db_name='_2c0861da27548010', db_port=3306, db_socket=None, db_type='mariadb', exclude_doctypes='', ignore_conf=False, include_doctypes='', old_backup_metadata=False, partial=False, password='hDO55ejkgO4waVz0', rollback_callback=frappe.utils.CallbackManager(-), site_slug='project1', user='_2c0861da27548010', verbose=True)
  File "apps/frappe/frappe/utils/backups.py", line 122, in _set_existing_tables
    self._existing_tables = frappe.db.get_tables()
      self = frappe.utils.backups.BackupGenerator(backup_path=None, backup_path_conf=None, backup_path_db=None, backup_path_files=None, backup_path_private_files=None, compress_files=False, db_host='127.0.0.1', db_name='_2c0861da27548010', db_port=3306, db_socket=None, db_type='mariadb', exclude_doctypes='', ignore_conf=False, include_doctypes='', old_backup_metadata=False, partial=False, password='hDO55ejkgO4waVz0', rollback_callback=frappe.utils.CallbackManager(-), site_slug='project1', user='_2c0861da27548010', verbose=True)
  File "apps/frappe/frappe/database/mariadb/mysqlclient.py", line 522, in get_tables
    .run(pluck=True)
      self = frappe.database.mariadb.mysqlclient.MariaDBDatabase(after_commit=frappe.utils.CallbackManager(-), after_rollback=frappe.utils.CallbackManager(-), auto_commit_on_many_writes=0, before_commit=frappe.utils.CallbackManager(-), before_rollback=frappe.utils.CallbackManager(-), cur_db_name='_2c0861da27548010', db_type='mariadb', host='127.0.0.1', logger=<Logger database-project1 (WARNING)>, password='hDO55ejkgO4waVz0', port=3306, socket=None, transaction_writes=0, type_map={'Currency': ('decimal', '21,9'), 'Int': ('int', '11'), 'Long Int': ('bigint', '20'), 'Float': ('decimal', '21,9'), 'Percent': ('decimal', '21,9'), 'Check': ('tinyint', '4'), 'Small Text': ('text', ''), 'Long Text': ('longtext...'), 'Color': ('varchar', 140), 'Barcode': ('longtext', ''), 'Geolocation': ('longtext', ''), 'Duration': ('decimal', '21,9'), 'Icon': ('varchar', 140), 'Phone': ('varchar', 140), 'Autocomplete': ('varchar', 140), 'JSON': ('json', '')}, user='_2c0861da27548010', value_cache=collections.defaultdict{})
      cached = True
      to_query = True
      tables = None
      information_schema = pypika.queries.Schema()
  File "apps/frappe/frappe/query_builder/utils.py", line 131, in execute_query
    result = frappe.local.db.sql(query, params, *args, **kwargs)  # nosemgrep
      query = 'SELECT `table_name` FROM `information_schema`.`tables` WHERE `table_schema`=%(param1)s'
      args = ()
      kwargs = {'pluck': True}
      dt = None
      fields = []
      child_queries = "_child_queries"
      params = {'param1': '_2c0861da27548010'}
  File "apps/frappe/frappe/database/database.py", line 249, in sql
    self.connect()
      self = frappe.database.mariadb.mysqlclient.MariaDBDatabase(after_commit=frappe.utils.CallbackManager(-), after_rollback=frappe.utils.CallbackManager(-), auto_commit_on_many_writes=0, before_commit=frappe.utils.CallbackManager(-), before_rollback=frappe.utils.CallbackManager(-), cur_db_name='_2c0861da27548010', db_type='mariadb', host='127.0.0.1', logger=<Logger database-project1 (WARNING)>, password='hDO55ejkgO4waVz0', port=3306, socket=None, transaction_writes=0, type_map={'Currency': ('decimal', '21,9'), 'Int': ('int', '11'), 'Long Int': ('bigint', '20'), 'Float': ('decimal', '21,9'), 'Percent': ('decimal', '21,9'), 'Check': ('tinyint', '4'), 'Small Text': ('text', ''), 'Long Text': ('longtext...'), 'Color': ('varchar', 140), 'Barcode': ('longtext', ''), 'Geolocation': ('longtext', ''), 'Duration': ('decimal', '21,9'), 'Icon': ('varchar', 140), 'Phone': ('varchar', 140), 'Autocomplete': ('varchar', 140), 'JSON': ('json', '')}, user='_2c0861da27548010', value_cache=collections.defaultdict{})
      query = 'SELECT `table_name` FROM `information_schema`.`tables` WHERE `table_schema`=%(param1)s'
      values = {'param1': '_2c0861da27548010'}
      as_dict = 0
      as_list = 0
      debug = False
      ignore_ddl = 0
      auto_commit = 0
      update = None
      explain = False
      run = True
      pluck = True
      as_iterator = False
      query_type = 'select'
  File "apps/frappe/frappe/database/database.py", line 147, in connect
    self.get_connection()
      self = frappe.database.mariadb.mysqlclient.MariaDBDatabase(after_commit=frappe.utils.CallbackManager(-), after_rollback=frappe.utils.CallbackManager(-), auto_commit_on_many_writes=0, before_commit=frappe.utils.CallbackManager(-), before_rollback=frappe.utils.CallbackManager(-), cur_db_name='_2c0861da27548010', db_type='mariadb', host='127.0.0.1', logger=<Logger database-project1 (WARNING)>, password='hDO55ejkgO4waVz0', port=3306, socket=None, transaction_writes=0, type_map={'Currency': ('decimal', '21,9'), 'Int': ('int', '11'), 'Long Int': ('bigint', '20'), 'Float': ('decimal', '21,9'), 'Percent': ('decimal', '21,9'), 'Check': ('tinyint', '4'), 'Small Text': ('text', ''), 'Long Text': ('longtext...'), 'Color': ('varchar', 140), 'Barcode': ('longtext', ''), 'Geolocation': ('longtext', ''), 'Duration': ('decimal', '21,9'), 'Icon': ('varchar', 140), 'Phone': ('varchar', 140), 'Autocomplete': ('varchar', 140), 'JSON': ('json', '')}, user='_2c0861da27548010', value_cache=collections.defaultdict{})
  File "apps/frappe/frappe/database/mariadb/mysqlclient.py", line 113, in get_connection
    conn = self._get_connection()
      self = frappe.database.mariadb.mysqlclient.MariaDBDatabase(after_commit=frappe.utils.CallbackManager(-), after_rollback=frappe.utils.CallbackManager(-), auto_commit_on_many_writes=0, before_commit=frappe.utils.CallbackManager(-), before_rollback=frappe.utils.CallbackManager(-), cur_db_name='_2c0861da27548010', db_type='mariadb', host='127.0.0.1', logger=<Logger database-project1 (WARNING)>, password='hDO55ejkgO4waVz0', port=3306, socket=None, transaction_writes=0, type_map={'Currency': ('decimal', '21,9'), 'Int': ('int', '11'), 'Long Int': ('bigint', '20'), 'Float': ('decimal', '21,9'), 'Percent': ('decimal', '21,9'), 'Check': ('tinyint', '4'), 'Small Text': ('text', ''), 'Long Text': ('longtext...'), 'Color': ('varchar', 140), 'Barcode': ('longtext', ''), 'Geolocation': ('longtext', ''), 'Duration': ('decimal', '21,9'), 'Icon': ('varchar', 140), 'Phone': ('varchar', 140), 'Autocomplete': ('varchar', 140), 'JSON': ('json', '')}, user='_2c0861da27548010', value_cache=collections.defaultdict{})
  File "apps/frappe/frappe/database/mariadb/mysqlclient.py", line 118, in _get_connection
    return self.create_connection()
      self = frappe.database.mariadb.mysqlclient.MariaDBDatabase(after_commit=frappe.utils.CallbackManager(-), after_rollback=frappe.utils.CallbackManager(-), auto_commit_on_many_writes=0, before_commit=frappe.utils.CallbackManager(-), before_rollback=frappe.utils.CallbackManager(-), cur_db_name='_2c0861da27548010', db_type='mariadb', host='127.0.0.1', logger=<Logger database-project1 (WARNING)>, password='hDO55ejkgO4waVz0', port=3306, socket=None, transaction_writes=0, type_map={'Currency': ('decimal', '21,9'), 'Int': ('int', '11'), 'Long Int': ('bigint', '20'), 'Float': ('decimal', '21,9'), 'Percent': ('decimal', '21,9'), 'Check': ('tinyint', '4'), 'Small Text': ('text', ''), 'Long Text': ('longtext...'), 'Color': ('varchar', 140), 'Barcode': ('longtext', ''), 'Geolocation': ('longtext', ''), 'Duration': ('decimal', '21,9'), 'Icon': ('varchar', 140), 'Phone': ('varchar', 140), 'Autocomplete': ('varchar', 140), 'JSON': ('json', '')}, user='_2c0861da27548010', value_cache=collections.defaultdict{})
  File "apps/frappe/frappe/database/mariadb/mysqlclient.py", line 121, in create_connection
    return MySQLdb.connect(**self.get_connection_settings())
      self = frappe.database.mariadb.mysqlclient.MariaDBDatabase(after_commit=frappe.utils.CallbackManager(-), after_rollback=frappe.utils.CallbackManager(-), auto_commit_on_many_writes=0, before_commit=frappe.utils.CallbackManager(-), before_rollback=frappe.utils.CallbackManager(-), cur_db_name='_2c0861da27548010', db_type='mariadb', host='127.0.0.1', logger=<Logger database-project1 (WARNING)>, password='hDO55ejkgO4waVz0', port=3306, socket=None, transaction_writes=0, type_map={'Currency': ('decimal', '21,9'), 'Int': ('int', '11'), 'Long Int': ('bigint', '20'), 'Float': ('decimal', '21,9'), 'Percent': ('decimal', '21,9'), 'Check': ('tinyint', '4'), 'Small Text': ('text', ''), 'Long Text': ('longtext...'), 'Color': ('varchar', 140), 'Barcode': ('longtext', ''), 'Geolocation': ('longtext', ''), 'Duration': ('decimal', '21,9'), 'Icon': ('varchar', 140), 'Phone': ('varchar', 140), 'Autocomplete': ('varchar', 140), 'JSON': ('json', '')}, user='_2c0861da27548010', value_cache=collections.defaultdict{})
  File "env/lib/python3.14/site-packages/MySQLdb/__init__.py", line 121, in Connect
    return Connection(*args, **kwargs)
      args = ()
      kwargs = {'user': '_2c0861da27548010', 'conv': {<class 'int'>: <function Thing2Str at 0x7e857a46cbf0>, <class 'float'>: <function Float2Str at 0x7e857a46cca0>, <class 'NoneType'>: <function None2NULL at 0x7e857a46cd50>, <class 'array.array'>: <function array2Str at 0x7e857a46cf60>, <class 'bool'>: <function Bool2Str at 0x7e857a46c9e0>, <class 'datetime.date'>: <function Thing2Literal at 0x7e857a46ce00>, <class 'datetime.datetime'>: <function DateTime2literal at 0x7e857a46c510>, <class 'datetime.timedelta'>: <function escape_timedelta at 0x7e857a46eda0>, <class 'set'>: <function Set2Str at 0x7e857a46cb40>, <class 'decimal.Decimal'>: <function Decimal2Literal at 0x7e857a46ceb0>, 1: <class 'int'>, 2: <c...t'>: <function escape_dict at 0x7e857a46ee50>, <class 'frozenset'>: <function escape_frozenset at 0x7e857a42b8a0>}, 'charset': 'utf8mb4', 'use_unicode': True, 'local_infile': False, 'multi_statements': False, 'database': '_2c0861da27548010', 'host': '127.0.0.1', 'port': 3306, 'password': '********'}
      Connection = MySQLdb.connections.Connection
  File "env/lib/python3.14/site-packages/MySQLdb/connections.py", line 200, in __init__
    super().__init__(*args, **kwargs2)
      self = <_mysql.connection open to '(null)' at 0x1eb39c00>
      args = ()
      kwargs = {'user': '_2c0861da27548010', 'conv': {<class 'int'>: <function Thing2Str at 0x7e857a46cbf0>, <class 'float'>: <function Float2Str at 0x7e857a46cca0>, <class 'NoneType'>: <function None2NULL at 0x7e857a46cd50>, <class 'array.array'>: <function array2Str at 0x7e857a46cf60>, <class 'bool'>: <function Bool2Str at 0x7e857a46c9e0>, <class 'datetime.date'>: <function Thing2Literal at 0x7e857a46ce00>, <class 'datetime.datetime'>: <function DateTime2literal at 0x7e857a46c510>, <class 'datetime.timedelta'>: <function escape_timedelta at 0x7e857a46eda0>, <class 'set'>: <function Set2Str at 0x7e857a46cb40>, <class 'decimal.Decimal'>: <function Decimal2Literal at 0x7e857a46ceb0>, 1: <class 'int'>, 2: <c...t'>: <function escape_dict at 0x7e857a46ee50>, <class 'frozenset'>: <function escape_frozenset at 0x7e857a42b8a0>}, 'charset': 'utf8mb4', 'use_unicode': True, 'local_infile': False, 'multi_statements': False, 'database': '_2c0861da27548010', 'host': '127.0.0.1', 'port': 3306, 'password': '********'}
      CLIENT = <module 'MySQLdb.constants.CLIENT' from 'env/lib/python3.14/site-packages/MySQLdb/constants/CLIENT.py'>
      FIELD_TYPE = <module 'MySQLdb.constants.FIELD_TYPE' from 'env/lib/python3.14/site-packages/MySQLdb/constants/FIELD_TYPE.py'>
      conversions = {<class 'int'>: <function Thing2Str at 0x7e857a46cbf0>, <class 'float'>: <function Float2Str at 0x7e857a46cca0>, <class 'NoneType'>: <function None2NULL at 0x7e857a46cd50>, <class 'array.array'>: <function array2Str at 0x7e857a46cf60>, <class 'bool'>: <function Bool2Str at 0x7e857a46c9e0>, <class 'datetime.date'>: <function Thing2Literal at 0x7e857a46ce00>, <class 'datetime.datetime'>: <function DateTime2literal at 0x7e857a46c510>, <class 'datetime.timedelta'>: <function DateTimeDelta2literal at 0x7e857a46c5c0>, <class 'set'>: <function Set2Str at 0x7e857a46cb40>, <class 'decimal.Decimal'>: <function Decimal2Literal at 0x7e857a46ceb0>, 1: <class 'int'>, 2: <class 'int'>, 3: <class 'int'>, 4:...r_None at 0x7e857a46c250>, 11: <function TimeDelta_or_None at 0x7e857a46c300>, 10: <function Date_or_None at 0x7e857a46c460>, 249: <class 'bytes'>, 250: <class 'bytes'>, 251: <class 'bytes'>, 252: <class 'bytes'>, 254: <class 'bytes'>, 253: <class 'bytes'>, 15: <class 'bytes'>, 245: <class 'bytes'>}
      _bytes_or_str = ((128, bytes), (None, str))
      kwargs2 = {'user': '_2c0861da27548010', 'conv': {<class 'int'>: <function Thing2Str at 0x7e857a46cbf0>, <class 'float'>: <function Float2Str at 0x7e857a46cca0>, <class 'NoneType'>: <function None2NULL at 0x7e857a46cd50>, <class 'array.array'>: <function array2Str at 0x7e857a46cf60>, <class 'bool'>: <function Bool2Str at 0x7e857a46c9e0>, <class 'datetime.date'>: <function Thing2Literal at 0x7e857a46ce00>, <class 'datetime.datetime'>: <function DateTime2literal at 0x7e857a46c510>, <class 'datetime.timedelta'>: <function escape_timedelta at 0x7e857a46eda0>, <class 'set'>: <function Set2Str at 0x7e857a46cb40>, <class 'decimal.Decimal'>: <function Decimal2Literal at 0x7e857a46ceb0>, 1: <class 'int'>, 2: <c...ass 'bytes'>, <class 'dict'>: <function escape_dict at 0x7e857a46ee50>, <class 'frozenset'>: <function escape_frozenset at 0x7e857a42b8a0>}, 'charset': 'utf8mb4', 'local_infile': False, 'database': '_2c0861da27548010', 'host': '127.0.0.1', 'port': 3306, 'password': '********', 'client_flag': 131072}
      conv = {<class 'int'>: <function Thing2Str at 0x7e857a46cbf0>, <class 'float'>: <function Float2Str at 0x7e857a46cca0>, <class 'NoneType'>: <function None2NULL at 0x7e857a46cd50>, <class 'array.array'>: <function array2Str at 0x7e857a46cf60>, <class 'bool'>: <function Bool2Str at 0x7e857a46c9e0>, <class 'datetime.date'>: <function Thing2Literal at 0x7e857a46ce00>, <class 'datetime.datetime'>: <function DateTime2literal at 0x7e857a46c510>, <class 'datetime.timedelta'>: <function escape_timedelta at 0x7e857a46eda0>, <class 'set'>: <function Set2Str at 0x7e857a46cb40>, <class 'decimal.Decimal'>: <function Decimal2Literal at 0x7e857a46ceb0>, 1: <class 'int'>, 2: <class 'int'>, 3: <class 'int'>, 4: <cla...249: <class 'bytes'>, 250: <class 'bytes'>, 251: <class 'bytes'>, 252: <class 'bytes'>, 254: <class 'bytes'>, 253: <class 'bytes'>, 15: <class 'bytes'>, 245: <class 'bytes'>, <class 'dict'>: <function escape_dict at 0x7e857a46ee50>, <class 'frozenset'>: <function escape_frozenset at 0x7e857a42b8a0>}
      conv2 = {<class 'int'>: <function Thing2Str at 0x7e857a46cbf0>, <class 'float'>: <function Float2Str at 0x7e857a46cca0>, <class 'NoneType'>: <function None2NULL at 0x7e857a46cd50>, <class 'array.array'>: <function array2Str at 0x7e857a46cf60>, <class 'bool'>: <function Bool2Str at 0x7e857a46c9e0>, <class 'datetime.date'>: <function Thing2Literal at 0x7e857a46ce00>, <class 'datetime.datetime'>: <function DateTime2literal at 0x7e857a46c510>, <class 'datetime.timedelta'>: <function escape_timedelta at 0x7e857a46eda0>, <class 'set'>: <function Set2Str at 0x7e857a46cb40>, <class 'decimal.Decimal'>: <function Decimal2Literal at 0x7e857a46ceb0>, 1: <class 'int'>, 2: <class 'int'>, 3: <class 'int'>, 4: <cla...249: <class 'bytes'>, 250: <class 'bytes'>, 251: <class 'bytes'>, 252: <class 'bytes'>, 254: <class 'bytes'>, 253: <class 'bytes'>, 15: <class 'bytes'>, 245: <class 'bytes'>, <class 'dict'>: <function escape_dict at 0x7e857a46ee50>, <class 'frozenset'>: <function escape_frozenset at 0x7e857a42b8a0>}
      k = frozenset
      v = <function escape_frozenset at 0x7e857a42b8a0>
      cursorclass = MySQLdb.cursors.Cursor
      charset = 'utf8mb4'
      collation = ''
      use_unicode = True
      sql_mode = ''
      client_flag = 131072
      multi_statements = False
      autocommit = False
      __class__ = MySQLdb.connections.Connection
MySQLdb.OperationalError: (1045, "Access denied for user '_2c0861da27548010'@'localhost' (using password: YES)")
Backup failed for Site site1.local. Database or site_config.json may be corrupted
Traceback with variables (most recent call last):
  File "apps/frappe/frappe/commands/site.py", line 881, in backup
    odb = scheduled_backup(
      context = CliCtxObj(force=False, profile=False, sites=['doctypesite', 'project', 'project1', 'site1.local', 'site2.local'], verbose=True)
      with_files = False
      backup_path = None
      backup_path_db = None
      backup_path_files = None
      backup_path_private_files = None
      backup_path_conf = None
      ignore_backup_conf = False
      verbose = True
      compress = False
      include = ''
      exclude = ''
      old_backup_metadata = False
      scheduled_backup = <function scheduled_backup at 0x7e857b32a560>
      exit_code = 1
      rollback_callback = None
      site = 'site1.local'
      odb = frappe.utils.backups.BackupGenerator(backup_excludes=[], backup_includes=[], backup_path=None, backup_path_conf='./project/private/backups/20260801_113004-project-site_config_backup.json', backup_path_db='./project/private/backups/20260801_113004-project-database.sql.gz', backup_path_files='./project/private/backups/20260801_113004-project-files.tar', backup_path_private_files='./project/private/backups/20260801_113004-project-private-files.tar', compress_files=False, db_host='127.0.0.1', db_name='_cc001b8908fd52e2', db_port=3306, db_socket=None, db_type='mariadb', exclude_doctypes='', ignore_conf=False, include_doctypes='', old_backup_metadata=False, partial=[], password='MkfhelKK7676ix1L', rollback_callback=frappe.utils.CallbackManager(-), site_slug='project', todays_date='20260801_113004', user='_cc001b8908fd52e2', verbose=True)
  File "apps/frappe/frappe/utils/backups.py", line 589, in scheduled_backup
    return new_backup(
      older_than = 6
      ignore_files = True
      backup_path = None
      backup_path_db = None
      backup_path_files = None
      backup_path_private_files = None
      backup_path_conf = None
      ignore_conf = False
      include_doctypes = ''
      exclude_doctypes = ''
      compress = False
      force = True
      verbose = True
      old_backup_metadata = False
      rollback_callback = frappe.utils.CallbackManager()
  File "apps/frappe/frappe/utils/backups.py", line 626, in new_backup
    odb = BackupGenerator(
      older_than = 6
      ignore_files = True
      backup_path = None
      backup_path_db = None
      backup_path_files = None
      backup_path_private_files = None
      backup_path_conf = None
      ignore_conf = False
      include_doctypes = ''
      exclude_doctypes = ''
      compress = False
      force = True
      verbose = True
      old_backup_metadata = False
      rollback_callback = frappe.utils.CallbackManager()
  File "apps/frappe/frappe/utils/backups.py", line 89, in __init__
    self.setup_backup_tables()
      self = frappe.utils.backups.BackupGenerator(backup_path=None, backup_path_conf=None, backup_path_db=None, backup_path_files=None, backup_path_private_files=None, compress_files=False, db_host='127.0.0.1', db_name='_2c0861da27548010', db_port=3306, db_socket=None, db_type='mariadb', exclude_doctypes='', ignore_conf=False, include_doctypes='', old_backup_metadata=False, partial=False, password='hDO55ejkgO4waVz0', rollback_callback=frappe.utils.CallbackManager(-), site_slug='project1', user='_2c0861da27548010', verbose=True)
      db_name = '_2c0861da27548010'
      user = '_2c0861da27548010'
      password = ********
      backup_path = None
      backup_path_db = None
      backup_path_files = None
      backup_path_private_files = None
      db_socket = None
      db_host = '127.0.0.1'
      db_port = 3306
      db_type = 'mariadb'
      backup_path_conf = None
      ignore_conf = False
      compress_files = False
      include_doctypes = ''
      exclude_doctypes = ''
      verbose = True
      old_backup_metadata = False
      rollback_callback = frappe.utils.CallbackManager()
      site = 'project1'
  File "apps/frappe/frappe/utils/backups.py", line 126, in setup_backup_tables
    self._set_existing_tables()
      self = frappe.utils.backups.BackupGenerator(backup_path=None, backup_path_conf=None, backup_path_db=None, backup_path_files=None, backup_path_private_files=None, compress_files=False, db_host='127.0.0.1', db_name='_2c0861da27548010', db_port=3306, db_socket=None, db_type='mariadb', exclude_doctypes='', ignore_conf=False, include_doctypes='', old_backup_metadata=False, partial=False, password='hDO55ejkgO4waVz0', rollback_callback=frappe.utils.CallbackManager(-), site_slug='project1', user='_2c0861da27548010', verbose=True)
  File "apps/frappe/frappe/utils/backups.py", line 122, in _set_existing_tables
    self._existing_tables = frappe.db.get_tables()
      self = frappe.utils.backups.BackupGenerator(backup_path=None, backup_path_conf=None, backup_path_db=None, backup_path_files=None, backup_path_private_files=None, compress_files=False, db_host='127.0.0.1', db_name='_2c0861da27548010', db_port=3306, db_socket=None, db_type='mariadb', exclude_doctypes='', ignore_conf=False, include_doctypes='', old_backup_metadata=False, partial=False, password='hDO55ejkgO4waVz0', rollback_callback=frappe.utils.CallbackManager(-), site_slug='project1', user='_2c0861da27548010', verbose=True)
  File "apps/frappe/frappe/database/mariadb/mysqlclient.py", line 522, in get_tables
    .run(pluck=True)
      self = frappe.database.mariadb.mysqlclient.MariaDBDatabase(after_commit=frappe.utils.CallbackManager(-), after_rollback=frappe.utils.CallbackManager(-), auto_commit_on_many_writes=0, before_commit=frappe.utils.CallbackManager(-), before_rollback=frappe.utils.CallbackManager(-), cur_db_name='_2c0861da27548010', db_type='mariadb', host='127.0.0.1', logger=<Logger database-project1 (WARNING)>, password='hDO55ejkgO4waVz0', port=3306, socket=None, transaction_writes=0, type_map={'Currency': ('decimal', '21,9'), 'Int': ('int', '11'), 'Long Int': ('bigint', '20'), 'Float': ('decimal', '21,9'), 'Percent': ('decimal', '21,9'), 'Check': ('tinyint', '4'), 'Small Text': ('text', ''), 'Long Text': ('longtext...'), 'Color': ('varchar', 140), 'Barcode': ('longtext', ''), 'Geolocation': ('longtext', ''), 'Duration': ('decimal', '21,9'), 'Icon': ('varchar', 140), 'Phone': ('varchar', 140), 'Autocomplete': ('varchar', 140), 'JSON': ('json', '')}, user='_2c0861da27548010', value_cache=collections.defaultdict{})
      cached = True
      to_query = True
      tables = None
      information_schema = pypika.queries.Schema()
  File "apps/frappe/frappe/query_builder/utils.py", line 131, in execute_query
    result = frappe.local.db.sql(query, params, *args, **kwargs)  # nosemgrep
      query = 'SELECT `table_name` FROM `information_schema`.`tables` WHERE `table_schema`=%(param1)s'
      args = ()
      kwargs = {'pluck': True}
      dt = None
      fields = []
      child_queries = "_child_queries"
      params = {'param1': '_2c0861da27548010'}
  File "apps/frappe/frappe/database/database.py", line 249, in sql
    self.connect()
      self = frappe.database.mariadb.mysqlclient.MariaDBDatabase(after_commit=frappe.utils.CallbackManager(-), after_rollback=frappe.utils.CallbackManager(-), auto_commit_on_many_writes=0, before_commit=frappe.utils.CallbackManager(-), before_rollback=frappe.utils.CallbackManager(-), cur_db_name='_2c0861da27548010', db_type='mariadb', host='127.0.0.1', logger=<Logger database-project1 (WARNING)>, password='hDO55ejkgO4waVz0', port=3306, socket=None, transaction_writes=0, type_map={'Currency': ('decimal', '21,9'), 'Int': ('int', '11'), 'Long Int': ('bigint', '20'), 'Float': ('decimal', '21,9'), 'Percent': ('decimal', '21,9'), 'Check': ('tinyint', '4'), 'Small Text': ('text', ''), 'Long Text': ('longtext...'), 'Color': ('varchar', 140), 'Barcode': ('longtext', ''), 'Geolocation': ('longtext', ''), 'Duration': ('decimal', '21,9'), 'Icon': ('varchar', 140), 'Phone': ('varchar', 140), 'Autocomplete': ('varchar', 140), 'JSON': ('json', '')}, user='_2c0861da27548010', value_cache=collections.defaultdict{})
      query = 'SELECT `table_name` FROM `information_schema`.`tables` WHERE `table_schema`=%(param1)s'
      values = {'param1': '_2c0861da27548010'}
      as_dict = 0
      as_list = 0
      debug = False
      ignore_ddl = 0
      auto_commit = 0
      update = None
      explain = False
      run = True
      pluck = True
      as_iterator = False
      query_type = 'select'
  File "apps/frappe/frappe/database/database.py", line 147, in connect
    self.get_connection()
      self = frappe.database.mariadb.mysqlclient.MariaDBDatabase(after_commit=frappe.utils.CallbackManager(-), after_rollback=frappe.utils.CallbackManager(-), auto_commit_on_many_writes=0, before_commit=frappe.utils.CallbackManager(-), before_rollback=frappe.utils.CallbackManager(-), cur_db_name='_2c0861da27548010', db_type='mariadb', host='127.0.0.1', logger=<Logger database-project1 (WARNING)>, password='hDO55ejkgO4waVz0', port=3306, socket=None, transaction_writes=0, type_map={'Currency': ('decimal', '21,9'), 'Int': ('int', '11'), 'Long Int': ('bigint', '20'), 'Float': ('decimal', '21,9'), 'Percent': ('decimal', '21,9'), 'Check': ('tinyint', '4'), 'Small Text': ('text', ''), 'Long Text': ('longtext...'), 'Color': ('varchar', 140), 'Barcode': ('longtext', ''), 'Geolocation': ('longtext', ''), 'Duration': ('decimal', '21,9'), 'Icon': ('varchar', 140), 'Phone': ('varchar', 140), 'Autocomplete': ('varchar', 140), 'JSON': ('json', '')}, user='_2c0861da27548010', value_cache=collections.defaultdict{})
  File "apps/frappe/frappe/database/mariadb/mysqlclient.py", line 113, in get_connection
    conn = self._get_connection()
      self = frappe.database.mariadb.mysqlclient.MariaDBDatabase(after_commit=frappe.utils.CallbackManager(-), after_rollback=frappe.utils.CallbackManager(-), auto_commit_on_many_writes=0, before_commit=frappe.utils.CallbackManager(-), before_rollback=frappe.utils.CallbackManager(-), cur_db_name='_2c0861da27548010', db_type='mariadb', host='127.0.0.1', logger=<Logger database-project1 (WARNING)>, password='hDO55ejkgO4waVz0', port=3306, socket=None, transaction_writes=0, type_map={'Currency': ('decimal', '21,9'), 'Int': ('int', '11'), 'Long Int': ('bigint', '20'), 'Float': ('decimal', '21,9'), 'Percent': ('decimal', '21,9'), 'Check': ('tinyint', '4'), 'Small Text': ('text', ''), 'Long Text': ('longtext...'), 'Color': ('varchar', 140), 'Barcode': ('longtext', ''), 'Geolocation': ('longtext', ''), 'Duration': ('decimal', '21,9'), 'Icon': ('varchar', 140), 'Phone': ('varchar', 140), 'Autocomplete': ('varchar', 140), 'JSON': ('json', '')}, user='_2c0861da27548010', value_cache=collections.defaultdict{})
  File "apps/frappe/frappe/database/mariadb/mysqlclient.py", line 118, in _get_connection
    return self.create_connection()
      self = frappe.database.mariadb.mysqlclient.MariaDBDatabase(after_commit=frappe.utils.CallbackManager(-), after_rollback=frappe.utils.CallbackManager(-), auto_commit_on_many_writes=0, before_commit=frappe.utils.CallbackManager(-), before_rollback=frappe.utils.CallbackManager(-), cur_db_name='_2c0861da27548010', db_type='mariadb', host='127.0.0.1', logger=<Logger database-project1 (WARNING)>, password='hDO55ejkgO4waVz0', port=3306, socket=None, transaction_writes=0, type_map={'Currency': ('decimal', '21,9'), 'Int': ('int', '11'), 'Long Int': ('bigint', '20'), 'Float': ('decimal', '21,9'), 'Percent': ('decimal', '21,9'), 'Check': ('tinyint', '4'), 'Small Text': ('text', ''), 'Long Text': ('longtext...'), 'Color': ('varchar', 140), 'Barcode': ('longtext', ''), 'Geolocation': ('longtext', ''), 'Duration': ('decimal', '21,9'), 'Icon': ('varchar', 140), 'Phone': ('varchar', 140), 'Autocomplete': ('varchar', 140), 'JSON': ('json', '')}, user='_2c0861da27548010', value_cache=collections.defaultdict{})
  File "apps/frappe/frappe/database/mariadb/mysqlclient.py", line 121, in create_connection
    return MySQLdb.connect(**self.get_connection_settings())
      self = frappe.database.mariadb.mysqlclient.MariaDBDatabase(after_commit=frappe.utils.CallbackManager(-), after_rollback=frappe.utils.CallbackManager(-), auto_commit_on_many_writes=0, before_commit=frappe.utils.CallbackManager(-), before_rollback=frappe.utils.CallbackManager(-), cur_db_name='_2c0861da27548010', db_type='mariadb', host='127.0.0.1', logger=<Logger database-project1 (WARNING)>, password='hDO55ejkgO4waVz0', port=3306, socket=None, transaction_writes=0, type_map={'Currency': ('decimal', '21,9'), 'Int': ('int', '11'), 'Long Int': ('bigint', '20'), 'Float': ('decimal', '21,9'), 'Percent': ('decimal', '21,9'), 'Check': ('tinyint', '4'), 'Small Text': ('text', ''), 'Long Text': ('longtext...'), 'Color': ('varchar', 140), 'Barcode': ('longtext', ''), 'Geolocation': ('longtext', ''), 'Duration': ('decimal', '21,9'), 'Icon': ('varchar', 140), 'Phone': ('varchar', 140), 'Autocomplete': ('varchar', 140), 'JSON': ('json', '')}, user='_2c0861da27548010', value_cache=collections.defaultdict{})
  File "env/lib/python3.14/site-packages/MySQLdb/__init__.py", line 121, in Connect
    return Connection(*args, **kwargs)
      args = ()
      kwargs = {'user': '_2c0861da27548010', 'conv': {<class 'int'>: <function Thing2Str at 0x7e857a46cbf0>, <class 'float'>: <function Float2Str at 0x7e857a46cca0>, <class 'NoneType'>: <function None2NULL at 0x7e857a46cd50>, <class 'array.array'>: <function array2Str at 0x7e857a46cf60>, <class 'bool'>: <function Bool2Str at 0x7e857a46c9e0>, <class 'datetime.date'>: <function Thing2Literal at 0x7e857a46ce00>, <class 'datetime.datetime'>: <function DateTime2literal at 0x7e857a46c510>, <class 'datetime.timedelta'>: <function escape_timedelta at 0x7e857a46eda0>, <class 'set'>: <function Set2Str at 0x7e857a46cb40>, <class 'decimal.Decimal'>: <function Decimal2Literal at 0x7e857a46ceb0>, 1: <class 'int'>, 2: <c...t'>: <function escape_dict at 0x7e857a46ee50>, <class 'frozenset'>: <function escape_frozenset at 0x7e857a42b8a0>}, 'charset': 'utf8mb4', 'use_unicode': True, 'local_infile': False, 'multi_statements': False, 'database': '_2c0861da27548010', 'host': '127.0.0.1', 'port': 3306, 'password': '********'}
      Connection = MySQLdb.connections.Connection
  File "env/lib/python3.14/site-packages/MySQLdb/connections.py", line 200, in __init__
    super().__init__(*args, **kwargs2)
      self = <_mysql.connection open to '(null)' at 0x1eb4cea0>
      args = ()
      kwargs = {'user': '_2c0861da27548010', 'conv': {<class 'int'>: <function Thing2Str at 0x7e857a46cbf0>, <class 'float'>: <function Float2Str at 0x7e857a46cca0>, <class 'NoneType'>: <function None2NULL at 0x7e857a46cd50>, <class 'array.array'>: <function array2Str at 0x7e857a46cf60>, <class 'bool'>: <function Bool2Str at 0x7e857a46c9e0>, <class 'datetime.date'>: <function Thing2Literal at 0x7e857a46ce00>, <class 'datetime.datetime'>: <function DateTime2literal at 0x7e857a46c510>, <class 'datetime.timedelta'>: <function escape_timedelta at 0x7e857a46eda0>, <class 'set'>: <function Set2Str at 0x7e857a46cb40>, <class 'decimal.Decimal'>: <function Decimal2Literal at 0x7e857a46ceb0>, 1: <class 'int'>, 2: <c...t'>: <function escape_dict at 0x7e857a46ee50>, <class 'frozenset'>: <function escape_frozenset at 0x7e857a42b8a0>}, 'charset': 'utf8mb4', 'use_unicode': True, 'local_infile': False, 'multi_statements': False, 'database': '_2c0861da27548010', 'host': '127.0.0.1', 'port': 3306, 'password': '********'}
      CLIENT = <module 'MySQLdb.constants.CLIENT' from 'env/lib/python3.14/site-packages/MySQLdb/constants/CLIENT.py'>
      FIELD_TYPE = <module 'MySQLdb.constants.FIELD_TYPE' from 'env/lib/python3.14/site-packages/MySQLdb/constants/FIELD_TYPE.py'>
      conversions = {<class 'int'>: <function Thing2Str at 0x7e857a46cbf0>, <class 'float'>: <function Float2Str at 0x7e857a46cca0>, <class 'NoneType'>: <function None2NULL at 0x7e857a46cd50>, <class 'array.array'>: <function array2Str at 0x7e857a46cf60>, <class 'bool'>: <function Bool2Str at 0x7e857a46c9e0>, <class 'datetime.date'>: <function Thing2Literal at 0x7e857a46ce00>, <class 'datetime.datetime'>: <function DateTime2literal at 0x7e857a46c510>, <class 'datetime.timedelta'>: <function DateTimeDelta2literal at 0x7e857a46c5c0>, <class 'set'>: <function Set2Str at 0x7e857a46cb40>, <class 'decimal.Decimal'>: <function Decimal2Literal at 0x7e857a46ceb0>, 1: <class 'int'>, 2: <class 'int'>, 3: <class 'int'>, 4:...r_None at 0x7e857a46c250>, 11: <function TimeDelta_or_None at 0x7e857a46c300>, 10: <function Date_or_None at 0x7e857a46c460>, 249: <class 'bytes'>, 250: <class 'bytes'>, 251: <class 'bytes'>, 252: <class 'bytes'>, 254: <class 'bytes'>, 253: <class 'bytes'>, 15: <class 'bytes'>, 245: <class 'bytes'>}
      _bytes_or_str = ((128, bytes), (None, str))
      kwargs2 = {'user': '_2c0861da27548010', 'conv': {<class 'int'>: <function Thing2Str at 0x7e857a46cbf0>, <class 'float'>: <function Float2Str at 0x7e857a46cca0>, <class 'NoneType'>: <function None2NULL at 0x7e857a46cd50>, <class 'array.array'>: <function array2Str at 0x7e857a46cf60>, <class 'bool'>: <function Bool2Str at 0x7e857a46c9e0>, <class 'datetime.date'>: <function Thing2Literal at 0x7e857a46ce00>, <class 'datetime.datetime'>: <function DateTime2literal at 0x7e857a46c510>, <class 'datetime.timedelta'>: <function escape_timedelta at 0x7e857a46eda0>, <class 'set'>: <function Set2Str at 0x7e857a46cb40>, <class 'decimal.Decimal'>: <function Decimal2Literal at 0x7e857a46ceb0>, 1: <class 'int'>, 2: <c...ass 'bytes'>, <class 'dict'>: <function escape_dict at 0x7e857a46ee50>, <class 'frozenset'>: <function escape_frozenset at 0x7e857a42b8a0>}, 'charset': 'utf8mb4', 'local_infile': False, 'database': '_2c0861da27548010', 'host': '127.0.0.1', 'port': 3306, 'password': '********', 'client_flag': 131072}
      conv = {<class 'int'>: <function Thing2Str at 0x7e857a46cbf0>, <class 'float'>: <function Float2Str at 0x7e857a46cca0>, <class 'NoneType'>: <function None2NULL at 0x7e857a46cd50>, <class 'array.array'>: <function array2Str at 0x7e857a46cf60>, <class 'bool'>: <function Bool2Str at 0x7e857a46c9e0>, <class 'datetime.date'>: <function Thing2Literal at 0x7e857a46ce00>, <class 'datetime.datetime'>: <function DateTime2literal at 0x7e857a46c510>, <class 'datetime.timedelta'>: <function escape_timedelta at 0x7e857a46eda0>, <class 'set'>: <function Set2Str at 0x7e857a46cb40>, <class 'decimal.Decimal'>: <function Decimal2Literal at 0x7e857a46ceb0>, 1: <class 'int'>, 2: <class 'int'>, 3: <class 'int'>, 4: <cla...249: <class 'bytes'>, 250: <class 'bytes'>, 251: <class 'bytes'>, 252: <class 'bytes'>, 254: <class 'bytes'>, 253: <class 'bytes'>, 15: <class 'bytes'>, 245: <class 'bytes'>, <class 'dict'>: <function escape_dict at 0x7e857a46ee50>, <class 'frozenset'>: <function escape_frozenset at 0x7e857a42b8a0>}
      conv2 = {<class 'int'>: <function Thing2Str at 0x7e857a46cbf0>, <class 'float'>: <function Float2Str at 0x7e857a46cca0>, <class 'NoneType'>: <function None2NULL at 0x7e857a46cd50>, <class 'array.array'>: <function array2Str at 0x7e857a46cf60>, <class 'bool'>: <function Bool2Str at 0x7e857a46c9e0>, <class 'datetime.date'>: <function Thing2Literal at 0x7e857a46ce00>, <class 'datetime.datetime'>: <function DateTime2literal at 0x7e857a46c510>, <class 'datetime.timedelta'>: <function escape_timedelta at 0x7e857a46eda0>, <class 'set'>: <function Set2Str at 0x7e857a46cb40>, <class 'decimal.Decimal'>: <function Decimal2Literal at 0x7e857a46ceb0>, 1: <class 'int'>, 2: <class 'int'>, 3: <class 'int'>, 4: <cla...249: <class 'bytes'>, 250: <class 'bytes'>, 251: <class 'bytes'>, 252: <class 'bytes'>, 254: <class 'bytes'>, 253: <class 'bytes'>, 15: <class 'bytes'>, 245: <class 'bytes'>, <class 'dict'>: <function escape_dict at 0x7e857a46ee50>, <class 'frozenset'>: <function escape_frozenset at 0x7e857a42b8a0>}
      k = frozenset
      v = <function escape_frozenset at 0x7e857a42b8a0>
      cursorclass = MySQLdb.cursors.Cursor
      charset = 'utf8mb4'
      collation = ''
      use_unicode = True
      sql_mode = ''
      client_flag = 131072
      multi_statements = False
      autocommit = False
      __class__ = MySQLdb.connections.Connection
MySQLdb.OperationalError: (1045, "Access denied for user '_2c0861da27548010'@'localhost' (using password: YES)")
Backup failed for Site site2.local. Database or site_config.json may be corrupted
Traceback with variables (most recent call last):
  File "apps/frappe/frappe/commands/site.py", line 881, in backup
    odb = scheduled_backup(
      context = CliCtxObj(force=False, profile=False, sites=['doctypesite', 'project', 'project1', 'site1.local', 'site2.local'], verbose=True)
      with_files = False
      backup_path = None
      backup_path_db = None
      backup_path_files = None
      backup_path_private_files = None
      backup_path_conf = None
      ignore_backup_conf = False
      verbose = True
      compress = False
      include = ''
      exclude = ''
      old_backup_metadata = False
      scheduled_backup = <function scheduled_backup at 0x7e857b32a560>
      exit_code = 1
      rollback_callback = None
      site = 'site2.local'
      odb = frappe.utils.backups.BackupGenerator(backup_excludes=[], backup_includes=[], backup_path=None, backup_path_conf='./project/private/backups/20260801_113004-project-site_config_backup.json', backup_path_db='./project/private/backups/20260801_113004-project-database.sql.gz', backup_path_files='./project/private/backups/20260801_113004-project-files.tar', backup_path_private_files='./project/private/backups/20260801_113004-project-private-files.tar', compress_files=False, db_host='127.0.0.1', db_name='_cc001b8908fd52e2', db_port=3306, db_socket=None, db_type='mariadb', exclude_doctypes='', ignore_conf=False, include_doctypes='', old_backup_metadata=False, partial=[], password='MkfhelKK7676ix1L', rollback_callback=frappe.utils.CallbackManager(-), site_slug='project', todays_date='20260801_113004', user='_cc001b8908fd52e2', verbose=True)
  File "apps/frappe/frappe/utils/backups.py", line 589, in scheduled_backup
    return new_backup(
      older_than = 6
      ignore_files = True
      backup_path = None
      backup_path_db = None
      backup_path_files = None
      backup_path_private_files = None
      backup_path_conf = None
      ignore_conf = False
      include_doctypes = ''
      exclude_doctypes = ''
      compress = False
      force = True
      verbose = True
      old_backup_metadata = False
      rollback_callback = frappe.utils.CallbackManager()
  File "apps/frappe/frappe/utils/backups.py", line 626, in new_backup
    odb = BackupGenerator(
      older_than = 6
      ignore_files = True
      backup_path = None
      backup_path_db = None
      backup_path_files = None
      backup_path_private_files = None
      backup_path_conf = None
      ignore_conf = False
      include_doctypes = ''
      exclude_doctypes = ''
      compress = False
      force = True
      verbose = True
      old_backup_metadata = False
      rollback_callback = frappe.utils.CallbackManager()
  File "apps/frappe/frappe/utils/backups.py", line 89, in __init__
    self.setup_backup_tables()
      self = frappe.utils.backups.BackupGenerator(backup_path=None, backup_path_conf=None, backup_path_db=None, backup_path_files=None, backup_path_private_files=None, compress_files=False, db_host='127.0.0.1', db_name='_2c0861da27548010', db_port=3306, db_socket=None, db_type='mariadb', exclude_doctypes='', ignore_conf=False, include_doctypes='', old_backup_metadata=False, partial=False, password='hDO55ejkgO4waVz0', rollback_callback=frappe.utils.CallbackManager(-), site_slug='project1', user='_2c0861da27548010', verbose=True)
      db_name = '_2c0861da27548010'
      user = '_2c0861da27548010'
      password = ********
      backup_path = None
      backup_path_db = None
      backup_path_files = None
      backup_path_private_files = None
      db_socket = None
      db_host = '127.0.0.1'
      db_port = 3306
      db_type = 'mariadb'
      backup_path_conf = None
      ignore_conf = False
      compress_files = False
      include_doctypes = ''
      exclude_doctypes = ''
      verbose = True
      old_backup_metadata = False
      rollback_callback = frappe.utils.CallbackManager()
      site = 'project1'
  File "apps/frappe/frappe/utils/backups.py", line 126, in setup_backup_tables
    self._set_existing_tables()
      self = frappe.utils.backups.BackupGenerator(backup_path=None, backup_path_conf=None, backup_path_db=None, backup_path_files=None, backup_path_private_files=None, compress_files=False, db_host='127.0.0.1', db_name='_2c0861da27548010', db_port=3306, db_socket=None, db_type='mariadb', exclude_doctypes='', ignore_conf=False, include_doctypes='', old_backup_metadata=False, partial=False, password='hDO55ejkgO4waVz0', rollback_callback=frappe.utils.CallbackManager(-), site_slug='project1', user='_2c0861da27548010', verbose=True)
  File "apps/frappe/frappe/utils/backups.py", line 122, in _set_existing_tables
    self._existing_tables = frappe.db.get_tables()
      self = frappe.utils.backups.BackupGenerator(backup_path=None, backup_path_conf=None, backup_path_db=None, backup_path_files=None, backup_path_private_files=None, compress_files=False, db_host='127.0.0.1', db_name='_2c0861da27548010', db_port=3306, db_socket=None, db_type='mariadb', exclude_doctypes='', ignore_conf=False, include_doctypes='', old_backup_metadata=False, partial=False, password='hDO55ejkgO4waVz0', rollback_callback=frappe.utils.CallbackManager(-), site_slug='project1', user='_2c0861da27548010', verbose=True)
  File "apps/frappe/frappe/database/mariadb/mysqlclient.py", line 522, in get_tables
    .run(pluck=True)
      self = frappe.database.mariadb.mysqlclient.MariaDBDatabase(after_commit=frappe.utils.CallbackManager(-), after_rollback=frappe.utils.CallbackManager(-), auto_commit_on_many_writes=0, before_commit=frappe.utils.CallbackManager(-), before_rollback=frappe.utils.CallbackManager(-), cur_db_name='_2c0861da27548010', db_type='mariadb', host='127.0.0.1', logger=<Logger database-project1 (WARNING)>, password='hDO55ejkgO4waVz0', port=3306, socket=None, transaction_writes=0, type_map={'Currency': ('decimal', '21,9'), 'Int': ('int', '11'), 'Long Int': ('bigint', '20'), 'Float': ('decimal', '21,9'), 'Percent': ('decimal', '21,9'), 'Check': ('tinyint', '4'), 'Small Text': ('text', ''), 'Long Text': ('longtext...'), 'Color': ('varchar', 140), 'Barcode': ('longtext', ''), 'Geolocation': ('longtext', ''), 'Duration': ('decimal', '21,9'), 'Icon': ('varchar', 140), 'Phone': ('varchar', 140), 'Autocomplete': ('varchar', 140), 'JSON': ('json', '')}, user='_2c0861da27548010', value_cache=collections.defaultdict{})
      cached = True
      to_query = True
      tables = None
      information_schema = pypika.queries.Schema()
  File "apps/frappe/frappe/query_builder/utils.py", line 131, in execute_query
    result = frappe.local.db.sql(query, params, *args, **kwargs)  # nosemgrep
      query = 'SELECT `table_name` FROM `information_schema`.`tables` WHERE `table_schema`=%(param1)s'
      args = ()
      kwargs = {'pluck': True}
      dt = None
      fields = []
      child_queries = "_child_queries"
      params = {'param1': '_2c0861da27548010'}
  File "apps/frappe/frappe/database/database.py", line 249, in sql
    self.connect()
      self = frappe.database.mariadb.mysqlclient.MariaDBDatabase(after_commit=frappe.utils.CallbackManager(-), after_rollback=frappe.utils.CallbackManager(-), auto_commit_on_many_writes=0, before_commit=frappe.utils.CallbackManager(-), before_rollback=frappe.utils.CallbackManager(-), cur_db_name='_2c0861da27548010', db_type='mariadb', host='127.0.0.1', logger=<Logger database-project1 (WARNING)>, password='hDO55ejkgO4waVz0', port=3306, socket=None, transaction_writes=0, type_map={'Currency': ('decimal', '21,9'), 'Int': ('int', '11'), 'Long Int': ('bigint', '20'), 'Float': ('decimal', '21,9'), 'Percent': ('decimal', '21,9'), 'Check': ('tinyint', '4'), 'Small Text': ('text', ''), 'Long Text': ('longtext...'), 'Color': ('varchar', 140), 'Barcode': ('longtext', ''), 'Geolocation': ('longtext', ''), 'Duration': ('decimal', '21,9'), 'Icon': ('varchar', 140), 'Phone': ('varchar', 140), 'Autocomplete': ('varchar', 140), 'JSON': ('json', '')}, user='_2c0861da27548010', value_cache=collections.defaultdict{})
      query = 'SELECT `table_name` FROM `information_schema`.`tables` WHERE `table_schema`=%(param1)s'
      values = {'param1': '_2c0861da27548010'}
      as_dict = 0
      as_list = 0
      debug = False
      ignore_ddl = 0
      auto_commit = 0
      update = None
      explain = False
      run = True
      pluck = True
      as_iterator = False
      query_type = 'select'
  File "apps/frappe/frappe/database/database.py", line 147, in connect
    self.get_connection()
      self = frappe.database.mariadb.mysqlclient.MariaDBDatabase(after_commit=frappe.utils.CallbackManager(-), after_rollback=frappe.utils.CallbackManager(-), auto_commit_on_many_writes=0, before_commit=frappe.utils.CallbackManager(-), before_rollback=frappe.utils.CallbackManager(-), cur_db_name='_2c0861da27548010', db_type='mariadb', host='127.0.0.1', logger=<Logger database-project1 (WARNING)>, password='hDO55ejkgO4waVz0', port=3306, socket=None, transaction_writes=0, type_map={'Currency': ('decimal', '21,9'), 'Int': ('int', '11'), 'Long Int': ('bigint', '20'), 'Float': ('decimal', '21,9'), 'Percent': ('decimal', '21,9'), 'Check': ('tinyint', '4'), 'Small Text': ('text', ''), 'Long Text': ('longtext...'), 'Color': ('varchar', 140), 'Barcode': ('longtext', ''), 'Geolocation': ('longtext', ''), 'Duration': ('decimal', '21,9'), 'Icon': ('varchar', 140), 'Phone': ('varchar', 140), 'Autocomplete': ('varchar', 140), 'JSON': ('json', '')}, user='_2c0861da27548010', value_cache=collections.defaultdict{})
  File "apps/frappe/frappe/database/mariadb/mysqlclient.py", line 113, in get_connection
    conn = self._get_connection()
      self = frappe.database.mariadb.mysqlclient.MariaDBDatabase(after_commit=frappe.utils.CallbackManager(-), after_rollback=frappe.utils.CallbackManager(-), auto_commit_on_many_writes=0, before_commit=frappe.utils.CallbackManager(-), before_rollback=frappe.utils.CallbackManager(-), cur_db_name='_2c0861da27548010', db_type='mariadb', host='127.0.0.1', logger=<Logger database-project1 (WARNING)>, password='hDO55ejkgO4waVz0', port=3306, socket=None, transaction_writes=0, type_map={'Currency': ('decimal', '21,9'), 'Int': ('int', '11'), 'Long Int': ('bigint', '20'), 'Float': ('decimal', '21,9'), 'Percent': ('decimal', '21,9'), 'Check': ('tinyint', '4'), 'Small Text': ('text', ''), 'Long Text': ('longtext...'), 'Color': ('varchar', 140), 'Barcode': ('longtext', ''), 'Geolocation': ('longtext', ''), 'Duration': ('decimal', '21,9'), 'Icon': ('varchar', 140), 'Phone': ('varchar', 140), 'Autocomplete': ('varchar', 140), 'JSON': ('json', '')}, user='_2c0861da27548010', value_cache=collections.defaultdict{})
  File "apps/frappe/frappe/database/mariadb/mysqlclient.py", line 118, in _get_connection
    return self.create_connection()
      self = frappe.database.mariadb.mysqlclient.MariaDBDatabase(after_commit=frappe.utils.CallbackManager(-), after_rollback=frappe.utils.CallbackManager(-), auto_commit_on_many_writes=0, before_commit=frappe.utils.CallbackManager(-), before_rollback=frappe.utils.CallbackManager(-), cur_db_name='_2c0861da27548010', db_type='mariadb', host='127.0.0.1', logger=<Logger database-project1 (WARNING)>, password='hDO55ejkgO4waVz0', port=3306, socket=None, transaction_writes=0, type_map={'Currency': ('decimal', '21,9'), 'Int': ('int', '11'), 'Long Int': ('bigint', '20'), 'Float': ('decimal', '21,9'), 'Percent': ('decimal', '21,9'), 'Check': ('tinyint', '4'), 'Small Text': ('text', ''), 'Long Text': ('longtext...'), 'Color': ('varchar', 140), 'Barcode': ('longtext', ''), 'Geolocation': ('longtext', ''), 'Duration': ('decimal', '21,9'), 'Icon': ('varchar', 140), 'Phone': ('varchar', 140), 'Autocomplete': ('varchar', 140), 'JSON': ('json', '')}, user='_2c0861da27548010', value_cache=collections.defaultdict{})
  File "apps/frappe/frappe/database/mariadb/mysqlclient.py", line 121, in create_connection
    return MySQLdb.connect(**self.get_connection_settings())
      self = frappe.database.mariadb.mysqlclient.MariaDBDatabase(after_commit=frappe.utils.CallbackManager(-), after_rollback=frappe.utils.CallbackManager(-), auto_commit_on_many_writes=0, before_commit=frappe.utils.CallbackManager(-), before_rollback=frappe.utils.CallbackManager(-), cur_db_name='_2c0861da27548010', db_type='mariadb', host='127.0.0.1', logger=<Logger database-project1 (WARNING)>, password='hDO55ejkgO4waVz0', port=3306, socket=None, transaction_writes=0, type_map={'Currency': ('decimal', '21,9'), 'Int': ('int', '11'), 'Long Int': ('bigint', '20'), 'Float': ('decimal', '21,9'), 'Percent': ('decimal', '21,9'), 'Check': ('tinyint', '4'), 'Small Text': ('text', ''), 'Long Text': ('longtext...'), 'Color': ('varchar', 140), 'Barcode': ('longtext', ''), 'Geolocation': ('longtext', ''), 'Duration': ('decimal', '21,9'), 'Icon': ('varchar', 140), 'Phone': ('varchar', 140), 'Autocomplete': ('varchar', 140), 'JSON': ('json', '')}, user='_2c0861da27548010', value_cache=collections.defaultdict{})
  File "env/lib/python3.14/site-packages/MySQLdb/__init__.py", line 121, in Connect
    return Connection(*args, **kwargs)
      args = ()
      kwargs = {'user': '_2c0861da27548010', 'conv': {<class 'int'>: <function Thing2Str at 0x7e857a46cbf0>, <class 'float'>: <function Float2Str at 0x7e857a46cca0>, <class 'NoneType'>: <function None2NULL at 0x7e857a46cd50>, <class 'array.array'>: <function array2Str at 0x7e857a46cf60>, <class 'bool'>: <function Bool2Str at 0x7e857a46c9e0>, <class 'datetime.date'>: <function Thing2Literal at 0x7e857a46ce00>, <class 'datetime.datetime'>: <function DateTime2literal at 0x7e857a46c510>, <class 'datetime.timedelta'>: <function escape_timedelta at 0x7e857a46eda0>, <class 'set'>: <function Set2Str at 0x7e857a46cb40>, <class 'decimal.Decimal'>: <function Decimal2Literal at 0x7e857a46ceb0>, 1: <class 'int'>, 2: <c...t'>: <function escape_dict at 0x7e857a46ee50>, <class 'frozenset'>: <function escape_frozenset at 0x7e857a42b8a0>}, 'charset': 'utf8mb4', 'use_unicode': True, 'local_infile': False, 'multi_statements': False, 'database': '_2c0861da27548010', 'host': '127.0.0.1', 'port': 3306, 'password': '********'}
      Connection = MySQLdb.connections.Connection
  File "env/lib/python3.14/site-packages/MySQLdb/connections.py", line 200, in __init__
    super().__init__(*args, **kwargs2)
      self = <_mysql.connection open to '(null)' at 0x1eb4cea0>
      args = ()
      kwargs = {'user': '_2c0861da27548010', 'conv': {<class 'int'>: <function Thing2Str at 0x7e857a46cbf0>, <class 'float'>: <function Float2Str at 0x7e857a46cca0>, <class 'NoneType'>: <function None2NULL at 0x7e857a46cd50>, <class 'array.array'>: <function array2Str at 0x7e857a46cf60>, <class 'bool'>: <function Bool2Str at 0x7e857a46c9e0>, <class 'datetime.date'>: <function Thing2Literal at 0x7e857a46ce00>, <class 'datetime.datetime'>: <function DateTime2literal at 0x7e857a46c510>, <class 'datetime.timedelta'>: <function escape_timedelta at 0x7e857a46eda0>, <class 'set'>: <function Set2Str at 0x7e857a46cb40>, <class 'decimal.Decimal'>: <function Decimal2Literal at 0x7e857a46ceb0>, 1: <class 'int'>, 2: <c...t'>: <function escape_dict at 0x7e857a46ee50>, <class 'frozenset'>: <function escape_frozenset at 0x7e857a42b8a0>}, 'charset': 'utf8mb4', 'use_unicode': True, 'local_infile': False, 'multi_statements': False, 'database': '_2c0861da27548010', 'host': '127.0.0.1', 'port': 3306, 'password': '********'}
      CLIENT = <module 'MySQLdb.constants.CLIENT' from 'env/lib/python3.14/site-packages/MySQLdb/constants/CLIENT.py'>
      FIELD_TYPE = <module 'MySQLdb.constants.FIELD_TYPE' from 'env/lib/python3.14/site-packages/MySQLdb/constants/FIELD_TYPE.py'>
      conversions = {<class 'int'>: <function Thing2Str at 0x7e857a46cbf0>, <class 'float'>: <function Float2Str at 0x7e857a46cca0>, <class 'NoneType'>: <function None2NULL at 0x7e857a46cd50>, <class 'array.array'>: <function array2Str at 0x7e857a46cf60>, <class 'bool'>: <function Bool2Str at 0x7e857a46c9e0>, <class 'datetime.date'>: <function Thing2Literal at 0x7e857a46ce00>, <class 'datetime.datetime'>: <function DateTime2literal at 0x7e857a46c510>, <class 'datetime.timedelta'>: <function DateTimeDelta2literal at 0x7e857a46c5c0>, <class 'set'>: <function Set2Str at 0x7e857a46cb40>, <class 'decimal.Decimal'>: <function Decimal2Literal at 0x7e857a46ceb0>, 1: <class 'int'>, 2: <class 'int'>, 3: <class 'int'>, 4:...r_None at 0x7e857a46c250>, 11: <function TimeDelta_or_None at 0x7e857a46c300>, 10: <function Date_or_None at 0x7e857a46c460>, 249: <class 'bytes'>, 250: <class 'bytes'>, 251: <class 'bytes'>, 252: <class 'bytes'>, 254: <class 'bytes'>, 253: <class 'bytes'>, 15: <class 'bytes'>, 245: <class 'bytes'>}
      _bytes_or_str = ((128, bytes), (None, str))
      kwargs2 = {'user': '_2c0861da27548010', 'conv': {<class 'int'>: <function Thing2Str at 0x7e857a46cbf0>, <class 'float'>: <function Float2Str at 0x7e857a46cca0>, <class 'NoneType'>: <function None2NULL at 0x7e857a46cd50>, <class 'array.array'>: <function array2Str at 0x7e857a46cf60>, <class 'bool'>: <function Bool2Str at 0x7e857a46c9e0>, <class 'datetime.date'>: <function Thing2Literal at 0x7e857a46ce00>, <class 'datetime.datetime'>: <function DateTime2literal at 0x7e857a46c510>, <class 'datetime.timedelta'>: <function escape_timedelta at 0x7e857a46eda0>, <class 'set'>: <function Set2Str at 0x7e857a46cb40>, <class 'decimal.Decimal'>: <function Decimal2Literal at 0x7e857a46ceb0>, 1: <class 'int'>, 2: <c...ass 'bytes'>, <class 'dict'>: <function escape_dict at 0x7e857a46ee50>, <class 'frozenset'>: <function escape_frozenset at 0x7e857a42b8a0>}, 'charset': 'utf8mb4', 'local_infile': False, 'database': '_2c0861da27548010', 'host': '127.0.0.1', 'port': 3306, 'password': '********', 'client_flag': 131072}
      conv = {<class 'int'>: <function Thing2Str at 0x7e857a46cbf0>, <class 'float'>: <function Float2Str at 0x7e857a46cca0>, <class 'NoneType'>: <function None2NULL at 0x7e857a46cd50>, <class 'array.array'>: <function array2Str at 0x7e857a46cf60>, <class 'bool'>: <function Bool2Str at 0x7e857a46c9e0>, <class 'datetime.date'>: <function Thing2Literal at 0x7e857a46ce00>, <class 'datetime.datetime'>: <function DateTime2literal at 0x7e857a46c510>, <class 'datetime.timedelta'>: <function escape_timedelta at 0x7e857a46eda0>, <class 'set'>: <function Set2Str at 0x7e857a46cb40>, <class 'decimal.Decimal'>: <function Decimal2Literal at 0x7e857a46ceb0>, 1: <class 'int'>, 2: <class 'int'>, 3: <class 'int'>, 4: <cla...249: <class 'bytes'>, 250: <class 'bytes'>, 251: <class 'bytes'>, 252: <class 'bytes'>, 254: <class 'bytes'>, 253: <class 'bytes'>, 15: <class 'bytes'>, 245: <class 'bytes'>, <class 'dict'>: <function escape_dict at 0x7e857a46ee50>, <class 'frozenset'>: <function escape_frozenset at 0x7e857a42b8a0>}
      conv2 = {<class 'int'>: <function Thing2Str at 0x7e857a46cbf0>, <class 'float'>: <function Float2Str at 0x7e857a46cca0>, <class 'NoneType'>: <function None2NULL at 0x7e857a46cd50>, <class 'array.array'>: <function array2Str at 0x7e857a46cf60>, <class 'bool'>: <function Bool2Str at 0x7e857a46c9e0>, <class 'datetime.date'>: <function Thing2Literal at 0x7e857a46ce00>, <class 'datetime.datetime'>: <function DateTime2literal at 0x7e857a46c510>, <class 'datetime.timedelta'>: <function escape_timedelta at 0x7e857a46eda0>, <class 'set'>: <function Set2Str at 0x7e857a46cb40>, <class 'decimal.Decimal'>: <function Decimal2Literal at 0x7e857a46ceb0>, 1: <class 'int'>, 2: <class 'int'>, 3: <class 'int'>, 4: <cla...249: <class 'bytes'>, 250: <class 'bytes'>, 251: <class 'bytes'>, 252: <class 'bytes'>, 254: <class 'bytes'>, 253: <class 'bytes'>, 15: <class 'bytes'>, 245: <class 'bytes'>, <class 'dict'>: <function escape_dict at 0x7e857a46ee50>, <class 'frozenset'>: <function escape_frozenset at 0x7e857a42b8a0>}
      k = frozenset
      v = <function escape_frozenset at 0x7e857a42b8a0>
      cursorclass = MySQLdb.cursors.Cursor
      charset = 'utf8mb4'
      collation = ''
      use_unicode = True
      sql_mode = ''
      client_flag = 131072
      multi_statements = False
      autocommit = False
      __class__ = MySQLdb.connections.Connection
MySQLdb.OperationalError: (1045, "Access denied for user '_2c0861da27548010'@'localhost' (using password: YES)")
set -o pipefail; /usr/bin/mariadb-dump --user=_0e0e8f4505c3c9e6 --host=127.0.0.1 --port=3306 --password=********** --single-transaction --quick --lock-tables=false _0e0e8f4505c3c9e6 | /usr/bin/gzip >> ./doctypesite/private/backups/20260801_173001-doctypesite-database.sql.gz

Backup Summary for doctypesite at 2026-08-01 17:30:03.369996
Config  : /home/sanjayh/frappe16-bench/sites/doctypesite/private/backups/20260801_173001-doctypesite-site_config_backup.json 246.0B
Database: /home/sanjayh/frappe16-bench/sites/doctypesite/private/backups/20260801_173001-doctypesite-database.sql.gz 364.4KiB
Backup for Site doctypesite has been successfully completed
File ./project/private/backups/20260731_173004-project-site_config_backup.json is older than 23 hours
File ./project/private/backups/20260801_113004-project-site_config_backup.json is recent
File ./project/private/backups/20260731_173004-project-database.sql.gz is older than 23 hours
File ./project/private/backups/20260801_113004-project-database.sql.gz is recent
set -o pipefail; /usr/bin/mariadb-dump --user=_cc001b8908fd52e2 --host=127.0.0.1 --port=3306 --password=********** --single-transaction --quick --lock-tables=false _cc001b8908fd52e2 | /usr/bin/gzip >> ./project/private/backups/20260801_173003-project-database.sql.gz

Backup Summary for project at 2026-08-01 17:30:04.367537
Config  : /home/sanjayh/frappe16-bench/sites/project/private/backups/20260801_173003-project-site_config_backup.json 187.0B
Database: /home/sanjayh/frappe16-bench/sites/project/private/backups/20260801_173003-project-database.sql.gz 293.0KiB
Backup for Site project has been successfully completed
Backup failed for Site project1. Database or site_config.json may be corrupted
Traceback with variables (most recent call last):
  File "apps/frappe/frappe/commands/site.py", line 881, in backup
    odb = scheduled_backup(
      context = CliCtxObj(force=False, profile=False, sites=['doctypesite', 'project', 'project1', 'site1.local', 'site2.local'], verbose=True)
      with_files = False
      backup_path = None
      backup_path_db = None
      backup_path_files = None
      backup_path_private_files = None
      backup_path_conf = None
      ignore_backup_conf = False
      verbose = True
      compress = False
      include = ''
      exclude = ''
      old_backup_metadata = False
      scheduled_backup = <function scheduled_backup at 0x702d3431e560>
      exit_code = 0
      rollback_callback = None
      site = 'project1'
      odb = frappe.utils.backups.BackupGenerator(backup_excludes=[], backup_includes=[], backup_path=None, backup_path_conf='./project/private/backups/20260801_173003-project-site_config_backup.json', backup_path_db='./project/private/backups/20260801_173003-project-database.sql.gz', backup_path_files='./project/private/backups/20260801_173003-project-files.tar', backup_path_private_files='./project/private/backups/20260801_173003-project-private-files.tar', compress_files=False, db_host='127.0.0.1', db_name='_cc001b8908fd52e2', db_port=3306, db_socket=None, db_type='mariadb', exclude_doctypes='', ignore_conf=False, include_doctypes='', old_backup_metadata=False, partial=[], password='MkfhelKK7676ix1L', rollback_callback=frappe.utils.CallbackManager(-), site_slug='project', todays_date='20260801_173003', user='_cc001b8908fd52e2', verbose=True)
  File "apps/frappe/frappe/utils/backups.py", line 589, in scheduled_backup
    return new_backup(
      older_than = 6
      ignore_files = True
      backup_path = None
      backup_path_db = None
      backup_path_files = None
      backup_path_private_files = None
      backup_path_conf = None
      ignore_conf = False
      include_doctypes = ''
      exclude_doctypes = ''
      compress = False
      force = True
      verbose = True
      old_backup_metadata = False
      rollback_callback = frappe.utils.CallbackManager()
  File "apps/frappe/frappe/utils/backups.py", line 626, in new_backup
    odb = BackupGenerator(
      older_than = 6
      ignore_files = True
      backup_path = None
      backup_path_db = None
      backup_path_files = None
      backup_path_private_files = None
      backup_path_conf = None
      ignore_conf = False
      include_doctypes = ''
      exclude_doctypes = ''
      compress = False
      force = True
      verbose = True
      old_backup_metadata = False
      rollback_callback = frappe.utils.CallbackManager()
  File "apps/frappe/frappe/utils/backups.py", line 89, in __init__
    self.setup_backup_tables()
      self = frappe.utils.backups.BackupGenerator(backup_path=None, backup_path_conf=None, backup_path_db=None, backup_path_files=None, backup_path_private_files=None, compress_files=False, db_host='127.0.0.1', db_name='_2c0861da27548010', db_port=3306, db_socket=None, db_type='mariadb', exclude_doctypes='', ignore_conf=False, include_doctypes='', old_backup_metadata=False, partial=False, password='hDO55ejkgO4waVz0', rollback_callback=frappe.utils.CallbackManager(-), site_slug='project1', user='_2c0861da27548010', verbose=True)
      db_name = '_2c0861da27548010'
      user = '_2c0861da27548010'
      password = ********
      backup_path = None
      backup_path_db = None
      backup_path_files = None
      backup_path_private_files = None
      db_socket = None
      db_host = '127.0.0.1'
      db_port = 3306
      db_type = 'mariadb'
      backup_path_conf = None
      ignore_conf = False
      compress_files = False
      include_doctypes = ''
      exclude_doctypes = ''
      verbose = True
      old_backup_metadata = False
      rollback_callback = frappe.utils.CallbackManager()
      site = 'project1'
  File "apps/frappe/frappe/utils/backups.py", line 126, in setup_backup_tables
    self._set_existing_tables()
      self = frappe.utils.backups.BackupGenerator(backup_path=None, backup_path_conf=None, backup_path_db=None, backup_path_files=None, backup_path_private_files=None, compress_files=False, db_host='127.0.0.1', db_name='_2c0861da27548010', db_port=3306, db_socket=None, db_type='mariadb', exclude_doctypes='', ignore_conf=False, include_doctypes='', old_backup_metadata=False, partial=False, password='hDO55ejkgO4waVz0', rollback_callback=frappe.utils.CallbackManager(-), site_slug='project1', user='_2c0861da27548010', verbose=True)
  File "apps/frappe/frappe/utils/backups.py", line 122, in _set_existing_tables
    self._existing_tables = frappe.db.get_tables()
      self = frappe.utils.backups.BackupGenerator(backup_path=None, backup_path_conf=None, backup_path_db=None, backup_path_files=None, backup_path_private_files=None, compress_files=False, db_host='127.0.0.1', db_name='_2c0861da27548010', db_port=3306, db_socket=None, db_type='mariadb', exclude_doctypes='', ignore_conf=False, include_doctypes='', old_backup_metadata=False, partial=False, password='hDO55ejkgO4waVz0', rollback_callback=frappe.utils.CallbackManager(-), site_slug='project1', user='_2c0861da27548010', verbose=True)
  File "apps/frappe/frappe/database/mariadb/mysqlclient.py", line 522, in get_tables
    .run(pluck=True)
      self = frappe.database.mariadb.mysqlclient.MariaDBDatabase(after_commit=frappe.utils.CallbackManager(-), after_rollback=frappe.utils.CallbackManager(-), auto_commit_on_many_writes=0, before_commit=frappe.utils.CallbackManager(-), before_rollback=frappe.utils.CallbackManager(-), cur_db_name='_2c0861da27548010', db_type='mariadb', host='127.0.0.1', logger=<Logger database-project1 (WARNING)>, password='hDO55ejkgO4waVz0', port=3306, socket=None, transaction_writes=0, type_map={'Currency': ('decimal', '21,9'), 'Int': ('int', '11'), 'Long Int': ('bigint', '20'), 'Float': ('decimal', '21,9'), 'Percent': ('decimal', '21,9'), 'Check': ('tinyint', '4'), 'Small Text': ('text', ''), 'Long Text': ('longtext...'), 'Color': ('varchar', 140), 'Barcode': ('longtext', ''), 'Geolocation': ('longtext', ''), 'Duration': ('decimal', '21,9'), 'Icon': ('varchar', 140), 'Phone': ('varchar', 140), 'Autocomplete': ('varchar', 140), 'JSON': ('json', '')}, user='_2c0861da27548010', value_cache=collections.defaultdict{})
      cached = True
      to_query = True
      tables = None
      information_schema = pypika.queries.Schema()
  File "apps/frappe/frappe/query_builder/utils.py", line 131, in execute_query
    result = frappe.local.db.sql(query, params, *args, **kwargs)  # nosemgrep
      query = 'SELECT `table_name` FROM `information_schema`.`tables` WHERE `table_schema`=%(param1)s'
      args = ()
      kwargs = {'pluck': True}
      dt = None
      fields = []
      child_queries = "_child_queries"
      params = {'param1': '_2c0861da27548010'}
  File "apps/frappe/frappe/database/database.py", line 249, in sql
    self.connect()
      self = frappe.database.mariadb.mysqlclient.MariaDBDatabase(after_commit=frappe.utils.CallbackManager(-), after_rollback=frappe.utils.CallbackManager(-), auto_commit_on_many_writes=0, before_commit=frappe.utils.CallbackManager(-), before_rollback=frappe.utils.CallbackManager(-), cur_db_name='_2c0861da27548010', db_type='mariadb', host='127.0.0.1', logger=<Logger database-project1 (WARNING)>, password='hDO55ejkgO4waVz0', port=3306, socket=None, transaction_writes=0, type_map={'Currency': ('decimal', '21,9'), 'Int': ('int', '11'), 'Long Int': ('bigint', '20'), 'Float': ('decimal', '21,9'), 'Percent': ('decimal', '21,9'), 'Check': ('tinyint', '4'), 'Small Text': ('text', ''), 'Long Text': ('longtext...'), 'Color': ('varchar', 140), 'Barcode': ('longtext', ''), 'Geolocation': ('longtext', ''), 'Duration': ('decimal', '21,9'), 'Icon': ('varchar', 140), 'Phone': ('varchar', 140), 'Autocomplete': ('varchar', 140), 'JSON': ('json', '')}, user='_2c0861da27548010', value_cache=collections.defaultdict{})
      query = 'SELECT `table_name` FROM `information_schema`.`tables` WHERE `table_schema`=%(param1)s'
      values = {'param1': '_2c0861da27548010'}
      as_dict = 0
      as_list = 0
      debug = False
      ignore_ddl = 0
      auto_commit = 0
      update = None
      explain = False
      run = True
      pluck = True
      as_iterator = False
      query_type = 'select'
  File "apps/frappe/frappe/database/database.py", line 147, in connect
    self.get_connection()
      self = frappe.database.mariadb.mysqlclient.MariaDBDatabase(after_commit=frappe.utils.CallbackManager(-), after_rollback=frappe.utils.CallbackManager(-), auto_commit_on_many_writes=0, before_commit=frappe.utils.CallbackManager(-), before_rollback=frappe.utils.CallbackManager(-), cur_db_name='_2c0861da27548010', db_type='mariadb', host='127.0.0.1', logger=<Logger database-project1 (WARNING)>, password='hDO55ejkgO4waVz0', port=3306, socket=None, transaction_writes=0, type_map={'Currency': ('decimal', '21,9'), 'Int': ('int', '11'), 'Long Int': ('bigint', '20'), 'Float': ('decimal', '21,9'), 'Percent': ('decimal', '21,9'), 'Check': ('tinyint', '4'), 'Small Text': ('text', ''), 'Long Text': ('longtext...'), 'Color': ('varchar', 140), 'Barcode': ('longtext', ''), 'Geolocation': ('longtext', ''), 'Duration': ('decimal', '21,9'), 'Icon': ('varchar', 140), 'Phone': ('varchar', 140), 'Autocomplete': ('varchar', 140), 'JSON': ('json', '')}, user='_2c0861da27548010', value_cache=collections.defaultdict{})
  File "apps/frappe/frappe/database/mariadb/mysqlclient.py", line 113, in get_connection
    conn = self._get_connection()
      self = frappe.database.mariadb.mysqlclient.MariaDBDatabase(after_commit=frappe.utils.CallbackManager(-), after_rollback=frappe.utils.CallbackManager(-), auto_commit_on_many_writes=0, before_commit=frappe.utils.CallbackManager(-), before_rollback=frappe.utils.CallbackManager(-), cur_db_name='_2c0861da27548010', db_type='mariadb', host='127.0.0.1', logger=<Logger database-project1 (WARNING)>, password='hDO55ejkgO4waVz0', port=3306, socket=None, transaction_writes=0, type_map={'Currency': ('decimal', '21,9'), 'Int': ('int', '11'), 'Long Int': ('bigint', '20'), 'Float': ('decimal', '21,9'), 'Percent': ('decimal', '21,9'), 'Check': ('tinyint', '4'), 'Small Text': ('text', ''), 'Long Text': ('longtext...'), 'Color': ('varchar', 140), 'Barcode': ('longtext', ''), 'Geolocation': ('longtext', ''), 'Duration': ('decimal', '21,9'), 'Icon': ('varchar', 140), 'Phone': ('varchar', 140), 'Autocomplete': ('varchar', 140), 'JSON': ('json', '')}, user='_2c0861da27548010', value_cache=collections.defaultdict{})
  File "apps/frappe/frappe/database/mariadb/mysqlclient.py", line 118, in _get_connection
    return self.create_connection()
      self = frappe.database.mariadb.mysqlclient.MariaDBDatabase(after_commit=frappe.utils.CallbackManager(-), after_rollback=frappe.utils.CallbackManager(-), auto_commit_on_many_writes=0, before_commit=frappe.utils.CallbackManager(-), before_rollback=frappe.utils.CallbackManager(-), cur_db_name='_2c0861da27548010', db_type='mariadb', host='127.0.0.1', logger=<Logger database-project1 (WARNING)>, password='hDO55ejkgO4waVz0', port=3306, socket=None, transaction_writes=0, type_map={'Currency': ('decimal', '21,9'), 'Int': ('int', '11'), 'Long Int': ('bigint', '20'), 'Float': ('decimal', '21,9'), 'Percent': ('decimal', '21,9'), 'Check': ('tinyint', '4'), 'Small Text': ('text', ''), 'Long Text': ('longtext...'), 'Color': ('varchar', 140), 'Barcode': ('longtext', ''), 'Geolocation': ('longtext', ''), 'Duration': ('decimal', '21,9'), 'Icon': ('varchar', 140), 'Phone': ('varchar', 140), 'Autocomplete': ('varchar', 140), 'JSON': ('json', '')}, user='_2c0861da27548010', value_cache=collections.defaultdict{})
  File "apps/frappe/frappe/database/mariadb/mysqlclient.py", line 121, in create_connection
    return MySQLdb.connect(**self.get_connection_settings())
      self = frappe.database.mariadb.mysqlclient.MariaDBDatabase(after_commit=frappe.utils.CallbackManager(-), after_rollback=frappe.utils.CallbackManager(-), auto_commit_on_many_writes=0, before_commit=frappe.utils.CallbackManager(-), before_rollback=frappe.utils.CallbackManager(-), cur_db_name='_2c0861da27548010', db_type='mariadb', host='127.0.0.1', logger=<Logger database-project1 (WARNING)>, password='hDO55ejkgO4waVz0', port=3306, socket=None, transaction_writes=0, type_map={'Currency': ('decimal', '21,9'), 'Int': ('int', '11'), 'Long Int': ('bigint', '20'), 'Float': ('decimal', '21,9'), 'Percent': ('decimal', '21,9'), 'Check': ('tinyint', '4'), 'Small Text': ('text', ''), 'Long Text': ('longtext...'), 'Color': ('varchar', 140), 'Barcode': ('longtext', ''), 'Geolocation': ('longtext', ''), 'Duration': ('decimal', '21,9'), 'Icon': ('varchar', 140), 'Phone': ('varchar', 140), 'Autocomplete': ('varchar', 140), 'JSON': ('json', '')}, user='_2c0861da27548010', value_cache=collections.defaultdict{})
  File "env/lib/python3.14/site-packages/MySQLdb/__init__.py", line 121, in Connect
    return Connection(*args, **kwargs)
      args = ()
      kwargs = {'user': '_2c0861da27548010', 'conv': {<class 'int'>: <function Thing2Str at 0x702d33460bf0>, <class 'float'>: <function Float2Str at 0x702d33460ca0>, <class 'NoneType'>: <function None2NULL at 0x702d33460d50>, <class 'array.array'>: <function array2Str at 0x702d33460f60>, <class 'bool'>: <function Bool2Str at 0x702d334609e0>, <class 'datetime.date'>: <function Thing2Literal at 0x702d33460e00>, <class 'datetime.datetime'>: <function DateTime2literal at 0x702d33460510>, <class 'datetime.timedelta'>: <function escape_timedelta at 0x702d33462da0>, <class 'set'>: <function Set2Str at 0x702d33460b40>, <class 'decimal.Decimal'>: <function Decimal2Literal at 0x702d33460eb0>, 1: <class 'int'>, 2: <c...t'>: <function escape_dict at 0x702d33462e50>, <class 'frozenset'>: <function escape_frozenset at 0x702d3341f8a0>}, 'charset': 'utf8mb4', 'use_unicode': True, 'local_infile': False, 'multi_statements': False, 'database': '_2c0861da27548010', 'host': '127.0.0.1', 'port': 3306, 'password': '********'}
      Connection = MySQLdb.connections.Connection
  File "env/lib/python3.14/site-packages/MySQLdb/connections.py", line 200, in __init__
    super().__init__(*args, **kwargs2)
      self = <_mysql.connection open to '(null)' at 0x16e22f40>
      args = ()
      kwargs = {'user': '_2c0861da27548010', 'conv': {<class 'int'>: <function Thing2Str at 0x702d33460bf0>, <class 'float'>: <function Float2Str at 0x702d33460ca0>, <class 'NoneType'>: <function None2NULL at 0x702d33460d50>, <class 'array.array'>: <function array2Str at 0x702d33460f60>, <class 'bool'>: <function Bool2Str at 0x702d334609e0>, <class 'datetime.date'>: <function Thing2Literal at 0x702d33460e00>, <class 'datetime.datetime'>: <function DateTime2literal at 0x702d33460510>, <class 'datetime.timedelta'>: <function escape_timedelta at 0x702d33462da0>, <class 'set'>: <function Set2Str at 0x702d33460b40>, <class 'decimal.Decimal'>: <function Decimal2Literal at 0x702d33460eb0>, 1: <class 'int'>, 2: <c...t'>: <function escape_dict at 0x702d33462e50>, <class 'frozenset'>: <function escape_frozenset at 0x702d3341f8a0>}, 'charset': 'utf8mb4', 'use_unicode': True, 'local_infile': False, 'multi_statements': False, 'database': '_2c0861da27548010', 'host': '127.0.0.1', 'port': 3306, 'password': '********'}
      CLIENT = <module 'MySQLdb.constants.CLIENT' from 'env/lib/python3.14/site-packages/MySQLdb/constants/CLIENT.py'>
      FIELD_TYPE = <module 'MySQLdb.constants.FIELD_TYPE' from 'env/lib/python3.14/site-packages/MySQLdb/constants/FIELD_TYPE.py'>
      conversions = {<class 'int'>: <function Thing2Str at 0x702d33460bf0>, <class 'float'>: <function Float2Str at 0x702d33460ca0>, <class 'NoneType'>: <function None2NULL at 0x702d33460d50>, <class 'array.array'>: <function array2Str at 0x702d33460f60>, <class 'bool'>: <function Bool2Str at 0x702d334609e0>, <class 'datetime.date'>: <function Thing2Literal at 0x702d33460e00>, <class 'datetime.datetime'>: <function DateTime2literal at 0x702d33460510>, <class 'datetime.timedelta'>: <function DateTimeDelta2literal at 0x702d334605c0>, <class 'set'>: <function Set2Str at 0x702d33460b40>, <class 'decimal.Decimal'>: <function Decimal2Literal at 0x702d33460eb0>, 1: <class 'int'>, 2: <class 'int'>, 3: <class 'int'>, 4:...r_None at 0x702d33460250>, 11: <function TimeDelta_or_None at 0x702d33460300>, 10: <function Date_or_None at 0x702d33460460>, 249: <class 'bytes'>, 250: <class 'bytes'>, 251: <class 'bytes'>, 252: <class 'bytes'>, 254: <class 'bytes'>, 253: <class 'bytes'>, 15: <class 'bytes'>, 245: <class 'bytes'>}
      _bytes_or_str = ((128, bytes), (None, str))
      kwargs2 = {'user': '_2c0861da27548010', 'conv': {<class 'int'>: <function Thing2Str at 0x702d33460bf0>, <class 'float'>: <function Float2Str at 0x702d33460ca0>, <class 'NoneType'>: <function None2NULL at 0x702d33460d50>, <class 'array.array'>: <function array2Str at 0x702d33460f60>, <class 'bool'>: <function Bool2Str at 0x702d334609e0>, <class 'datetime.date'>: <function Thing2Literal at 0x702d33460e00>, <class 'datetime.datetime'>: <function DateTime2literal at 0x702d33460510>, <class 'datetime.timedelta'>: <function escape_timedelta at 0x702d33462da0>, <class 'set'>: <function Set2Str at 0x702d33460b40>, <class 'decimal.Decimal'>: <function Decimal2Literal at 0x702d33460eb0>, 1: <class 'int'>, 2: <c...ass 'bytes'>, <class 'dict'>: <function escape_dict at 0x702d33462e50>, <class 'frozenset'>: <function escape_frozenset at 0x702d3341f8a0>}, 'charset': 'utf8mb4', 'local_infile': False, 'database': '_2c0861da27548010', 'host': '127.0.0.1', 'port': 3306, 'password': '********', 'client_flag': 131072}
      conv = {<class 'int'>: <function Thing2Str at 0x702d33460bf0>, <class 'float'>: <function Float2Str at 0x702d33460ca0>, <class 'NoneType'>: <function None2NULL at 0x702d33460d50>, <class 'array.array'>: <function array2Str at 0x702d33460f60>, <class 'bool'>: <function Bool2Str at 0x702d334609e0>, <class 'datetime.date'>: <function Thing2Literal at 0x702d33460e00>, <class 'datetime.datetime'>: <function DateTime2literal at 0x702d33460510>, <class 'datetime.timedelta'>: <function escape_timedelta at 0x702d33462da0>, <class 'set'>: <function Set2Str at 0x702d33460b40>, <class 'decimal.Decimal'>: <function Decimal2Literal at 0x702d33460eb0>, 1: <class 'int'>, 2: <class 'int'>, 3: <class 'int'>, 4: <cla...249: <class 'bytes'>, 250: <class 'bytes'>, 251: <class 'bytes'>, 252: <class 'bytes'>, 254: <class 'bytes'>, 253: <class 'bytes'>, 15: <class 'bytes'>, 245: <class 'bytes'>, <class 'dict'>: <function escape_dict at 0x702d33462e50>, <class 'frozenset'>: <function escape_frozenset at 0x702d3341f8a0>}
      conv2 = {<class 'int'>: <function Thing2Str at 0x702d33460bf0>, <class 'float'>: <function Float2Str at 0x702d33460ca0>, <class 'NoneType'>: <function None2NULL at 0x702d33460d50>, <class 'array.array'>: <function array2Str at 0x702d33460f60>, <class 'bool'>: <function Bool2Str at 0x702d334609e0>, <class 'datetime.date'>: <function Thing2Literal at 0x702d33460e00>, <class 'datetime.datetime'>: <function DateTime2literal at 0x702d33460510>, <class 'datetime.timedelta'>: <function escape_timedelta at 0x702d33462da0>, <class 'set'>: <function Set2Str at 0x702d33460b40>, <class 'decimal.Decimal'>: <function Decimal2Literal at 0x702d33460eb0>, 1: <class 'int'>, 2: <class 'int'>, 3: <class 'int'>, 4: <cla...249: <class 'bytes'>, 250: <class 'bytes'>, 251: <class 'bytes'>, 252: <class 'bytes'>, 254: <class 'bytes'>, 253: <class 'bytes'>, 15: <class 'bytes'>, 245: <class 'bytes'>, <class 'dict'>: <function escape_dict at 0x702d33462e50>, <class 'frozenset'>: <function escape_frozenset at 0x702d3341f8a0>}
      k = frozenset
      v = <function escape_frozenset at 0x702d3341f8a0>
      cursorclass = MySQLdb.cursors.Cursor
      charset = 'utf8mb4'
      collation = ''
      use_unicode = True
      sql_mode = ''
      client_flag = 131072
      multi_statements = False
      autocommit = False
      __class__ = MySQLdb.connections.Connection
MySQLdb.OperationalError: (1045, "Access denied for user '_2c0861da27548010'@'localhost' (using password: YES)")
Backup failed for Site site1.local. Database or site_config.json may be corrupted
Traceback with variables (most recent call last):
  File "apps/frappe/frappe/commands/site.py", line 881, in backup
    odb = scheduled_backup(
      context = CliCtxObj(force=False, profile=False, sites=['doctypesite', 'project', 'project1', 'site1.local', 'site2.local'], verbose=True)
      with_files = False
      backup_path = None
      backup_path_db = None
      backup_path_files = None
      backup_path_private_files = None
      backup_path_conf = None
      ignore_backup_conf = False
      verbose = True
      compress = False
      include = ''
      exclude = ''
      old_backup_metadata = False
      scheduled_backup = <function scheduled_backup at 0x702d3431e560>
      exit_code = 1
      rollback_callback = None
      site = 'site1.local'
      odb = frappe.utils.backups.BackupGenerator(backup_excludes=[], backup_includes=[], backup_path=None, backup_path_conf='./project/private/backups/20260801_173003-project-site_config_backup.json', backup_path_db='./project/private/backups/20260801_173003-project-database.sql.gz', backup_path_files='./project/private/backups/20260801_173003-project-files.tar', backup_path_private_files='./project/private/backups/20260801_173003-project-private-files.tar', compress_files=False, db_host='127.0.0.1', db_name='_cc001b8908fd52e2', db_port=3306, db_socket=None, db_type='mariadb', exclude_doctypes='', ignore_conf=False, include_doctypes='', old_backup_metadata=False, partial=[], password='MkfhelKK7676ix1L', rollback_callback=frappe.utils.CallbackManager(-), site_slug='project', todays_date='20260801_173003', user='_cc001b8908fd52e2', verbose=True)
  File "apps/frappe/frappe/utils/backups.py", line 589, in scheduled_backup
    return new_backup(
      older_than = 6
      ignore_files = True
      backup_path = None
      backup_path_db = None
      backup_path_files = None
      backup_path_private_files = None
      backup_path_conf = None
      ignore_conf = False
      include_doctypes = ''
      exclude_doctypes = ''
      compress = False
      force = True
      verbose = True
      old_backup_metadata = False
      rollback_callback = frappe.utils.CallbackManager()
  File "apps/frappe/frappe/utils/backups.py", line 626, in new_backup
    odb = BackupGenerator(
      older_than = 6
      ignore_files = True
      backup_path = None
      backup_path_db = None
      backup_path_files = None
      backup_path_private_files = None
      backup_path_conf = None
      ignore_conf = False
      include_doctypes = ''
      exclude_doctypes = ''
      compress = False
      force = True
      verbose = True
      old_backup_metadata = False
      rollback_callback = frappe.utils.CallbackManager()
  File "apps/frappe/frappe/utils/backups.py", line 89, in __init__
    self.setup_backup_tables()
      self = frappe.utils.backups.BackupGenerator(backup_path=None, backup_path_conf=None, backup_path_db=None, backup_path_files=None, backup_path_private_files=None, compress_files=False, db_host='127.0.0.1', db_name='_2c0861da27548010', db_port=3306, db_socket=None, db_type='mariadb', exclude_doctypes='', ignore_conf=False, include_doctypes='', old_backup_metadata=False, partial=False, password='hDO55ejkgO4waVz0', rollback_callback=frappe.utils.CallbackManager(-), site_slug='project1', user='_2c0861da27548010', verbose=True)
      db_name = '_2c0861da27548010'
      user = '_2c0861da27548010'
      password = ********
      backup_path = None
      backup_path_db = None
      backup_path_files = None
      backup_path_private_files = None
      db_socket = None
      db_host = '127.0.0.1'
      db_port = 3306
      db_type = 'mariadb'
      backup_path_conf = None
      ignore_conf = False
      compress_files = False
      include_doctypes = ''
      exclude_doctypes = ''
      verbose = True
      old_backup_metadata = False
      rollback_callback = frappe.utils.CallbackManager()
      site = 'project1'
  File "apps/frappe/frappe/utils/backups.py", line 126, in setup_backup_tables
    self._set_existing_tables()
      self = frappe.utils.backups.BackupGenerator(backup_path=None, backup_path_conf=None, backup_path_db=None, backup_path_files=None, backup_path_private_files=None, compress_files=False, db_host='127.0.0.1', db_name='_2c0861da27548010', db_port=3306, db_socket=None, db_type='mariadb', exclude_doctypes='', ignore_conf=False, include_doctypes='', old_backup_metadata=False, partial=False, password='hDO55ejkgO4waVz0', rollback_callback=frappe.utils.CallbackManager(-), site_slug='project1', user='_2c0861da27548010', verbose=True)
  File "apps/frappe/frappe/utils/backups.py", line 122, in _set_existing_tables
    self._existing_tables = frappe.db.get_tables()
      self = frappe.utils.backups.BackupGenerator(backup_path=None, backup_path_conf=None, backup_path_db=None, backup_path_files=None, backup_path_private_files=None, compress_files=False, db_host='127.0.0.1', db_name='_2c0861da27548010', db_port=3306, db_socket=None, db_type='mariadb', exclude_doctypes='', ignore_conf=False, include_doctypes='', old_backup_metadata=False, partial=False, password='hDO55ejkgO4waVz0', rollback_callback=frappe.utils.CallbackManager(-), site_slug='project1', user='_2c0861da27548010', verbose=True)
  File "apps/frappe/frappe/database/mariadb/mysqlclient.py", line 522, in get_tables
    .run(pluck=True)
      self = frappe.database.mariadb.mysqlclient.MariaDBDatabase(after_commit=frappe.utils.CallbackManager(-), after_rollback=frappe.utils.CallbackManager(-), auto_commit_on_many_writes=0, before_commit=frappe.utils.CallbackManager(-), before_rollback=frappe.utils.CallbackManager(-), cur_db_name='_2c0861da27548010', db_type='mariadb', host='127.0.0.1', logger=<Logger database-project1 (WARNING)>, password='hDO55ejkgO4waVz0', port=3306, socket=None, transaction_writes=0, type_map={'Currency': ('decimal', '21,9'), 'Int': ('int', '11'), 'Long Int': ('bigint', '20'), 'Float': ('decimal', '21,9'), 'Percent': ('decimal', '21,9'), 'Check': ('tinyint', '4'), 'Small Text': ('text', ''), 'Long Text': ('longtext...'), 'Color': ('varchar', 140), 'Barcode': ('longtext', ''), 'Geolocation': ('longtext', ''), 'Duration': ('decimal', '21,9'), 'Icon': ('varchar', 140), 'Phone': ('varchar', 140), 'Autocomplete': ('varchar', 140), 'JSON': ('json', '')}, user='_2c0861da27548010', value_cache=collections.defaultdict{})
      cached = True
      to_query = True
      tables = None
      information_schema = pypika.queries.Schema()
  File "apps/frappe/frappe/query_builder/utils.py", line 131, in execute_query
    result = frappe.local.db.sql(query, params, *args, **kwargs)  # nosemgrep
      query = 'SELECT `table_name` FROM `information_schema`.`tables` WHERE `table_schema`=%(param1)s'
      args = ()
      kwargs = {'pluck': True}
      dt = None
      fields = []
      child_queries = "_child_queries"
      params = {'param1': '_2c0861da27548010'}
  File "apps/frappe/frappe/database/database.py", line 249, in sql
    self.connect()
      self = frappe.database.mariadb.mysqlclient.MariaDBDatabase(after_commit=frappe.utils.CallbackManager(-), after_rollback=frappe.utils.CallbackManager(-), auto_commit_on_many_writes=0, before_commit=frappe.utils.CallbackManager(-), before_rollback=frappe.utils.CallbackManager(-), cur_db_name='_2c0861da27548010', db_type='mariadb', host='127.0.0.1', logger=<Logger database-project1 (WARNING)>, password='hDO55ejkgO4waVz0', port=3306, socket=None, transaction_writes=0, type_map={'Currency': ('decimal', '21,9'), 'Int': ('int', '11'), 'Long Int': ('bigint', '20'), 'Float': ('decimal', '21,9'), 'Percent': ('decimal', '21,9'), 'Check': ('tinyint', '4'), 'Small Text': ('text', ''), 'Long Text': ('longtext...'), 'Color': ('varchar', 140), 'Barcode': ('longtext', ''), 'Geolocation': ('longtext', ''), 'Duration': ('decimal', '21,9'), 'Icon': ('varchar', 140), 'Phone': ('varchar', 140), 'Autocomplete': ('varchar', 140), 'JSON': ('json', '')}, user='_2c0861da27548010', value_cache=collections.defaultdict{})
      query = 'SELECT `table_name` FROM `information_schema`.`tables` WHERE `table_schema`=%(param1)s'
      values = {'param1': '_2c0861da27548010'}
      as_dict = 0
      as_list = 0
      debug = False
      ignore_ddl = 0
      auto_commit = 0
      update = None
      explain = False
      run = True
      pluck = True
      as_iterator = False
      query_type = 'select'
  File "apps/frappe/frappe/database/database.py", line 147, in connect
    self.get_connection()
      self = frappe.database.mariadb.mysqlclient.MariaDBDatabase(after_commit=frappe.utils.CallbackManager(-), after_rollback=frappe.utils.CallbackManager(-), auto_commit_on_many_writes=0, before_commit=frappe.utils.CallbackManager(-), before_rollback=frappe.utils.CallbackManager(-), cur_db_name='_2c0861da27548010', db_type='mariadb', host='127.0.0.1', logger=<Logger database-project1 (WARNING)>, password='hDO55ejkgO4waVz0', port=3306, socket=None, transaction_writes=0, type_map={'Currency': ('decimal', '21,9'), 'Int': ('int', '11'), 'Long Int': ('bigint', '20'), 'Float': ('decimal', '21,9'), 'Percent': ('decimal', '21,9'), 'Check': ('tinyint', '4'), 'Small Text': ('text', ''), 'Long Text': ('longtext...'), 'Color': ('varchar', 140), 'Barcode': ('longtext', ''), 'Geolocation': ('longtext', ''), 'Duration': ('decimal', '21,9'), 'Icon': ('varchar', 140), 'Phone': ('varchar', 140), 'Autocomplete': ('varchar', 140), 'JSON': ('json', '')}, user='_2c0861da27548010', value_cache=collections.defaultdict{})
  File "apps/frappe/frappe/database/mariadb/mysqlclient.py", line 113, in get_connection
    conn = self._get_connection()
      self = frappe.database.mariadb.mysqlclient.MariaDBDatabase(after_commit=frappe.utils.CallbackManager(-), after_rollback=frappe.utils.CallbackManager(-), auto_commit_on_many_writes=0, before_commit=frappe.utils.CallbackManager(-), before_rollback=frappe.utils.CallbackManager(-), cur_db_name='_2c0861da27548010', db_type='mariadb', host='127.0.0.1', logger=<Logger database-project1 (WARNING)>, password='hDO55ejkgO4waVz0', port=3306, socket=None, transaction_writes=0, type_map={'Currency': ('decimal', '21,9'), 'Int': ('int', '11'), 'Long Int': ('bigint', '20'), 'Float': ('decimal', '21,9'), 'Percent': ('decimal', '21,9'), 'Check': ('tinyint', '4'), 'Small Text': ('text', ''), 'Long Text': ('longtext...'), 'Color': ('varchar', 140), 'Barcode': ('longtext', ''), 'Geolocation': ('longtext', ''), 'Duration': ('decimal', '21,9'), 'Icon': ('varchar', 140), 'Phone': ('varchar', 140), 'Autocomplete': ('varchar', 140), 'JSON': ('json', '')}, user='_2c0861da27548010', value_cache=collections.defaultdict{})
  File "apps/frappe/frappe/database/mariadb/mysqlclient.py", line 118, in _get_connection
    return self.create_connection()
      self = frappe.database.mariadb.mysqlclient.MariaDBDatabase(after_commit=frappe.utils.CallbackManager(-), after_rollback=frappe.utils.CallbackManager(-), auto_commit_on_many_writes=0, before_commit=frappe.utils.CallbackManager(-), before_rollback=frappe.utils.CallbackManager(-), cur_db_name='_2c0861da27548010', db_type='mariadb', host='127.0.0.1', logger=<Logger database-project1 (WARNING)>, password='hDO55ejkgO4waVz0', port=3306, socket=None, transaction_writes=0, type_map={'Currency': ('decimal', '21,9'), 'Int': ('int', '11'), 'Long Int': ('bigint', '20'), 'Float': ('decimal', '21,9'), 'Percent': ('decimal', '21,9'), 'Check': ('tinyint', '4'), 'Small Text': ('text', ''), 'Long Text': ('longtext...'), 'Color': ('varchar', 140), 'Barcode': ('longtext', ''), 'Geolocation': ('longtext', ''), 'Duration': ('decimal', '21,9'), 'Icon': ('varchar', 140), 'Phone': ('varchar', 140), 'Autocomplete': ('varchar', 140), 'JSON': ('json', '')}, user='_2c0861da27548010', value_cache=collections.defaultdict{})
  File "apps/frappe/frappe/database/mariadb/mysqlclient.py", line 121, in create_connection
    return MySQLdb.connect(**self.get_connection_settings())
      self = frappe.database.mariadb.mysqlclient.MariaDBDatabase(after_commit=frappe.utils.CallbackManager(-), after_rollback=frappe.utils.CallbackManager(-), auto_commit_on_many_writes=0, before_commit=frappe.utils.CallbackManager(-), before_rollback=frappe.utils.CallbackManager(-), cur_db_name='_2c0861da27548010', db_type='mariadb', host='127.0.0.1', logger=<Logger database-project1 (WARNING)>, password='hDO55ejkgO4waVz0', port=3306, socket=None, transaction_writes=0, type_map={'Currency': ('decimal', '21,9'), 'Int': ('int', '11'), 'Long Int': ('bigint', '20'), 'Float': ('decimal', '21,9'), 'Percent': ('decimal', '21,9'), 'Check': ('tinyint', '4'), 'Small Text': ('text', ''), 'Long Text': ('longtext...'), 'Color': ('varchar', 140), 'Barcode': ('longtext', ''), 'Geolocation': ('longtext', ''), 'Duration': ('decimal', '21,9'), 'Icon': ('varchar', 140), 'Phone': ('varchar', 140), 'Autocomplete': ('varchar', 140), 'JSON': ('json', '')}, user='_2c0861da27548010', value_cache=collections.defaultdict{})
  File "env/lib/python3.14/site-packages/MySQLdb/__init__.py", line 121, in Connect
    return Connection(*args, **kwargs)
      args = ()
      kwargs = {'user': '_2c0861da27548010', 'conv': {<class 'int'>: <function Thing2Str at 0x702d33460bf0>, <class 'float'>: <function Float2Str at 0x702d33460ca0>, <class 'NoneType'>: <function None2NULL at 0x702d33460d50>, <class 'array.array'>: <function array2Str at 0x702d33460f60>, <class 'bool'>: <function Bool2Str at 0x702d334609e0>, <class 'datetime.date'>: <function Thing2Literal at 0x702d33460e00>, <class 'datetime.datetime'>: <function DateTime2literal at 0x702d33460510>, <class 'datetime.timedelta'>: <function escape_timedelta at 0x702d33462da0>, <class 'set'>: <function Set2Str at 0x702d33460b40>, <class 'decimal.Decimal'>: <function Decimal2Literal at 0x702d33460eb0>, 1: <class 'int'>, 2: <c...t'>: <function escape_dict at 0x702d33462e50>, <class 'frozenset'>: <function escape_frozenset at 0x702d3341f8a0>}, 'charset': 'utf8mb4', 'use_unicode': True, 'local_infile': False, 'multi_statements': False, 'database': '_2c0861da27548010', 'host': '127.0.0.1', 'port': 3306, 'password': '********'}
      Connection = MySQLdb.connections.Connection
  File "env/lib/python3.14/site-packages/MySQLdb/connections.py", line 200, in __init__
    super().__init__(*args, **kwargs2)
      self = <_mysql.connection open to '(null)' at 0x16e361e0>
      args = ()
      kwargs = {'user': '_2c0861da27548010', 'conv': {<class 'int'>: <function Thing2Str at 0x702d33460bf0>, <class 'float'>: <function Float2Str at 0x702d33460ca0>, <class 'NoneType'>: <function None2NULL at 0x702d33460d50>, <class 'array.array'>: <function array2Str at 0x702d33460f60>, <class 'bool'>: <function Bool2Str at 0x702d334609e0>, <class 'datetime.date'>: <function Thing2Literal at 0x702d33460e00>, <class 'datetime.datetime'>: <function DateTime2literal at 0x702d33460510>, <class 'datetime.timedelta'>: <function escape_timedelta at 0x702d33462da0>, <class 'set'>: <function Set2Str at 0x702d33460b40>, <class 'decimal.Decimal'>: <function Decimal2Literal at 0x702d33460eb0>, 1: <class 'int'>, 2: <c...t'>: <function escape_dict at 0x702d33462e50>, <class 'frozenset'>: <function escape_frozenset at 0x702d3341f8a0>}, 'charset': 'utf8mb4', 'use_unicode': True, 'local_infile': False, 'multi_statements': False, 'database': '_2c0861da27548010', 'host': '127.0.0.1', 'port': 3306, 'password': '********'}
      CLIENT = <module 'MySQLdb.constants.CLIENT' from 'env/lib/python3.14/site-packages/MySQLdb/constants/CLIENT.py'>
      FIELD_TYPE = <module 'MySQLdb.constants.FIELD_TYPE' from 'env/lib/python3.14/site-packages/MySQLdb/constants/FIELD_TYPE.py'>
      conversions = {<class 'int'>: <function Thing2Str at 0x702d33460bf0>, <class 'float'>: <function Float2Str at 0x702d33460ca0>, <class 'NoneType'>: <function None2NULL at 0x702d33460d50>, <class 'array.array'>: <function array2Str at 0x702d33460f60>, <class 'bool'>: <function Bool2Str at 0x702d334609e0>, <class 'datetime.date'>: <function Thing2Literal at 0x702d33460e00>, <class 'datetime.datetime'>: <function DateTime2literal at 0x702d33460510>, <class 'datetime.timedelta'>: <function DateTimeDelta2literal at 0x702d334605c0>, <class 'set'>: <function Set2Str at 0x702d33460b40>, <class 'decimal.Decimal'>: <function Decimal2Literal at 0x702d33460eb0>, 1: <class 'int'>, 2: <class 'int'>, 3: <class 'int'>, 4:...r_None at 0x702d33460250>, 11: <function TimeDelta_or_None at 0x702d33460300>, 10: <function Date_or_None at 0x702d33460460>, 249: <class 'bytes'>, 250: <class 'bytes'>, 251: <class 'bytes'>, 252: <class 'bytes'>, 254: <class 'bytes'>, 253: <class 'bytes'>, 15: <class 'bytes'>, 245: <class 'bytes'>}
      _bytes_or_str = ((128, bytes), (None, str))
      kwargs2 = {'user': '_2c0861da27548010', 'conv': {<class 'int'>: <function Thing2Str at 0x702d33460bf0>, <class 'float'>: <function Float2Str at 0x702d33460ca0>, <class 'NoneType'>: <function None2NULL at 0x702d33460d50>, <class 'array.array'>: <function array2Str at 0x702d33460f60>, <class 'bool'>: <function Bool2Str at 0x702d334609e0>, <class 'datetime.date'>: <function Thing2Literal at 0x702d33460e00>, <class 'datetime.datetime'>: <function DateTime2literal at 0x702d33460510>, <class 'datetime.timedelta'>: <function escape_timedelta at 0x702d33462da0>, <class 'set'>: <function Set2Str at 0x702d33460b40>, <class 'decimal.Decimal'>: <function Decimal2Literal at 0x702d33460eb0>, 1: <class 'int'>, 2: <c...ass 'bytes'>, <class 'dict'>: <function escape_dict at 0x702d33462e50>, <class 'frozenset'>: <function escape_frozenset at 0x702d3341f8a0>}, 'charset': 'utf8mb4', 'local_infile': False, 'database': '_2c0861da27548010', 'host': '127.0.0.1', 'port': 3306, 'password': '********', 'client_flag': 131072}
      conv = {<class 'int'>: <function Thing2Str at 0x702d33460bf0>, <class 'float'>: <function Float2Str at 0x702d33460ca0>, <class 'NoneType'>: <function None2NULL at 0x702d33460d50>, <class 'array.array'>: <function array2Str at 0x702d33460f60>, <class 'bool'>: <function Bool2Str at 0x702d334609e0>, <class 'datetime.date'>: <function Thing2Literal at 0x702d33460e00>, <class 'datetime.datetime'>: <function DateTime2literal at 0x702d33460510>, <class 'datetime.timedelta'>: <function escape_timedelta at 0x702d33462da0>, <class 'set'>: <function Set2Str at 0x702d33460b40>, <class 'decimal.Decimal'>: <function Decimal2Literal at 0x702d33460eb0>, 1: <class 'int'>, 2: <class 'int'>, 3: <class 'int'>, 4: <cla...249: <class 'bytes'>, 250: <class 'bytes'>, 251: <class 'bytes'>, 252: <class 'bytes'>, 254: <class 'bytes'>, 253: <class 'bytes'>, 15: <class 'bytes'>, 245: <class 'bytes'>, <class 'dict'>: <function escape_dict at 0x702d33462e50>, <class 'frozenset'>: <function escape_frozenset at 0x702d3341f8a0>}
      conv2 = {<class 'int'>: <function Thing2Str at 0x702d33460bf0>, <class 'float'>: <function Float2Str at 0x702d33460ca0>, <class 'NoneType'>: <function None2NULL at 0x702d33460d50>, <class 'array.array'>: <function array2Str at 0x702d33460f60>, <class 'bool'>: <function Bool2Str at 0x702d334609e0>, <class 'datetime.date'>: <function Thing2Literal at 0x702d33460e00>, <class 'datetime.datetime'>: <function DateTime2literal at 0x702d33460510>, <class 'datetime.timedelta'>: <function escape_timedelta at 0x702d33462da0>, <class 'set'>: <function Set2Str at 0x702d33460b40>, <class 'decimal.Decimal'>: <function Decimal2Literal at 0x702d33460eb0>, 1: <class 'int'>, 2: <class 'int'>, 3: <class 'int'>, 4: <cla...249: <class 'bytes'>, 250: <class 'bytes'>, 251: <class 'bytes'>, 252: <class 'bytes'>, 254: <class 'bytes'>, 253: <class 'bytes'>, 15: <class 'bytes'>, 245: <class 'bytes'>, <class 'dict'>: <function escape_dict at 0x702d33462e50>, <class 'frozenset'>: <function escape_frozenset at 0x702d3341f8a0>}
      k = frozenset
      v = <function escape_frozenset at 0x702d3341f8a0>
      cursorclass = MySQLdb.cursors.Cursor
      charset = 'utf8mb4'
      collation = ''
      use_unicode = True
      sql_mode = ''
      client_flag = 131072
      multi_statements = False
      autocommit = False
      __class__ = MySQLdb.connections.Connection
MySQLdb.OperationalError: (1045, "Access denied for user '_2c0861da27548010'@'localhost' (using password: YES)")
Backup failed for Site site2.local. Database or site_config.json may be corrupted
Traceback with variables (most recent call last):
  File "apps/frappe/frappe/commands/site.py", line 881, in backup
    odb = scheduled_backup(
      context = CliCtxObj(force=False, profile=False, sites=['doctypesite', 'project', 'project1', 'site1.local', 'site2.local'], verbose=True)
      with_files = False
      backup_path = None
      backup_path_db = None
      backup_path_files = None
      backup_path_private_files = None
      backup_path_conf = None
      ignore_backup_conf = False
      verbose = True
      compress = False
      include = ''
      exclude = ''
      old_backup_metadata = False
      scheduled_backup = <function scheduled_backup at 0x702d3431e560>
      exit_code = 1
      rollback_callback = None
      site = 'site2.local'
      odb = frappe.utils.backups.BackupGenerator(backup_excludes=[], backup_includes=[], backup_path=None, backup_path_conf='./project/private/backups/20260801_173003-project-site_config_backup.json', backup_path_db='./project/private/backups/20260801_173003-project-database.sql.gz', backup_path_files='./project/private/backups/20260801_173003-project-files.tar', backup_path_private_files='./project/private/backups/20260801_173003-project-private-files.tar', compress_files=False, db_host='127.0.0.1', db_name='_cc001b8908fd52e2', db_port=3306, db_socket=None, db_type='mariadb', exclude_doctypes='', ignore_conf=False, include_doctypes='', old_backup_metadata=False, partial=[], password='MkfhelKK7676ix1L', rollback_callback=frappe.utils.CallbackManager(-), site_slug='project', todays_date='20260801_173003', user='_cc001b8908fd52e2', verbose=True)
  File "apps/frappe/frappe/utils/backups.py", line 589, in scheduled_backup
    return new_backup(
      older_than = 6
      ignore_files = True
      backup_path = None
      backup_path_db = None
      backup_path_files = None
      backup_path_private_files = None
      backup_path_conf = None
      ignore_conf = False
      include_doctypes = ''
      exclude_doctypes = ''
      compress = False
      force = True
      verbose = True
      old_backup_metadata = False
      rollback_callback = frappe.utils.CallbackManager()
  File "apps/frappe/frappe/utils/backups.py", line 626, in new_backup
    odb = BackupGenerator(
      older_than = 6
      ignore_files = True
      backup_path = None
      backup_path_db = None
      backup_path_files = None
      backup_path_private_files = None
      backup_path_conf = None
      ignore_conf = False
      include_doctypes = ''
      exclude_doctypes = ''
      compress = False
      force = True
      verbose = True
      old_backup_metadata = False
      rollback_callback = frappe.utils.CallbackManager()
  File "apps/frappe/frappe/utils/backups.py", line 89, in __init__
    self.setup_backup_tables()
      self = frappe.utils.backups.BackupGenerator(backup_path=None, backup_path_conf=None, backup_path_db=None, backup_path_files=None, backup_path_private_files=None, compress_files=False, db_host='127.0.0.1', db_name='_2c0861da27548010', db_port=3306, db_socket=None, db_type='mariadb', exclude_doctypes='', ignore_conf=False, include_doctypes='', old_backup_metadata=False, partial=False, password='hDO55ejkgO4waVz0', rollback_callback=frappe.utils.CallbackManager(-), site_slug='project1', user='_2c0861da27548010', verbose=True)
      db_name = '_2c0861da27548010'
      user = '_2c0861da27548010'
      password = ********
      backup_path = None
      backup_path_db = None
      backup_path_files = None
      backup_path_private_files = None
      db_socket = None
      db_host = '127.0.0.1'
      db_port = 3306
      db_type = 'mariadb'
      backup_path_conf = None
      ignore_conf = False
      compress_files = False
      include_doctypes = ''
      exclude_doctypes = ''
      verbose = True
      old_backup_metadata = False
      rollback_callback = frappe.utils.CallbackManager()
      site = 'project1'
  File "apps/frappe/frappe/utils/backups.py", line 126, in setup_backup_tables
    self._set_existing_tables()
      self = frappe.utils.backups.BackupGenerator(backup_path=None, backup_path_conf=None, backup_path_db=None, backup_path_files=None, backup_path_private_files=None, compress_files=False, db_host='127.0.0.1', db_name='_2c0861da27548010', db_port=3306, db_socket=None, db_type='mariadb', exclude_doctypes='', ignore_conf=False, include_doctypes='', old_backup_metadata=False, partial=False, password='hDO55ejkgO4waVz0', rollback_callback=frappe.utils.CallbackManager(-), site_slug='project1', user='_2c0861da27548010', verbose=True)
  File "apps/frappe/frappe/utils/backups.py", line 122, in _set_existing_tables
    self._existing_tables = frappe.db.get_tables()
      self = frappe.utils.backups.BackupGenerator(backup_path=None, backup_path_conf=None, backup_path_db=None, backup_path_files=None, backup_path_private_files=None, compress_files=False, db_host='127.0.0.1', db_name='_2c0861da27548010', db_port=3306, db_socket=None, db_type='mariadb', exclude_doctypes='', ignore_conf=False, include_doctypes='', old_backup_metadata=False, partial=False, password='hDO55ejkgO4waVz0', rollback_callback=frappe.utils.CallbackManager(-), site_slug='project1', user='_2c0861da27548010', verbose=True)
  File "apps/frappe/frappe/database/mariadb/mysqlclient.py", line 522, in get_tables
    .run(pluck=True)
      self = frappe.database.mariadb.mysqlclient.MariaDBDatabase(after_commit=frappe.utils.CallbackManager(-), after_rollback=frappe.utils.CallbackManager(-), auto_commit_on_many_writes=0, before_commit=frappe.utils.CallbackManager(-), before_rollback=frappe.utils.CallbackManager(-), cur_db_name='_2c0861da27548010', db_type='mariadb', host='127.0.0.1', logger=<Logger database-project1 (WARNING)>, password='hDO55ejkgO4waVz0', port=3306, socket=None, transaction_writes=0, type_map={'Currency': ('decimal', '21,9'), 'Int': ('int', '11'), 'Long Int': ('bigint', '20'), 'Float': ('decimal', '21,9'), 'Percent': ('decimal', '21,9'), 'Check': ('tinyint', '4'), 'Small Text': ('text', ''), 'Long Text': ('longtext...'), 'Color': ('varchar', 140), 'Barcode': ('longtext', ''), 'Geolocation': ('longtext', ''), 'Duration': ('decimal', '21,9'), 'Icon': ('varchar', 140), 'Phone': ('varchar', 140), 'Autocomplete': ('varchar', 140), 'JSON': ('json', '')}, user='_2c0861da27548010', value_cache=collections.defaultdict{})
      cached = True
      to_query = True
      tables = None
      information_schema = pypika.queries.Schema()
  File "apps/frappe/frappe/query_builder/utils.py", line 131, in execute_query
    result = frappe.local.db.sql(query, params, *args, **kwargs)  # nosemgrep
      query = 'SELECT `table_name` FROM `information_schema`.`tables` WHERE `table_schema`=%(param1)s'
      args = ()
      kwargs = {'pluck': True}
      dt = None
      fields = []
      child_queries = "_child_queries"
      params = {'param1': '_2c0861da27548010'}
  File "apps/frappe/frappe/database/database.py", line 249, in sql
    self.connect()
      self = frappe.database.mariadb.mysqlclient.MariaDBDatabase(after_commit=frappe.utils.CallbackManager(-), after_rollback=frappe.utils.CallbackManager(-), auto_commit_on_many_writes=0, before_commit=frappe.utils.CallbackManager(-), before_rollback=frappe.utils.CallbackManager(-), cur_db_name='_2c0861da27548010', db_type='mariadb', host='127.0.0.1', logger=<Logger database-project1 (WARNING)>, password='hDO55ejkgO4waVz0', port=3306, socket=None, transaction_writes=0, type_map={'Currency': ('decimal', '21,9'), 'Int': ('int', '11'), 'Long Int': ('bigint', '20'), 'Float': ('decimal', '21,9'), 'Percent': ('decimal', '21,9'), 'Check': ('tinyint', '4'), 'Small Text': ('text', ''), 'Long Text': ('longtext...'), 'Color': ('varchar', 140), 'Barcode': ('longtext', ''), 'Geolocation': ('longtext', ''), 'Duration': ('decimal', '21,9'), 'Icon': ('varchar', 140), 'Phone': ('varchar', 140), 'Autocomplete': ('varchar', 140), 'JSON': ('json', '')}, user='_2c0861da27548010', value_cache=collections.defaultdict{})
      query = 'SELECT `table_name` FROM `information_schema`.`tables` WHERE `table_schema`=%(param1)s'
      values = {'param1': '_2c0861da27548010'}
      as_dict = 0
      as_list = 0
      debug = False
      ignore_ddl = 0
      auto_commit = 0
      update = None
      explain = False
      run = True
      pluck = True
      as_iterator = False
      query_type = 'select'
  File "apps/frappe/frappe/database/database.py", line 147, in connect
    self.get_connection()
      self = frappe.database.mariadb.mysqlclient.MariaDBDatabase(after_commit=frappe.utils.CallbackManager(-), after_rollback=frappe.utils.CallbackManager(-), auto_commit_on_many_writes=0, before_commit=frappe.utils.CallbackManager(-), before_rollback=frappe.utils.CallbackManager(-), cur_db_name='_2c0861da27548010', db_type='mariadb', host='127.0.0.1', logger=<Logger database-project1 (WARNING)>, password='hDO55ejkgO4waVz0', port=3306, socket=None, transaction_writes=0, type_map={'Currency': ('decimal', '21,9'), 'Int': ('int', '11'), 'Long Int': ('bigint', '20'), 'Float': ('decimal', '21,9'), 'Percent': ('decimal', '21,9'), 'Check': ('tinyint', '4'), 'Small Text': ('text', ''), 'Long Text': ('longtext...'), 'Color': ('varchar', 140), 'Barcode': ('longtext', ''), 'Geolocation': ('longtext', ''), 'Duration': ('decimal', '21,9'), 'Icon': ('varchar', 140), 'Phone': ('varchar', 140), 'Autocomplete': ('varchar', 140), 'JSON': ('json', '')}, user='_2c0861da27548010', value_cache=collections.defaultdict{})
  File "apps/frappe/frappe/database/mariadb/mysqlclient.py", line 113, in get_connection
    conn = self._get_connection()
      self = frappe.database.mariadb.mysqlclient.MariaDBDatabase(after_commit=frappe.utils.CallbackManager(-), after_rollback=frappe.utils.CallbackManager(-), auto_commit_on_many_writes=0, before_commit=frappe.utils.CallbackManager(-), before_rollback=frappe.utils.CallbackManager(-), cur_db_name='_2c0861da27548010', db_type='mariadb', host='127.0.0.1', logger=<Logger database-project1 (WARNING)>, password='hDO55ejkgO4waVz0', port=3306, socket=None, transaction_writes=0, type_map={'Currency': ('decimal', '21,9'), 'Int': ('int', '11'), 'Long Int': ('bigint', '20'), 'Float': ('decimal', '21,9'), 'Percent': ('decimal', '21,9'), 'Check': ('tinyint', '4'), 'Small Text': ('text', ''), 'Long Text': ('longtext...'), 'Color': ('varchar', 140), 'Barcode': ('longtext', ''), 'Geolocation': ('longtext', ''), 'Duration': ('decimal', '21,9'), 'Icon': ('varchar', 140), 'Phone': ('varchar', 140), 'Autocomplete': ('varchar', 140), 'JSON': ('json', '')}, user='_2c0861da27548010', value_cache=collections.defaultdict{})
  File "apps/frappe/frappe/database/mariadb/mysqlclient.py", line 118, in _get_connection
    return self.create_connection()
      self = frappe.database.mariadb.mysqlclient.MariaDBDatabase(after_commit=frappe.utils.CallbackManager(-), after_rollback=frappe.utils.CallbackManager(-), auto_commit_on_many_writes=0, before_commit=frappe.utils.CallbackManager(-), before_rollback=frappe.utils.CallbackManager(-), cur_db_name='_2c0861da27548010', db_type='mariadb', host='127.0.0.1', logger=<Logger database-project1 (WARNING)>, password='hDO55ejkgO4waVz0', port=3306, socket=None, transaction_writes=0, type_map={'Currency': ('decimal', '21,9'), 'Int': ('int', '11'), 'Long Int': ('bigint', '20'), 'Float': ('decimal', '21,9'), 'Percent': ('decimal', '21,9'), 'Check': ('tinyint', '4'), 'Small Text': ('text', ''), 'Long Text': ('longtext...'), 'Color': ('varchar', 140), 'Barcode': ('longtext', ''), 'Geolocation': ('longtext', ''), 'Duration': ('decimal', '21,9'), 'Icon': ('varchar', 140), 'Phone': ('varchar', 140), 'Autocomplete': ('varchar', 140), 'JSON': ('json', '')}, user='_2c0861da27548010', value_cache=collections.defaultdict{})
  File "apps/frappe/frappe/database/mariadb/mysqlclient.py", line 121, in create_connection
    return MySQLdb.connect(**self.get_connection_settings())
      self = frappe.database.mariadb.mysqlclient.MariaDBDatabase(after_commit=frappe.utils.CallbackManager(-), after_rollback=frappe.utils.CallbackManager(-), auto_commit_on_many_writes=0, before_commit=frappe.utils.CallbackManager(-), before_rollback=frappe.utils.CallbackManager(-), cur_db_name='_2c0861da27548010', db_type='mariadb', host='127.0.0.1', logger=<Logger database-project1 (WARNING)>, password='hDO55ejkgO4waVz0', port=3306, socket=None, transaction_writes=0, type_map={'Currency': ('decimal', '21,9'), 'Int': ('int', '11'), 'Long Int': ('bigint', '20'), 'Float': ('decimal', '21,9'), 'Percent': ('decimal', '21,9'), 'Check': ('tinyint', '4'), 'Small Text': ('text', ''), 'Long Text': ('longtext...'), 'Color': ('varchar', 140), 'Barcode': ('longtext', ''), 'Geolocation': ('longtext', ''), 'Duration': ('decimal', '21,9'), 'Icon': ('varchar', 140), 'Phone': ('varchar', 140), 'Autocomplete': ('varchar', 140), 'JSON': ('json', '')}, user='_2c0861da27548010', value_cache=collections.defaultdict{})
  File "env/lib/python3.14/site-packages/MySQLdb/__init__.py", line 121, in Connect
    return Connection(*args, **kwargs)
      args = ()
      kwargs = {'user': '_2c0861da27548010', 'conv': {<class 'int'>: <function Thing2Str at 0x702d33460bf0>, <class 'float'>: <function Float2Str at 0x702d33460ca0>, <class 'NoneType'>: <function None2NULL at 0x702d33460d50>, <class 'array.array'>: <function array2Str at 0x702d33460f60>, <class 'bool'>: <function Bool2Str at 0x702d334609e0>, <class 'datetime.date'>: <function Thing2Literal at 0x702d33460e00>, <class 'datetime.datetime'>: <function DateTime2literal at 0x702d33460510>, <class 'datetime.timedelta'>: <function escape_timedelta at 0x702d33462da0>, <class 'set'>: <function Set2Str at 0x702d33460b40>, <class 'decimal.Decimal'>: <function Decimal2Literal at 0x702d33460eb0>, 1: <class 'int'>, 2: <c...t'>: <function escape_dict at 0x702d33462e50>, <class 'frozenset'>: <function escape_frozenset at 0x702d3341f8a0>}, 'charset': 'utf8mb4', 'use_unicode': True, 'local_infile': False, 'multi_statements': False, 'database': '_2c0861da27548010', 'host': '127.0.0.1', 'port': 3306, 'password': '********'}
      Connection = MySQLdb.connections.Connection
  File "env/lib/python3.14/site-packages/MySQLdb/connections.py", line 200, in __init__
    super().__init__(*args, **kwargs2)
      self = <_mysql.connection open to '(null)' at 0x16e361e0>
      args = ()
      kwargs = {'user': '_2c0861da27548010', 'conv': {<class 'int'>: <function Thing2Str at 0x702d33460bf0>, <class 'float'>: <function Float2Str at 0x702d33460ca0>, <class 'NoneType'>: <function None2NULL at 0x702d33460d50>, <class 'array.array'>: <function array2Str at 0x702d33460f60>, <class 'bool'>: <function Bool2Str at 0x702d334609e0>, <class 'datetime.date'>: <function Thing2Literal at 0x702d33460e00>, <class 'datetime.datetime'>: <function DateTime2literal at 0x702d33460510>, <class 'datetime.timedelta'>: <function escape_timedelta at 0x702d33462da0>, <class 'set'>: <function Set2Str at 0x702d33460b40>, <class 'decimal.Decimal'>: <function Decimal2Literal at 0x702d33460eb0>, 1: <class 'int'>, 2: <c...t'>: <function escape_dict at 0x702d33462e50>, <class 'frozenset'>: <function escape_frozenset at 0x702d3341f8a0>}, 'charset': 'utf8mb4', 'use_unicode': True, 'local_infile': False, 'multi_statements': False, 'database': '_2c0861da27548010', 'host': '127.0.0.1', 'port': 3306, 'password': '********'}
      CLIENT = <module 'MySQLdb.constants.CLIENT' from 'env/lib/python3.14/site-packages/MySQLdb/constants/CLIENT.py'>
      FIELD_TYPE = <module 'MySQLdb.constants.FIELD_TYPE' from 'env/lib/python3.14/site-packages/MySQLdb/constants/FIELD_TYPE.py'>
      conversions = {<class 'int'>: <function Thing2Str at 0x702d33460bf0>, <class 'float'>: <function Float2Str at 0x702d33460ca0>, <class 'NoneType'>: <function None2NULL at 0x702d33460d50>, <class 'array.array'>: <function array2Str at 0x702d33460f60>, <class 'bool'>: <function Bool2Str at 0x702d334609e0>, <class 'datetime.date'>: <function Thing2Literal at 0x702d33460e00>, <class 'datetime.datetime'>: <function DateTime2literal at 0x702d33460510>, <class 'datetime.timedelta'>: <function DateTimeDelta2literal at 0x702d334605c0>, <class 'set'>: <function Set2Str at 0x702d33460b40>, <class 'decimal.Decimal'>: <function Decimal2Literal at 0x702d33460eb0>, 1: <class 'int'>, 2: <class 'int'>, 3: <class 'int'>, 4:...r_None at 0x702d33460250>, 11: <function TimeDelta_or_None at 0x702d33460300>, 10: <function Date_or_None at 0x702d33460460>, 249: <class 'bytes'>, 250: <class 'bytes'>, 251: <class 'bytes'>, 252: <class 'bytes'>, 254: <class 'bytes'>, 253: <class 'bytes'>, 15: <class 'bytes'>, 245: <class 'bytes'>}
      _bytes_or_str = ((128, bytes), (None, str))
      kwargs2 = {'user': '_2c0861da27548010', 'conv': {<class 'int'>: <function Thing2Str at 0x702d33460bf0>, <class 'float'>: <function Float2Str at 0x702d33460ca0>, <class 'NoneType'>: <function None2NULL at 0x702d33460d50>, <class 'array.array'>: <function array2Str at 0x702d33460f60>, <class 'bool'>: <function Bool2Str at 0x702d334609e0>, <class 'datetime.date'>: <function Thing2Literal at 0x702d33460e00>, <class 'datetime.datetime'>: <function DateTime2literal at 0x702d33460510>, <class 'datetime.timedelta'>: <function escape_timedelta at 0x702d33462da0>, <class 'set'>: <function Set2Str at 0x702d33460b40>, <class 'decimal.Decimal'>: <function Decimal2Literal at 0x702d33460eb0>, 1: <class 'int'>, 2: <c...ass 'bytes'>, <class 'dict'>: <function escape_dict at 0x702d33462e50>, <class 'frozenset'>: <function escape_frozenset at 0x702d3341f8a0>}, 'charset': 'utf8mb4', 'local_infile': False, 'database': '_2c0861da27548010', 'host': '127.0.0.1', 'port': 3306, 'password': '********', 'client_flag': 131072}
      conv = {<class 'int'>: <function Thing2Str at 0x702d33460bf0>, <class 'float'>: <function Float2Str at 0x702d33460ca0>, <class 'NoneType'>: <function None2NULL at 0x702d33460d50>, <class 'array.array'>: <function array2Str at 0x702d33460f60>, <class 'bool'>: <function Bool2Str at 0x702d334609e0>, <class 'datetime.date'>: <function Thing2Literal at 0x702d33460e00>, <class 'datetime.datetime'>: <function DateTime2literal at 0x702d33460510>, <class 'datetime.timedelta'>: <function escape_timedelta at 0x702d33462da0>, <class 'set'>: <function Set2Str at 0x702d33460b40>, <class 'decimal.Decimal'>: <function Decimal2Literal at 0x702d33460eb0>, 1: <class 'int'>, 2: <class 'int'>, 3: <class 'int'>, 4: <cla...249: <class 'bytes'>, 250: <class 'bytes'>, 251: <class 'bytes'>, 252: <class 'bytes'>, 254: <class 'bytes'>, 253: <class 'bytes'>, 15: <class 'bytes'>, 245: <class 'bytes'>, <class 'dict'>: <function escape_dict at 0x702d33462e50>, <class 'frozenset'>: <function escape_frozenset at 0x702d3341f8a0>}
      conv2 = {<class 'int'>: <function Thing2Str at 0x702d33460bf0>, <class 'float'>: <function Float2Str at 0x702d33460ca0>, <class 'NoneType'>: <function None2NULL at 0x702d33460d50>, <class 'array.array'>: <function array2Str at 0x702d33460f60>, <class 'bool'>: <function Bool2Str at 0x702d334609e0>, <class 'datetime.date'>: <function Thing2Literal at 0x702d33460e00>, <class 'datetime.datetime'>: <function DateTime2literal at 0x702d33460510>, <class 'datetime.timedelta'>: <function escape_timedelta at 0x702d33462da0>, <class 'set'>: <function Set2Str at 0x702d33460b40>, <class 'decimal.Decimal'>: <function Decimal2Literal at 0x702d33460eb0>, 1: <class 'int'>, 2: <class 'int'>, 3: <class 'int'>, 4: <cla...249: <class 'bytes'>, 250: <class 'bytes'>, 251: <class 'bytes'>, 252: <class 'bytes'>, 254: <class 'bytes'>, 253: <class 'bytes'>, 15: <class 'bytes'>, 245: <class 'bytes'>, <class 'dict'>: <function escape_dict at 0x702d33462e50>, <class 'frozenset'>: <function escape_frozenset at 0x702d3341f8a0>}
      k = frozenset
      v = <function escape_frozenset at 0x702d3341f8a0>
      cursorclass = MySQLdb.cursors.Cursor
      charset = 'utf8mb4'
      collation = ''
      use_unicode = True
      sql_mode = ''
      client_flag = 131072
      multi_statements = False
      autocommit = False
      __class__ = MySQLdb.connections.Connection
MySQLdb.OperationalError: (1045, "Access denied for user '_2c0861da27548010'@'localhost' (using password: YES)")
set -o pipefail; /usr/bin/mariadb-dump --user=_0e0e8f4505c3c9e6 --host=127.0.0.1 --port=3306 --password=********** --single-transaction --quick --lock-tables=false _0e0e8f4505c3c9e6 | /usr/bin/gzip >> ./doctypesite/private/backups/20260803_113002-doctypesite-database.sql.gz

Backup Summary for doctypesite at 2026-08-03 11:30:03.768752
Config  : /home/sanjayh/frappe16-bench/sites/doctypesite/private/backups/20260803_113002-doctypesite-site_config_backup.json 246.0B
Database: /home/sanjayh/frappe16-bench/sites/doctypesite/private/backups/20260803_113002-doctypesite-database.sql.gz 365.6KiB
Backup for Site doctypesite has been successfully completed
File ./project/private/backups/20260801_113004-project-site_config_backup.json is older than 23 hours
File ./project/private/backups/20260801_173003-project-site_config_backup.json is older than 23 hours
File ./project/private/backups/20260801_173003-project-database.sql.gz is older than 23 hours
File ./project/private/backups/20260801_113004-project-database.sql.gz is older than 23 hours
set -o pipefail; /usr/bin/mariadb-dump --user=_cc001b8908fd52e2 --host=127.0.0.1 --port=3306 --password=********** --single-transaction --quick --lock-tables=false _cc001b8908fd52e2 | /usr/bin/gzip >> ./project/private/backups/20260803_113003-project-database.sql.gz

Backup Summary for project at 2026-08-03 11:30:04.902574
Config  : /home/sanjayh/frappe16-bench/sites/project/private/backups/20260803_113003-project-site_config_backup.json 187.0B
Database: /home/sanjayh/frappe16-bench/sites/project/private/backups/20260803_113003-project-database.sql.gz 294.2KiB
Backup for Site project has been successfully completed
Backup failed for Site project1. Database or site_config.json may be corrupted
Traceback with variables (most recent call last):
  File "apps/frappe/frappe/commands/site.py", line 881, in backup
    odb = scheduled_backup(
      context = CliCtxObj(force=False, profile=False, sites=['doctypesite', 'project', 'project1', 'site1.local', 'site2.local'], verbose=True)
      with_files = False
      backup_path = None
      backup_path_db = None
      backup_path_files = None
      backup_path_private_files = None
      backup_path_conf = None
      ignore_backup_conf = False
      verbose = True
      compress = False
      include = ''
      exclude = ''
      old_backup_metadata = False
      scheduled_backup = <function scheduled_backup at 0x794f48b2a560>
      exit_code = 0
      rollback_callback = None
      site = 'project1'
      odb = frappe.utils.backups.BackupGenerator(backup_excludes=[], backup_includes=[], backup_path=None, backup_path_conf='./project/private/backups/20260803_113003-project-site_config_backup.json', backup_path_db='./project/private/backups/20260803_113003-project-database.sql.gz', backup_path_files='./project/private/backups/20260803_113003-project-files.tar', backup_path_private_files='./project/private/backups/20260803_113003-project-private-files.tar', compress_files=False, db_host='127.0.0.1', db_name='_cc001b8908fd52e2', db_port=3306, db_socket=None, db_type='mariadb', exclude_doctypes='', ignore_conf=False, include_doctypes='', old_backup_metadata=False, partial=[], password='MkfhelKK7676ix1L', rollback_callback=frappe.utils.CallbackManager(-), site_slug='project', todays_date='20260803_113003', user='_cc001b8908fd52e2', verbose=True)
  File "apps/frappe/frappe/utils/backups.py", line 589, in scheduled_backup
    return new_backup(
      older_than = 6
      ignore_files = True
      backup_path = None
      backup_path_db = None
      backup_path_files = None
      backup_path_private_files = None
      backup_path_conf = None
      ignore_conf = False
      include_doctypes = ''
      exclude_doctypes = ''
      compress = False
      force = True
      verbose = True
      old_backup_metadata = False
      rollback_callback = frappe.utils.CallbackManager()
  File "apps/frappe/frappe/utils/backups.py", line 626, in new_backup
    odb = BackupGenerator(
      older_than = 6
      ignore_files = True
      backup_path = None
      backup_path_db = None
      backup_path_files = None
      backup_path_private_files = None
      backup_path_conf = None
      ignore_conf = False
      include_doctypes = ''
      exclude_doctypes = ''
      compress = False
      force = True
      verbose = True
      old_backup_metadata = False
      rollback_callback = frappe.utils.CallbackManager()
  File "apps/frappe/frappe/utils/backups.py", line 89, in __init__
    self.setup_backup_tables()
      self = frappe.utils.backups.BackupGenerator(backup_path=None, backup_path_conf=None, backup_path_db=None, backup_path_files=None, backup_path_private_files=None, compress_files=False, db_host='127.0.0.1', db_name='_2c0861da27548010', db_port=3306, db_socket=None, db_type='mariadb', exclude_doctypes='', ignore_conf=False, include_doctypes='', old_backup_metadata=False, partial=False, password='hDO55ejkgO4waVz0', rollback_callback=frappe.utils.CallbackManager(-), site_slug='project1', user='_2c0861da27548010', verbose=True)
      db_name = '_2c0861da27548010'
      user = '_2c0861da27548010'
      password = ********
      backup_path = None
      backup_path_db = None
      backup_path_files = None
      backup_path_private_files = None
      db_socket = None
      db_host = '127.0.0.1'
      db_port = 3306
      db_type = 'mariadb'
      backup_path_conf = None
      ignore_conf = False
      compress_files = False
      include_doctypes = ''
      exclude_doctypes = ''
      verbose = True
      old_backup_metadata = False
      rollback_callback = frappe.utils.CallbackManager()
      site = 'project1'
  File "apps/frappe/frappe/utils/backups.py", line 126, in setup_backup_tables
    self._set_existing_tables()
      self = frappe.utils.backups.BackupGenerator(backup_path=None, backup_path_conf=None, backup_path_db=None, backup_path_files=None, backup_path_private_files=None, compress_files=False, db_host='127.0.0.1', db_name='_2c0861da27548010', db_port=3306, db_socket=None, db_type='mariadb', exclude_doctypes='', ignore_conf=False, include_doctypes='', old_backup_metadata=False, partial=False, password='hDO55ejkgO4waVz0', rollback_callback=frappe.utils.CallbackManager(-), site_slug='project1', user='_2c0861da27548010', verbose=True)
  File "apps/frappe/frappe/utils/backups.py", line 122, in _set_existing_tables
    self._existing_tables = frappe.db.get_tables()
      self = frappe.utils.backups.BackupGenerator(backup_path=None, backup_path_conf=None, backup_path_db=None, backup_path_files=None, backup_path_private_files=None, compress_files=False, db_host='127.0.0.1', db_name='_2c0861da27548010', db_port=3306, db_socket=None, db_type='mariadb', exclude_doctypes='', ignore_conf=False, include_doctypes='', old_backup_metadata=False, partial=False, password='hDO55ejkgO4waVz0', rollback_callback=frappe.utils.CallbackManager(-), site_slug='project1', user='_2c0861da27548010', verbose=True)
  File "apps/frappe/frappe/database/mariadb/mysqlclient.py", line 522, in get_tables
    .run(pluck=True)
      self = frappe.database.mariadb.mysqlclient.MariaDBDatabase(after_commit=frappe.utils.CallbackManager(-), after_rollback=frappe.utils.CallbackManager(-), auto_commit_on_many_writes=0, before_commit=frappe.utils.CallbackManager(-), before_rollback=frappe.utils.CallbackManager(-), cur_db_name='_2c0861da27548010', db_type='mariadb', host='127.0.0.1', logger=<Logger database-project1 (WARNING)>, password='hDO55ejkgO4waVz0', port=3306, socket=None, transaction_writes=0, type_map={'Currency': ('decimal', '21,9'), 'Int': ('int', '11'), 'Long Int': ('bigint', '20'), 'Float': ('decimal', '21,9'), 'Percent': ('decimal', '21,9'), 'Check': ('tinyint', '4'), 'Small Text': ('text', ''), 'Long Text': ('longtext...'), 'Color': ('varchar', 140), 'Barcode': ('longtext', ''), 'Geolocation': ('longtext', ''), 'Duration': ('decimal', '21,9'), 'Icon': ('varchar', 140), 'Phone': ('varchar', 140), 'Autocomplete': ('varchar', 140), 'JSON': ('json', '')}, user='_2c0861da27548010', value_cache=collections.defaultdict{})
      cached = True
      to_query = True
      tables = None
      information_schema = pypika.queries.Schema()
  File "apps/frappe/frappe/query_builder/utils.py", line 131, in execute_query
    result = frappe.local.db.sql(query, params, *args, **kwargs)  # nosemgrep
      query = 'SELECT `table_name` FROM `information_schema`.`tables` WHERE `table_schema`=%(param1)s'
      args = ()
      kwargs = {'pluck': True}
      dt = None
      fields = []
      child_queries = "_child_queries"
      params = {'param1': '_2c0861da27548010'}
  File "apps/frappe/frappe/database/database.py", line 249, in sql
    self.connect()
      self = frappe.database.mariadb.mysqlclient.MariaDBDatabase(after_commit=frappe.utils.CallbackManager(-), after_rollback=frappe.utils.CallbackManager(-), auto_commit_on_many_writes=0, before_commit=frappe.utils.CallbackManager(-), before_rollback=frappe.utils.CallbackManager(-), cur_db_name='_2c0861da27548010', db_type='mariadb', host='127.0.0.1', logger=<Logger database-project1 (WARNING)>, password='hDO55ejkgO4waVz0', port=3306, socket=None, transaction_writes=0, type_map={'Currency': ('decimal', '21,9'), 'Int': ('int', '11'), 'Long Int': ('bigint', '20'), 'Float': ('decimal', '21,9'), 'Percent': ('decimal', '21,9'), 'Check': ('tinyint', '4'), 'Small Text': ('text', ''), 'Long Text': ('longtext...'), 'Color': ('varchar', 140), 'Barcode': ('longtext', ''), 'Geolocation': ('longtext', ''), 'Duration': ('decimal', '21,9'), 'Icon': ('varchar', 140), 'Phone': ('varchar', 140), 'Autocomplete': ('varchar', 140), 'JSON': ('json', '')}, user='_2c0861da27548010', value_cache=collections.defaultdict{})
      query = 'SELECT `table_name` FROM `information_schema`.`tables` WHERE `table_schema`=%(param1)s'
      values = {'param1': '_2c0861da27548010'}
      as_dict = 0
      as_list = 0
      debug = False
      ignore_ddl = 0
      auto_commit = 0
      update = None
      explain = False
      run = True
      pluck = True
      as_iterator = False
      query_type = 'select'
  File "apps/frappe/frappe/database/database.py", line 147, in connect
    self.get_connection()
      self = frappe.database.mariadb.mysqlclient.MariaDBDatabase(after_commit=frappe.utils.CallbackManager(-), after_rollback=frappe.utils.CallbackManager(-), auto_commit_on_many_writes=0, before_commit=frappe.utils.CallbackManager(-), before_rollback=frappe.utils.CallbackManager(-), cur_db_name='_2c0861da27548010', db_type='mariadb', host='127.0.0.1', logger=<Logger database-project1 (WARNING)>, password='hDO55ejkgO4waVz0', port=3306, socket=None, transaction_writes=0, type_map={'Currency': ('decimal', '21,9'), 'Int': ('int', '11'), 'Long Int': ('bigint', '20'), 'Float': ('decimal', '21,9'), 'Percent': ('decimal', '21,9'), 'Check': ('tinyint', '4'), 'Small Text': ('text', ''), 'Long Text': ('longtext...'), 'Color': ('varchar', 140), 'Barcode': ('longtext', ''), 'Geolocation': ('longtext', ''), 'Duration': ('decimal', '21,9'), 'Icon': ('varchar', 140), 'Phone': ('varchar', 140), 'Autocomplete': ('varchar', 140), 'JSON': ('json', '')}, user='_2c0861da27548010', value_cache=collections.defaultdict{})
  File "apps/frappe/frappe/database/mariadb/mysqlclient.py", line 113, in get_connection
    conn = self._get_connection()
      self = frappe.database.mariadb.mysqlclient.MariaDBDatabase(after_commit=frappe.utils.CallbackManager(-), after_rollback=frappe.utils.CallbackManager(-), auto_commit_on_many_writes=0, before_commit=frappe.utils.CallbackManager(-), before_rollback=frappe.utils.CallbackManager(-), cur_db_name='_2c0861da27548010', db_type='mariadb', host='127.0.0.1', logger=<Logger database-project1 (WARNING)>, password='hDO55ejkgO4waVz0', port=3306, socket=None, transaction_writes=0, type_map={'Currency': ('decimal', '21,9'), 'Int': ('int', '11'), 'Long Int': ('bigint', '20'), 'Float': ('decimal', '21,9'), 'Percent': ('decimal', '21,9'), 'Check': ('tinyint', '4'), 'Small Text': ('text', ''), 'Long Text': ('longtext...'), 'Color': ('varchar', 140), 'Barcode': ('longtext', ''), 'Geolocation': ('longtext', ''), 'Duration': ('decimal', '21,9'), 'Icon': ('varchar', 140), 'Phone': ('varchar', 140), 'Autocomplete': ('varchar', 140), 'JSON': ('json', '')}, user='_2c0861da27548010', value_cache=collections.defaultdict{})
  File "apps/frappe/frappe/database/mariadb/mysqlclient.py", line 118, in _get_connection
    return self.create_connection()
      self = frappe.database.mariadb.mysqlclient.MariaDBDatabase(after_commit=frappe.utils.CallbackManager(-), after_rollback=frappe.utils.CallbackManager(-), auto_commit_on_many_writes=0, before_commit=frappe.utils.CallbackManager(-), before_rollback=frappe.utils.CallbackManager(-), cur_db_name='_2c0861da27548010', db_type='mariadb', host='127.0.0.1', logger=<Logger database-project1 (WARNING)>, password='hDO55ejkgO4waVz0', port=3306, socket=None, transaction_writes=0, type_map={'Currency': ('decimal', '21,9'), 'Int': ('int', '11'), 'Long Int': ('bigint', '20'), 'Float': ('decimal', '21,9'), 'Percent': ('decimal', '21,9'), 'Check': ('tinyint', '4'), 'Small Text': ('text', ''), 'Long Text': ('longtext...'), 'Color': ('varchar', 140), 'Barcode': ('longtext', ''), 'Geolocation': ('longtext', ''), 'Duration': ('decimal', '21,9'), 'Icon': ('varchar', 140), 'Phone': ('varchar', 140), 'Autocomplete': ('varchar', 140), 'JSON': ('json', '')}, user='_2c0861da27548010', value_cache=collections.defaultdict{})
  File "apps/frappe/frappe/database/mariadb/mysqlclient.py", line 121, in create_connection
    return MySQLdb.connect(**self.get_connection_settings())
      self = frappe.database.mariadb.mysqlclient.MariaDBDatabase(after_commit=frappe.utils.CallbackManager(-), after_rollback=frappe.utils.CallbackManager(-), auto_commit_on_many_writes=0, before_commit=frappe.utils.CallbackManager(-), before_rollback=frappe.utils.CallbackManager(-), cur_db_name='_2c0861da27548010', db_type='mariadb', host='127.0.0.1', logger=<Logger database-project1 (WARNING)>, password='hDO55ejkgO4waVz0', port=3306, socket=None, transaction_writes=0, type_map={'Currency': ('decimal', '21,9'), 'Int': ('int', '11'), 'Long Int': ('bigint', '20'), 'Float': ('decimal', '21,9'), 'Percent': ('decimal', '21,9'), 'Check': ('tinyint', '4'), 'Small Text': ('text', ''), 'Long Text': ('longtext...'), 'Color': ('varchar', 140), 'Barcode': ('longtext', ''), 'Geolocation': ('longtext', ''), 'Duration': ('decimal', '21,9'), 'Icon': ('varchar', 140), 'Phone': ('varchar', 140), 'Autocomplete': ('varchar', 140), 'JSON': ('json', '')}, user='_2c0861da27548010', value_cache=collections.defaultdict{})
  File "env/lib/python3.14/site-packages/MySQLdb/__init__.py", line 121, in Connect
    return Connection(*args, **kwargs)
      args = ()
      kwargs = {'user': '_2c0861da27548010', 'conv': {<class 'int'>: <function Thing2Str at 0x794f47c6cbf0>, <class 'float'>: <function Float2Str at 0x794f47c6cca0>, <class 'NoneType'>: <function None2NULL at 0x794f47c6cd50>, <class 'array.array'>: <function array2Str at 0x794f47c6cf60>, <class 'bool'>: <function Bool2Str at 0x794f47c6c9e0>, <class 'datetime.date'>: <function Thing2Literal at 0x794f47c6ce00>, <class 'datetime.datetime'>: <function DateTime2literal at 0x794f47c6c510>, <class 'datetime.timedelta'>: <function escape_timedelta at 0x794f47c6eda0>, <class 'set'>: <function Set2Str at 0x794f47c6cb40>, <class 'decimal.Decimal'>: <function Decimal2Literal at 0x794f47c6ceb0>, 1: <class 'int'>, 2: <c...t'>: <function escape_dict at 0x794f47c6ee50>, <class 'frozenset'>: <function escape_frozenset at 0x794f47c2b8a0>}, 'charset': 'utf8mb4', 'use_unicode': True, 'local_infile': False, 'multi_statements': False, 'database': '_2c0861da27548010', 'host': '127.0.0.1', 'port': 3306, 'password': '********'}
      Connection = MySQLdb.connections.Connection
  File "env/lib/python3.14/site-packages/MySQLdb/connections.py", line 200, in __init__
    super().__init__(*args, **kwargs2)
      self = <_mysql.connection open to '(null)' at 0x24989930>
      args = ()
      kwargs = {'user': '_2c0861da27548010', 'conv': {<class 'int'>: <function Thing2Str at 0x794f47c6cbf0>, <class 'float'>: <function Float2Str at 0x794f47c6cca0>, <class 'NoneType'>: <function None2NULL at 0x794f47c6cd50>, <class 'array.array'>: <function array2Str at 0x794f47c6cf60>, <class 'bool'>: <function Bool2Str at 0x794f47c6c9e0>, <class 'datetime.date'>: <function Thing2Literal at 0x794f47c6ce00>, <class 'datetime.datetime'>: <function DateTime2literal at 0x794f47c6c510>, <class 'datetime.timedelta'>: <function escape_timedelta at 0x794f47c6eda0>, <class 'set'>: <function Set2Str at 0x794f47c6cb40>, <class 'decimal.Decimal'>: <function Decimal2Literal at 0x794f47c6ceb0>, 1: <class 'int'>, 2: <c...t'>: <function escape_dict at 0x794f47c6ee50>, <class 'frozenset'>: <function escape_frozenset at 0x794f47c2b8a0>}, 'charset': 'utf8mb4', 'use_unicode': True, 'local_infile': False, 'multi_statements': False, 'database': '_2c0861da27548010', 'host': '127.0.0.1', 'port': 3306, 'password': '********'}
      CLIENT = <module 'MySQLdb.constants.CLIENT' from 'env/lib/python3.14/site-packages/MySQLdb/constants/CLIENT.py'>
      FIELD_TYPE = <module 'MySQLdb.constants.FIELD_TYPE' from 'env/lib/python3.14/site-packages/MySQLdb/constants/FIELD_TYPE.py'>
      conversions = {<class 'int'>: <function Thing2Str at 0x794f47c6cbf0>, <class 'float'>: <function Float2Str at 0x794f47c6cca0>, <class 'NoneType'>: <function None2NULL at 0x794f47c6cd50>, <class 'array.array'>: <function array2Str at 0x794f47c6cf60>, <class 'bool'>: <function Bool2Str at 0x794f47c6c9e0>, <class 'datetime.date'>: <function Thing2Literal at 0x794f47c6ce00>, <class 'datetime.datetime'>: <function DateTime2literal at 0x794f47c6c510>, <class 'datetime.timedelta'>: <function DateTimeDelta2literal at 0x794f47c6c5c0>, <class 'set'>: <function Set2Str at 0x794f47c6cb40>, <class 'decimal.Decimal'>: <function Decimal2Literal at 0x794f47c6ceb0>, 1: <class 'int'>, 2: <class 'int'>, 3: <class 'int'>, 4:...r_None at 0x794f47c6c250>, 11: <function TimeDelta_or_None at 0x794f47c6c300>, 10: <function Date_or_None at 0x794f47c6c460>, 249: <class 'bytes'>, 250: <class 'bytes'>, 251: <class 'bytes'>, 252: <class 'bytes'>, 254: <class 'bytes'>, 253: <class 'bytes'>, 15: <class 'bytes'>, 245: <class 'bytes'>}
      _bytes_or_str = ((128, bytes), (None, str))
      kwargs2 = {'user': '_2c0861da27548010', 'conv': {<class 'int'>: <function Thing2Str at 0x794f47c6cbf0>, <class 'float'>: <function Float2Str at 0x794f47c6cca0>, <class 'NoneType'>: <function None2NULL at 0x794f47c6cd50>, <class 'array.array'>: <function array2Str at 0x794f47c6cf60>, <class 'bool'>: <function Bool2Str at 0x794f47c6c9e0>, <class 'datetime.date'>: <function Thing2Literal at 0x794f47c6ce00>, <class 'datetime.datetime'>: <function DateTime2literal at 0x794f47c6c510>, <class 'datetime.timedelta'>: <function escape_timedelta at 0x794f47c6eda0>, <class 'set'>: <function Set2Str at 0x794f47c6cb40>, <class 'decimal.Decimal'>: <function Decimal2Literal at 0x794f47c6ceb0>, 1: <class 'int'>, 2: <c...ass 'bytes'>, <class 'dict'>: <function escape_dict at 0x794f47c6ee50>, <class 'frozenset'>: <function escape_frozenset at 0x794f47c2b8a0>}, 'charset': 'utf8mb4', 'local_infile': False, 'database': '_2c0861da27548010', 'host': '127.0.0.1', 'port': 3306, 'password': '********', 'client_flag': 131072}
      conv = {<class 'int'>: <function Thing2Str at 0x794f47c6cbf0>, <class 'float'>: <function Float2Str at 0x794f47c6cca0>, <class 'NoneType'>: <function None2NULL at 0x794f47c6cd50>, <class 'array.array'>: <function array2Str at 0x794f47c6cf60>, <class 'bool'>: <function Bool2Str at 0x794f47c6c9e0>, <class 'datetime.date'>: <function Thing2Literal at 0x794f47c6ce00>, <class 'datetime.datetime'>: <function DateTime2literal at 0x794f47c6c510>, <class 'datetime.timedelta'>: <function escape_timedelta at 0x794f47c6eda0>, <class 'set'>: <function Set2Str at 0x794f47c6cb40>, <class 'decimal.Decimal'>: <function Decimal2Literal at 0x794f47c6ceb0>, 1: <class 'int'>, 2: <class 'int'>, 3: <class 'int'>, 4: <cla...249: <class 'bytes'>, 250: <class 'bytes'>, 251: <class 'bytes'>, 252: <class 'bytes'>, 254: <class 'bytes'>, 253: <class 'bytes'>, 15: <class 'bytes'>, 245: <class 'bytes'>, <class 'dict'>: <function escape_dict at 0x794f47c6ee50>, <class 'frozenset'>: <function escape_frozenset at 0x794f47c2b8a0>}
      conv2 = {<class 'int'>: <function Thing2Str at 0x794f47c6cbf0>, <class 'float'>: <function Float2Str at 0x794f47c6cca0>, <class 'NoneType'>: <function None2NULL at 0x794f47c6cd50>, <class 'array.array'>: <function array2Str at 0x794f47c6cf60>, <class 'bool'>: <function Bool2Str at 0x794f47c6c9e0>, <class 'datetime.date'>: <function Thing2Literal at 0x794f47c6ce00>, <class 'datetime.datetime'>: <function DateTime2literal at 0x794f47c6c510>, <class 'datetime.timedelta'>: <function escape_timedelta at 0x794f47c6eda0>, <class 'set'>: <function Set2Str at 0x794f47c6cb40>, <class 'decimal.Decimal'>: <function Decimal2Literal at 0x794f47c6ceb0>, 1: <class 'int'>, 2: <class 'int'>, 3: <class 'int'>, 4: <cla...249: <class 'bytes'>, 250: <class 'bytes'>, 251: <class 'bytes'>, 252: <class 'bytes'>, 254: <class 'bytes'>, 253: <class 'bytes'>, 15: <class 'bytes'>, 245: <class 'bytes'>, <class 'dict'>: <function escape_dict at 0x794f47c6ee50>, <class 'frozenset'>: <function escape_frozenset at 0x794f47c2b8a0>}
      k = frozenset
      v = <function escape_frozenset at 0x794f47c2b8a0>
      cursorclass = MySQLdb.cursors.Cursor
      charset = 'utf8mb4'
      collation = ''
      use_unicode = True
      sql_mode = ''
      client_flag = 131072
      multi_statements = False
      autocommit = False
      __class__ = MySQLdb.connections.Connection
MySQLdb.OperationalError: (1045, "Access denied for user '_2c0861da27548010'@'localhost' (using password: YES)")
Backup failed for Site site1.local. Database or site_config.json may be corrupted
Traceback with variables (most recent call last):
  File "apps/frappe/frappe/commands/site.py", line 881, in backup
    odb = scheduled_backup(
      context = CliCtxObj(force=False, profile=False, sites=['doctypesite', 'project', 'project1', 'site1.local', 'site2.local'], verbose=True)
      with_files = False
      backup_path = None
      backup_path_db = None
      backup_path_files = None
      backup_path_private_files = None
      backup_path_conf = None
      ignore_backup_conf = False
      verbose = True
      compress = False
      include = ''
      exclude = ''
      old_backup_metadata = False
      scheduled_backup = <function scheduled_backup at 0x794f48b2a560>
      exit_code = 1
      rollback_callback = None
      site = 'site1.local'
      odb = frappe.utils.backups.BackupGenerator(backup_excludes=[], backup_includes=[], backup_path=None, backup_path_conf='./project/private/backups/20260803_113003-project-site_config_backup.json', backup_path_db='./project/private/backups/20260803_113003-project-database.sql.gz', backup_path_files='./project/private/backups/20260803_113003-project-files.tar', backup_path_private_files='./project/private/backups/20260803_113003-project-private-files.tar', compress_files=False, db_host='127.0.0.1', db_name='_cc001b8908fd52e2', db_port=3306, db_socket=None, db_type='mariadb', exclude_doctypes='', ignore_conf=False, include_doctypes='', old_backup_metadata=False, partial=[], password='MkfhelKK7676ix1L', rollback_callback=frappe.utils.CallbackManager(-), site_slug='project', todays_date='20260803_113003', user='_cc001b8908fd52e2', verbose=True)
  File "apps/frappe/frappe/utils/backups.py", line 589, in scheduled_backup
    return new_backup(
      older_than = 6
      ignore_files = True
      backup_path = None
      backup_path_db = None
      backup_path_files = None
      backup_path_private_files = None
      backup_path_conf = None
      ignore_conf = False
      include_doctypes = ''
      exclude_doctypes = ''
      compress = False
      force = True
      verbose = True
      old_backup_metadata = False
      rollback_callback = frappe.utils.CallbackManager()
  File "apps/frappe/frappe/utils/backups.py", line 626, in new_backup
    odb = BackupGenerator(
      older_than = 6
      ignore_files = True
      backup_path = None
      backup_path_db = None
      backup_path_files = None
      backup_path_private_files = None
      backup_path_conf = None
      ignore_conf = False
      include_doctypes = ''
      exclude_doctypes = ''
      compress = False
      force = True
      verbose = True
      old_backup_metadata = False
      rollback_callback = frappe.utils.CallbackManager()
  File "apps/frappe/frappe/utils/backups.py", line 89, in __init__
    self.setup_backup_tables()
      self = frappe.utils.backups.BackupGenerator(backup_path=None, backup_path_conf=None, backup_path_db=None, backup_path_files=None, backup_path_private_files=None, compress_files=False, db_host='127.0.0.1', db_name='_2c0861da27548010', db_port=3306, db_socket=None, db_type='mariadb', exclude_doctypes='', ignore_conf=False, include_doctypes='', old_backup_metadata=False, partial=False, password='hDO55ejkgO4waVz0', rollback_callback=frappe.utils.CallbackManager(-), site_slug='project1', user='_2c0861da27548010', verbose=True)
      db_name = '_2c0861da27548010'
      user = '_2c0861da27548010'
      password = ********
      backup_path = None
      backup_path_db = None
      backup_path_files = None
      backup_path_private_files = None
      db_socket = None
      db_host = '127.0.0.1'
      db_port = 3306
      db_type = 'mariadb'
      backup_path_conf = None
      ignore_conf = False
      compress_files = False
      include_doctypes = ''
      exclude_doctypes = ''
      verbose = True
      old_backup_metadata = False
      rollback_callback = frappe.utils.CallbackManager()
      site = 'project1'
  File "apps/frappe/frappe/utils/backups.py", line 126, in setup_backup_tables
    self._set_existing_tables()
      self = frappe.utils.backups.BackupGenerator(backup_path=None, backup_path_conf=None, backup_path_db=None, backup_path_files=None, backup_path_private_files=None, compress_files=False, db_host='127.0.0.1', db_name='_2c0861da27548010', db_port=3306, db_socket=None, db_type='mariadb', exclude_doctypes='', ignore_conf=False, include_doctypes='', old_backup_metadata=False, partial=False, password='hDO55ejkgO4waVz0', rollback_callback=frappe.utils.CallbackManager(-), site_slug='project1', user='_2c0861da27548010', verbose=True)
  File "apps/frappe/frappe/utils/backups.py", line 122, in _set_existing_tables
    self._existing_tables = frappe.db.get_tables()
      self = frappe.utils.backups.BackupGenerator(backup_path=None, backup_path_conf=None, backup_path_db=None, backup_path_files=None, backup_path_private_files=None, compress_files=False, db_host='127.0.0.1', db_name='_2c0861da27548010', db_port=3306, db_socket=None, db_type='mariadb', exclude_doctypes='', ignore_conf=False, include_doctypes='', old_backup_metadata=False, partial=False, password='hDO55ejkgO4waVz0', rollback_callback=frappe.utils.CallbackManager(-), site_slug='project1', user='_2c0861da27548010', verbose=True)
  File "apps/frappe/frappe/database/mariadb/mysqlclient.py", line 522, in get_tables
    .run(pluck=True)
      self = frappe.database.mariadb.mysqlclient.MariaDBDatabase(after_commit=frappe.utils.CallbackManager(-), after_rollback=frappe.utils.CallbackManager(-), auto_commit_on_many_writes=0, before_commit=frappe.utils.CallbackManager(-), before_rollback=frappe.utils.CallbackManager(-), cur_db_name='_2c0861da27548010', db_type='mariadb', host='127.0.0.1', logger=<Logger database-project1 (WARNING)>, password='hDO55ejkgO4waVz0', port=3306, socket=None, transaction_writes=0, type_map={'Currency': ('decimal', '21,9'), 'Int': ('int', '11'), 'Long Int': ('bigint', '20'), 'Float': ('decimal', '21,9'), 'Percent': ('decimal', '21,9'), 'Check': ('tinyint', '4'), 'Small Text': ('text', ''), 'Long Text': ('longtext...'), 'Color': ('varchar', 140), 'Barcode': ('longtext', ''), 'Geolocation': ('longtext', ''), 'Duration': ('decimal', '21,9'), 'Icon': ('varchar', 140), 'Phone': ('varchar', 140), 'Autocomplete': ('varchar', 140), 'JSON': ('json', '')}, user='_2c0861da27548010', value_cache=collections.defaultdict{})
      cached = True
      to_query = True
      tables = None
      information_schema = pypika.queries.Schema()
  File "apps/frappe/frappe/query_builder/utils.py", line 131, in execute_query
    result = frappe.local.db.sql(query, params, *args, **kwargs)  # nosemgrep
      query = 'SELECT `table_name` FROM `information_schema`.`tables` WHERE `table_schema`=%(param1)s'
      args = ()
      kwargs = {'pluck': True}
      dt = None
      fields = []
      child_queries = "_child_queries"
      params = {'param1': '_2c0861da27548010'}
  File "apps/frappe/frappe/database/database.py", line 249, in sql
    self.connect()
      self = frappe.database.mariadb.mysqlclient.MariaDBDatabase(after_commit=frappe.utils.CallbackManager(-), after_rollback=frappe.utils.CallbackManager(-), auto_commit_on_many_writes=0, before_commit=frappe.utils.CallbackManager(-), before_rollback=frappe.utils.CallbackManager(-), cur_db_name='_2c0861da27548010', db_type='mariadb', host='127.0.0.1', logger=<Logger database-project1 (WARNING)>, password='hDO55ejkgO4waVz0', port=3306, socket=None, transaction_writes=0, type_map={'Currency': ('decimal', '21,9'), 'Int': ('int', '11'), 'Long Int': ('bigint', '20'), 'Float': ('decimal', '21,9'), 'Percent': ('decimal', '21,9'), 'Check': ('tinyint', '4'), 'Small Text': ('text', ''), 'Long Text': ('longtext...'), 'Color': ('varchar', 140), 'Barcode': ('longtext', ''), 'Geolocation': ('longtext', ''), 'Duration': ('decimal', '21,9'), 'Icon': ('varchar', 140), 'Phone': ('varchar', 140), 'Autocomplete': ('varchar', 140), 'JSON': ('json', '')}, user='_2c0861da27548010', value_cache=collections.defaultdict{})
      query = 'SELECT `table_name` FROM `information_schema`.`tables` WHERE `table_schema`=%(param1)s'
      values = {'param1': '_2c0861da27548010'}
      as_dict = 0
      as_list = 0
      debug = False
      ignore_ddl = 0
      auto_commit = 0
      update = None
      explain = False
      run = True
      pluck = True
      as_iterator = False
      query_type = 'select'
  File "apps/frappe/frappe/database/database.py", line 147, in connect
    self.get_connection()
      self = frappe.database.mariadb.mysqlclient.MariaDBDatabase(after_commit=frappe.utils.CallbackManager(-), after_rollback=frappe.utils.CallbackManager(-), auto_commit_on_many_writes=0, before_commit=frappe.utils.CallbackManager(-), before_rollback=frappe.utils.CallbackManager(-), cur_db_name='_2c0861da27548010', db_type='mariadb', host='127.0.0.1', logger=<Logger database-project1 (WARNING)>, password='hDO55ejkgO4waVz0', port=3306, socket=None, transaction_writes=0, type_map={'Currency': ('decimal', '21,9'), 'Int': ('int', '11'), 'Long Int': ('bigint', '20'), 'Float': ('decimal', '21,9'), 'Percent': ('decimal', '21,9'), 'Check': ('tinyint', '4'), 'Small Text': ('text', ''), 'Long Text': ('longtext...'), 'Color': ('varchar', 140), 'Barcode': ('longtext', ''), 'Geolocation': ('longtext', ''), 'Duration': ('decimal', '21,9'), 'Icon': ('varchar', 140), 'Phone': ('varchar', 140), 'Autocomplete': ('varchar', 140), 'JSON': ('json', '')}, user='_2c0861da27548010', value_cache=collections.defaultdict{})
  File "apps/frappe/frappe/database/mariadb/mysqlclient.py", line 113, in get_connection
    conn = self._get_connection()
      self = frappe.database.mariadb.mysqlclient.MariaDBDatabase(after_commit=frappe.utils.CallbackManager(-), after_rollback=frappe.utils.CallbackManager(-), auto_commit_on_many_writes=0, before_commit=frappe.utils.CallbackManager(-), before_rollback=frappe.utils.CallbackManager(-), cur_db_name='_2c0861da27548010', db_type='mariadb', host='127.0.0.1', logger=<Logger database-project1 (WARNING)>, password='hDO55ejkgO4waVz0', port=3306, socket=None, transaction_writes=0, type_map={'Currency': ('decimal', '21,9'), 'Int': ('int', '11'), 'Long Int': ('bigint', '20'), 'Float': ('decimal', '21,9'), 'Percent': ('decimal', '21,9'), 'Check': ('tinyint', '4'), 'Small Text': ('text', ''), 'Long Text': ('longtext...'), 'Color': ('varchar', 140), 'Barcode': ('longtext', ''), 'Geolocation': ('longtext', ''), 'Duration': ('decimal', '21,9'), 'Icon': ('varchar', 140), 'Phone': ('varchar', 140), 'Autocomplete': ('varchar', 140), 'JSON': ('json', '')}, user='_2c0861da27548010', value_cache=collections.defaultdict{})
  File "apps/frappe/frappe/database/mariadb/mysqlclient.py", line 118, in _get_connection
    return self.create_connection()
      self = frappe.database.mariadb.mysqlclient.MariaDBDatabase(after_commit=frappe.utils.CallbackManager(-), after_rollback=frappe.utils.CallbackManager(-), auto_commit_on_many_writes=0, before_commit=frappe.utils.CallbackManager(-), before_rollback=frappe.utils.CallbackManager(-), cur_db_name='_2c0861da27548010', db_type='mariadb', host='127.0.0.1', logger=<Logger database-project1 (WARNING)>, password='hDO55ejkgO4waVz0', port=3306, socket=None, transaction_writes=0, type_map={'Currency': ('decimal', '21,9'), 'Int': ('int', '11'), 'Long Int': ('bigint', '20'), 'Float': ('decimal', '21,9'), 'Percent': ('decimal', '21,9'), 'Check': ('tinyint', '4'), 'Small Text': ('text', ''), 'Long Text': ('longtext...'), 'Color': ('varchar', 140), 'Barcode': ('longtext', ''), 'Geolocation': ('longtext', ''), 'Duration': ('decimal', '21,9'), 'Icon': ('varchar', 140), 'Phone': ('varchar', 140), 'Autocomplete': ('varchar', 140), 'JSON': ('json', '')}, user='_2c0861da27548010', value_cache=collections.defaultdict{})
  File "apps/frappe/frappe/database/mariadb/mysqlclient.py", line 121, in create_connection
    return MySQLdb.connect(**self.get_connection_settings())
      self = frappe.database.mariadb.mysqlclient.MariaDBDatabase(after_commit=frappe.utils.CallbackManager(-), after_rollback=frappe.utils.CallbackManager(-), auto_commit_on_many_writes=0, before_commit=frappe.utils.CallbackManager(-), before_rollback=frappe.utils.CallbackManager(-), cur_db_name='_2c0861da27548010', db_type='mariadb', host='127.0.0.1', logger=<Logger database-project1 (WARNING)>, password='hDO55ejkgO4waVz0', port=3306, socket=None, transaction_writes=0, type_map={'Currency': ('decimal', '21,9'), 'Int': ('int', '11'), 'Long Int': ('bigint', '20'), 'Float': ('decimal', '21,9'), 'Percent': ('decimal', '21,9'), 'Check': ('tinyint', '4'), 'Small Text': ('text', ''), 'Long Text': ('longtext...'), 'Color': ('varchar', 140), 'Barcode': ('longtext', ''), 'Geolocation': ('longtext', ''), 'Duration': ('decimal', '21,9'), 'Icon': ('varchar', 140), 'Phone': ('varchar', 140), 'Autocomplete': ('varchar', 140), 'JSON': ('json', '')}, user='_2c0861da27548010', value_cache=collections.defaultdict{})
  File "env/lib/python3.14/site-packages/MySQLdb/__init__.py", line 121, in Connect
    return Connection(*args, **kwargs)
      args = ()
      kwargs = {'user': '_2c0861da27548010', 'conv': {<class 'int'>: <function Thing2Str at 0x794f47c6cbf0>, <class 'float'>: <function Float2Str at 0x794f47c6cca0>, <class 'NoneType'>: <function None2NULL at 0x794f47c6cd50>, <class 'array.array'>: <function array2Str at 0x794f47c6cf60>, <class 'bool'>: <function Bool2Str at 0x794f47c6c9e0>, <class 'datetime.date'>: <function Thing2Literal at 0x794f47c6ce00>, <class 'datetime.datetime'>: <function DateTime2literal at 0x794f47c6c510>, <class 'datetime.timedelta'>: <function escape_timedelta at 0x794f47c6eda0>, <class 'set'>: <function Set2Str at 0x794f47c6cb40>, <class 'decimal.Decimal'>: <function Decimal2Literal at 0x794f47c6ceb0>, 1: <class 'int'>, 2: <c...t'>: <function escape_dict at 0x794f47c6ee50>, <class 'frozenset'>: <function escape_frozenset at 0x794f47c2b8a0>}, 'charset': 'utf8mb4', 'use_unicode': True, 'local_infile': False, 'multi_statements': False, 'database': '_2c0861da27548010', 'host': '127.0.0.1', 'port': 3306, 'password': '********'}
      Connection = MySQLdb.connections.Connection
  File "env/lib/python3.14/site-packages/MySQLdb/connections.py", line 200, in __init__
    super().__init__(*args, **kwargs2)
      self = <_mysql.connection open to '(null)' at 0x2499cbd0>
      args = ()
      kwargs = {'user': '_2c0861da27548010', 'conv': {<class 'int'>: <function Thing2Str at 0x794f47c6cbf0>, <class 'float'>: <function Float2Str at 0x794f47c6cca0>, <class 'NoneType'>: <function None2NULL at 0x794f47c6cd50>, <class 'array.array'>: <function array2Str at 0x794f47c6cf60>, <class 'bool'>: <function Bool2Str at 0x794f47c6c9e0>, <class 'datetime.date'>: <function Thing2Literal at 0x794f47c6ce00>, <class 'datetime.datetime'>: <function DateTime2literal at 0x794f47c6c510>, <class 'datetime.timedelta'>: <function escape_timedelta at 0x794f47c6eda0>, <class 'set'>: <function Set2Str at 0x794f47c6cb40>, <class 'decimal.Decimal'>: <function Decimal2Literal at 0x794f47c6ceb0>, 1: <class 'int'>, 2: <c...t'>: <function escape_dict at 0x794f47c6ee50>, <class 'frozenset'>: <function escape_frozenset at 0x794f47c2b8a0>}, 'charset': 'utf8mb4', 'use_unicode': True, 'local_infile': False, 'multi_statements': False, 'database': '_2c0861da27548010', 'host': '127.0.0.1', 'port': 3306, 'password': '********'}
      CLIENT = <module 'MySQLdb.constants.CLIENT' from 'env/lib/python3.14/site-packages/MySQLdb/constants/CLIENT.py'>
      FIELD_TYPE = <module 'MySQLdb.constants.FIELD_TYPE' from 'env/lib/python3.14/site-packages/MySQLdb/constants/FIELD_TYPE.py'>
      conversions = {<class 'int'>: <function Thing2Str at 0x794f47c6cbf0>, <class 'float'>: <function Float2Str at 0x794f47c6cca0>, <class 'NoneType'>: <function None2NULL at 0x794f47c6cd50>, <class 'array.array'>: <function array2Str at 0x794f47c6cf60>, <class 'bool'>: <function Bool2Str at 0x794f47c6c9e0>, <class 'datetime.date'>: <function Thing2Literal at 0x794f47c6ce00>, <class 'datetime.datetime'>: <function DateTime2literal at 0x794f47c6c510>, <class 'datetime.timedelta'>: <function DateTimeDelta2literal at 0x794f47c6c5c0>, <class 'set'>: <function Set2Str at 0x794f47c6cb40>, <class 'decimal.Decimal'>: <function Decimal2Literal at 0x794f47c6ceb0>, 1: <class 'int'>, 2: <class 'int'>, 3: <class 'int'>, 4:...r_None at 0x794f47c6c250>, 11: <function TimeDelta_or_None at 0x794f47c6c300>, 10: <function Date_or_None at 0x794f47c6c460>, 249: <class 'bytes'>, 250: <class 'bytes'>, 251: <class 'bytes'>, 252: <class 'bytes'>, 254: <class 'bytes'>, 253: <class 'bytes'>, 15: <class 'bytes'>, 245: <class 'bytes'>}
      _bytes_or_str = ((128, bytes), (None, str))
      kwargs2 = {'user': '_2c0861da27548010', 'conv': {<class 'int'>: <function Thing2Str at 0x794f47c6cbf0>, <class 'float'>: <function Float2Str at 0x794f47c6cca0>, <class 'NoneType'>: <function None2NULL at 0x794f47c6cd50>, <class 'array.array'>: <function array2Str at 0x794f47c6cf60>, <class 'bool'>: <function Bool2Str at 0x794f47c6c9e0>, <class 'datetime.date'>: <function Thing2Literal at 0x794f47c6ce00>, <class 'datetime.datetime'>: <function DateTime2literal at 0x794f47c6c510>, <class 'datetime.timedelta'>: <function escape_timedelta at 0x794f47c6eda0>, <class 'set'>: <function Set2Str at 0x794f47c6cb40>, <class 'decimal.Decimal'>: <function Decimal2Literal at 0x794f47c6ceb0>, 1: <class 'int'>, 2: <c...ass 'bytes'>, <class 'dict'>: <function escape_dict at 0x794f47c6ee50>, <class 'frozenset'>: <function escape_frozenset at 0x794f47c2b8a0>}, 'charset': 'utf8mb4', 'local_infile': False, 'database': '_2c0861da27548010', 'host': '127.0.0.1', 'port': 3306, 'password': '********', 'client_flag': 131072}
      conv = {<class 'int'>: <function Thing2Str at 0x794f47c6cbf0>, <class 'float'>: <function Float2Str at 0x794f47c6cca0>, <class 'NoneType'>: <function None2NULL at 0x794f47c6cd50>, <class 'array.array'>: <function array2Str at 0x794f47c6cf60>, <class 'bool'>: <function Bool2Str at 0x794f47c6c9e0>, <class 'datetime.date'>: <function Thing2Literal at 0x794f47c6ce00>, <class 'datetime.datetime'>: <function DateTime2literal at 0x794f47c6c510>, <class 'datetime.timedelta'>: <function escape_timedelta at 0x794f47c6eda0>, <class 'set'>: <function Set2Str at 0x794f47c6cb40>, <class 'decimal.Decimal'>: <function Decimal2Literal at 0x794f47c6ceb0>, 1: <class 'int'>, 2: <class 'int'>, 3: <class 'int'>, 4: <cla...249: <class 'bytes'>, 250: <class 'bytes'>, 251: <class 'bytes'>, 252: <class 'bytes'>, 254: <class 'bytes'>, 253: <class 'bytes'>, 15: <class 'bytes'>, 245: <class 'bytes'>, <class 'dict'>: <function escape_dict at 0x794f47c6ee50>, <class 'frozenset'>: <function escape_frozenset at 0x794f47c2b8a0>}
      conv2 = {<class 'int'>: <function Thing2Str at 0x794f47c6cbf0>, <class 'float'>: <function Float2Str at 0x794f47c6cca0>, <class 'NoneType'>: <function None2NULL at 0x794f47c6cd50>, <class 'array.array'>: <function array2Str at 0x794f47c6cf60>, <class 'bool'>: <function Bool2Str at 0x794f47c6c9e0>, <class 'datetime.date'>: <function Thing2Literal at 0x794f47c6ce00>, <class 'datetime.datetime'>: <function DateTime2literal at 0x794f47c6c510>, <class 'datetime.timedelta'>: <function escape_timedelta at 0x794f47c6eda0>, <class 'set'>: <function Set2Str at 0x794f47c6cb40>, <class 'decimal.Decimal'>: <function Decimal2Literal at 0x794f47c6ceb0>, 1: <class 'int'>, 2: <class 'int'>, 3: <class 'int'>, 4: <cla...249: <class 'bytes'>, 250: <class 'bytes'>, 251: <class 'bytes'>, 252: <class 'bytes'>, 254: <class 'bytes'>, 253: <class 'bytes'>, 15: <class 'bytes'>, 245: <class 'bytes'>, <class 'dict'>: <function escape_dict at 0x794f47c6ee50>, <class 'frozenset'>: <function escape_frozenset at 0x794f47c2b8a0>}
      k = frozenset
      v = <function escape_frozenset at 0x794f47c2b8a0>
      cursorclass = MySQLdb.cursors.Cursor
      charset = 'utf8mb4'
      collation = ''
      use_unicode = True
      sql_mode = ''
      client_flag = 131072
      multi_statements = False
      autocommit = False
      __class__ = MySQLdb.connections.Connection
MySQLdb.OperationalError: (1045, "Access denied for user '_2c0861da27548010'@'localhost' (using password: YES)")
Backup failed for Site site2.local. Database or site_config.json may be corrupted
Traceback with variables (most recent call last):
  File "apps/frappe/frappe/commands/site.py", line 881, in backup
    odb = scheduled_backup(
      context = CliCtxObj(force=False, profile=False, sites=['doctypesite', 'project', 'project1', 'site1.local', 'site2.local'], verbose=True)
      with_files = False
      backup_path = None
      backup_path_db = None
      backup_path_files = None
      backup_path_private_files = None
      backup_path_conf = None
      ignore_backup_conf = False
      verbose = True
      compress = False
      include = ''
      exclude = ''
      old_backup_metadata = False
      scheduled_backup = <function scheduled_backup at 0x794f48b2a560>
      exit_code = 1
      rollback_callback = None
      site = 'site2.local'
      odb = frappe.utils.backups.BackupGenerator(backup_excludes=[], backup_includes=[], backup_path=None, backup_path_conf='./project/private/backups/20260803_113003-project-site_config_backup.json', backup_path_db='./project/private/backups/20260803_113003-project-database.sql.gz', backup_path_files='./project/private/backups/20260803_113003-project-files.tar', backup_path_private_files='./project/private/backups/20260803_113003-project-private-files.tar', compress_files=False, db_host='127.0.0.1', db_name='_cc001b8908fd52e2', db_port=3306, db_socket=None, db_type='mariadb', exclude_doctypes='', ignore_conf=False, include_doctypes='', old_backup_metadata=False, partial=[], password='MkfhelKK7676ix1L', rollback_callback=frappe.utils.CallbackManager(-), site_slug='project', todays_date='20260803_113003', user='_cc001b8908fd52e2', verbose=True)
  File "apps/frappe/frappe/utils/backups.py", line 589, in scheduled_backup
    return new_backup(
      older_than = 6
      ignore_files = True
      backup_path = None
      backup_path_db = None
      backup_path_files = None
      backup_path_private_files = None
      backup_path_conf = None
      ignore_conf = False
      include_doctypes = ''
      exclude_doctypes = ''
      compress = False
      force = True
      verbose = True
      old_backup_metadata = False
      rollback_callback = frappe.utils.CallbackManager()
  File "apps/frappe/frappe/utils/backups.py", line 626, in new_backup
    odb = BackupGenerator(
      older_than = 6
      ignore_files = True
      backup_path = None
      backup_path_db = None
      backup_path_files = None
      backup_path_private_files = None
      backup_path_conf = None
      ignore_conf = False
      include_doctypes = ''
      exclude_doctypes = ''
      compress = False
      force = True
      verbose = True
      old_backup_metadata = False
      rollback_callback = frappe.utils.CallbackManager()
  File "apps/frappe/frappe/utils/backups.py", line 89, in __init__
    self.setup_backup_tables()
      self = frappe.utils.backups.BackupGenerator(backup_path=None, backup_path_conf=None, backup_path_db=None, backup_path_files=None, backup_path_private_files=None, compress_files=False, db_host='127.0.0.1', db_name='_2c0861da27548010', db_port=3306, db_socket=None, db_type='mariadb', exclude_doctypes='', ignore_conf=False, include_doctypes='', old_backup_metadata=False, partial=False, password='hDO55ejkgO4waVz0', rollback_callback=frappe.utils.CallbackManager(-), site_slug='project1', user='_2c0861da27548010', verbose=True)
      db_name = '_2c0861da27548010'
      user = '_2c0861da27548010'
      password = ********
      backup_path = None
      backup_path_db = None
      backup_path_files = None
      backup_path_private_files = None
      db_socket = None
      db_host = '127.0.0.1'
      db_port = 3306
      db_type = 'mariadb'
      backup_path_conf = None
      ignore_conf = False
      compress_files = False
      include_doctypes = ''
      exclude_doctypes = ''
      verbose = True
      old_backup_metadata = False
      rollback_callback = frappe.utils.CallbackManager()
      site = 'project1'
  File "apps/frappe/frappe/utils/backups.py", line 126, in setup_backup_tables
    self._set_existing_tables()
      self = frappe.utils.backups.BackupGenerator(backup_path=None, backup_path_conf=None, backup_path_db=None, backup_path_files=None, backup_path_private_files=None, compress_files=False, db_host='127.0.0.1', db_name='_2c0861da27548010', db_port=3306, db_socket=None, db_type='mariadb', exclude_doctypes='', ignore_conf=False, include_doctypes='', old_backup_metadata=False, partial=False, password='hDO55ejkgO4waVz0', rollback_callback=frappe.utils.CallbackManager(-), site_slug='project1', user='_2c0861da27548010', verbose=True)
  File "apps/frappe/frappe/utils/backups.py", line 122, in _set_existing_tables
    self._existing_tables = frappe.db.get_tables()
      self = frappe.utils.backups.BackupGenerator(backup_path=None, backup_path_conf=None, backup_path_db=None, backup_path_files=None, backup_path_private_files=None, compress_files=False, db_host='127.0.0.1', db_name='_2c0861da27548010', db_port=3306, db_socket=None, db_type='mariadb', exclude_doctypes='', ignore_conf=False, include_doctypes='', old_backup_metadata=False, partial=False, password='hDO55ejkgO4waVz0', rollback_callback=frappe.utils.CallbackManager(-), site_slug='project1', user='_2c0861da27548010', verbose=True)
  File "apps/frappe/frappe/database/mariadb/mysqlclient.py", line 522, in get_tables
    .run(pluck=True)
      self = frappe.database.mariadb.mysqlclient.MariaDBDatabase(after_commit=frappe.utils.CallbackManager(-), after_rollback=frappe.utils.CallbackManager(-), auto_commit_on_many_writes=0, before_commit=frappe.utils.CallbackManager(-), before_rollback=frappe.utils.CallbackManager(-), cur_db_name='_2c0861da27548010', db_type='mariadb', host='127.0.0.1', logger=<Logger database-project1 (WARNING)>, password='hDO55ejkgO4waVz0', port=3306, socket=None, transaction_writes=0, type_map={'Currency': ('decimal', '21,9'), 'Int': ('int', '11'), 'Long Int': ('bigint', '20'), 'Float': ('decimal', '21,9'), 'Percent': ('decimal', '21,9'), 'Check': ('tinyint', '4'), 'Small Text': ('text', ''), 'Long Text': ('longtext...'), 'Color': ('varchar', 140), 'Barcode': ('longtext', ''), 'Geolocation': ('longtext', ''), 'Duration': ('decimal', '21,9'), 'Icon': ('varchar', 140), 'Phone': ('varchar', 140), 'Autocomplete': ('varchar', 140), 'JSON': ('json', '')}, user='_2c0861da27548010', value_cache=collections.defaultdict{})
      cached = True
      to_query = True
      tables = None
      information_schema = pypika.queries.Schema()
  File "apps/frappe/frappe/query_builder/utils.py", line 131, in execute_query
    result = frappe.local.db.sql(query, params, *args, **kwargs)  # nosemgrep
      query = 'SELECT `table_name` FROM `information_schema`.`tables` WHERE `table_schema`=%(param1)s'
      args = ()
      kwargs = {'pluck': True}
      dt = None
      fields = []
      child_queries = "_child_queries"
      params = {'param1': '_2c0861da27548010'}
  File "apps/frappe/frappe/database/database.py", line 249, in sql
    self.connect()
      self = frappe.database.mariadb.mysqlclient.MariaDBDatabase(after_commit=frappe.utils.CallbackManager(-), after_rollback=frappe.utils.CallbackManager(-), auto_commit_on_many_writes=0, before_commit=frappe.utils.CallbackManager(-), before_rollback=frappe.utils.CallbackManager(-), cur_db_name='_2c0861da27548010', db_type='mariadb', host='127.0.0.1', logger=<Logger database-project1 (WARNING)>, password='hDO55ejkgO4waVz0', port=3306, socket=None, transaction_writes=0, type_map={'Currency': ('decimal', '21,9'), 'Int': ('int', '11'), 'Long Int': ('bigint', '20'), 'Float': ('decimal', '21,9'), 'Percent': ('decimal', '21,9'), 'Check': ('tinyint', '4'), 'Small Text': ('text', ''), 'Long Text': ('longtext...'), 'Color': ('varchar', 140), 'Barcode': ('longtext', ''), 'Geolocation': ('longtext', ''), 'Duration': ('decimal', '21,9'), 'Icon': ('varchar', 140), 'Phone': ('varchar', 140), 'Autocomplete': ('varchar', 140), 'JSON': ('json', '')}, user='_2c0861da27548010', value_cache=collections.defaultdict{})
      query = 'SELECT `table_name` FROM `information_schema`.`tables` WHERE `table_schema`=%(param1)s'
      values = {'param1': '_2c0861da27548010'}
      as_dict = 0
      as_list = 0
      debug = False
      ignore_ddl = 0
      auto_commit = 0
      update = None
      explain = False
      run = True
      pluck = True
      as_iterator = False
      query_type = 'select'
  File "apps/frappe/frappe/database/database.py", line 147, in connect
    self.get_connection()
      self = frappe.database.mariadb.mysqlclient.MariaDBDatabase(after_commit=frappe.utils.CallbackManager(-), after_rollback=frappe.utils.CallbackManager(-), auto_commit_on_many_writes=0, before_commit=frappe.utils.CallbackManager(-), before_rollback=frappe.utils.CallbackManager(-), cur_db_name='_2c0861da27548010', db_type='mariadb', host='127.0.0.1', logger=<Logger database-project1 (WARNING)>, password='hDO55ejkgO4waVz0', port=3306, socket=None, transaction_writes=0, type_map={'Currency': ('decimal', '21,9'), 'Int': ('int', '11'), 'Long Int': ('bigint', '20'), 'Float': ('decimal', '21,9'), 'Percent': ('decimal', '21,9'), 'Check': ('tinyint', '4'), 'Small Text': ('text', ''), 'Long Text': ('longtext...'), 'Color': ('varchar', 140), 'Barcode': ('longtext', ''), 'Geolocation': ('longtext', ''), 'Duration': ('decimal', '21,9'), 'Icon': ('varchar', 140), 'Phone': ('varchar', 140), 'Autocomplete': ('varchar', 140), 'JSON': ('json', '')}, user='_2c0861da27548010', value_cache=collections.defaultdict{})
  File "apps/frappe/frappe/database/mariadb/mysqlclient.py", line 113, in get_connection
    conn = self._get_connection()
      self = frappe.database.mariadb.mysqlclient.MariaDBDatabase(after_commit=frappe.utils.CallbackManager(-), after_rollback=frappe.utils.CallbackManager(-), auto_commit_on_many_writes=0, before_commit=frappe.utils.CallbackManager(-), before_rollback=frappe.utils.CallbackManager(-), cur_db_name='_2c0861da27548010', db_type='mariadb', host='127.0.0.1', logger=<Logger database-project1 (WARNING)>, password='hDO55ejkgO4waVz0', port=3306, socket=None, transaction_writes=0, type_map={'Currency': ('decimal', '21,9'), 'Int': ('int', '11'), 'Long Int': ('bigint', '20'), 'Float': ('decimal', '21,9'), 'Percent': ('decimal', '21,9'), 'Check': ('tinyint', '4'), 'Small Text': ('text', ''), 'Long Text': ('longtext...'), 'Color': ('varchar', 140), 'Barcode': ('longtext', ''), 'Geolocation': ('longtext', ''), 'Duration': ('decimal', '21,9'), 'Icon': ('varchar', 140), 'Phone': ('varchar', 140), 'Autocomplete': ('varchar', 140), 'JSON': ('json', '')}, user='_2c0861da27548010', value_cache=collections.defaultdict{})
  File "apps/frappe/frappe/database/mariadb/mysqlclient.py", line 118, in _get_connection
    return self.create_connection()
      self = frappe.database.mariadb.mysqlclient.MariaDBDatabase(after_commit=frappe.utils.CallbackManager(-), after_rollback=frappe.utils.CallbackManager(-), auto_commit_on_many_writes=0, before_commit=frappe.utils.CallbackManager(-), before_rollback=frappe.utils.CallbackManager(-), cur_db_name='_2c0861da27548010', db_type='mariadb', host='127.0.0.1', logger=<Logger database-project1 (WARNING)>, password='hDO55ejkgO4waVz0', port=3306, socket=None, transaction_writes=0, type_map={'Currency': ('decimal', '21,9'), 'Int': ('int', '11'), 'Long Int': ('bigint', '20'), 'Float': ('decimal', '21,9'), 'Percent': ('decimal', '21,9'), 'Check': ('tinyint', '4'), 'Small Text': ('text', ''), 'Long Text': ('longtext...'), 'Color': ('varchar', 140), 'Barcode': ('longtext', ''), 'Geolocation': ('longtext', ''), 'Duration': ('decimal', '21,9'), 'Icon': ('varchar', 140), 'Phone': ('varchar', 140), 'Autocomplete': ('varchar', 140), 'JSON': ('json', '')}, user='_2c0861da27548010', value_cache=collections.defaultdict{})
  File "apps/frappe/frappe/database/mariadb/mysqlclient.py", line 121, in create_connection
    return MySQLdb.connect(**self.get_connection_settings())
      self = frappe.database.mariadb.mysqlclient.MariaDBDatabase(after_commit=frappe.utils.CallbackManager(-), after_rollback=frappe.utils.CallbackManager(-), auto_commit_on_many_writes=0, before_commit=frappe.utils.CallbackManager(-), before_rollback=frappe.utils.CallbackManager(-), cur_db_name='_2c0861da27548010', db_type='mariadb', host='127.0.0.1', logger=<Logger database-project1 (WARNING)>, password='hDO55ejkgO4waVz0', port=3306, socket=None, transaction_writes=0, type_map={'Currency': ('decimal', '21,9'), 'Int': ('int', '11'), 'Long Int': ('bigint', '20'), 'Float': ('decimal', '21,9'), 'Percent': ('decimal', '21,9'), 'Check': ('tinyint', '4'), 'Small Text': ('text', ''), 'Long Text': ('longtext...'), 'Color': ('varchar', 140), 'Barcode': ('longtext', ''), 'Geolocation': ('longtext', ''), 'Duration': ('decimal', '21,9'), 'Icon': ('varchar', 140), 'Phone': ('varchar', 140), 'Autocomplete': ('varchar', 140), 'JSON': ('json', '')}, user='_2c0861da27548010', value_cache=collections.defaultdict{})
  File "env/lib/python3.14/site-packages/MySQLdb/__init__.py", line 121, in Connect
    return Connection(*args, **kwargs)
      args = ()
      kwargs = {'user': '_2c0861da27548010', 'conv': {<class 'int'>: <function Thing2Str at 0x794f47c6cbf0>, <class 'float'>: <function Float2Str at 0x794f47c6cca0>, <class 'NoneType'>: <function None2NULL at 0x794f47c6cd50>, <class 'array.array'>: <function array2Str at 0x794f47c6cf60>, <class 'bool'>: <function Bool2Str at 0x794f47c6c9e0>, <class 'datetime.date'>: <function Thing2Literal at 0x794f47c6ce00>, <class 'datetime.datetime'>: <function DateTime2literal at 0x794f47c6c510>, <class 'datetime.timedelta'>: <function escape_timedelta at 0x794f47c6eda0>, <class 'set'>: <function Set2Str at 0x794f47c6cb40>, <class 'decimal.Decimal'>: <function Decimal2Literal at 0x794f47c6ceb0>, 1: <class 'int'>, 2: <c...t'>: <function escape_dict at 0x794f47c6ee50>, <class 'frozenset'>: <function escape_frozenset at 0x794f47c2b8a0>}, 'charset': 'utf8mb4', 'use_unicode': True, 'local_infile': False, 'multi_statements': False, 'database': '_2c0861da27548010', 'host': '127.0.0.1', 'port': 3306, 'password': '********'}
      Connection = MySQLdb.connections.Connection
  File "env/lib/python3.14/site-packages/MySQLdb/connections.py", line 200, in __init__
    super().__init__(*args, **kwargs2)
      self = <_mysql.connection open to '(null)' at 0x2499cbd0>
      args = ()
      kwargs = {'user': '_2c0861da27548010', 'conv': {<class 'int'>: <function Thing2Str at 0x794f47c6cbf0>, <class 'float'>: <function Float2Str at 0x794f47c6cca0>, <class 'NoneType'>: <function None2NULL at 0x794f47c6cd50>, <class 'array.array'>: <function array2Str at 0x794f47c6cf60>, <class 'bool'>: <function Bool2Str at 0x794f47c6c9e0>, <class 'datetime.date'>: <function Thing2Literal at 0x794f47c6ce00>, <class 'datetime.datetime'>: <function DateTime2literal at 0x794f47c6c510>, <class 'datetime.timedelta'>: <function escape_timedelta at 0x794f47c6eda0>, <class 'set'>: <function Set2Str at 0x794f47c6cb40>, <class 'decimal.Decimal'>: <function Decimal2Literal at 0x794f47c6ceb0>, 1: <class 'int'>, 2: <c...t'>: <function escape_dict at 0x794f47c6ee50>, <class 'frozenset'>: <function escape_frozenset at 0x794f47c2b8a0>}, 'charset': 'utf8mb4', 'use_unicode': True, 'local_infile': False, 'multi_statements': False, 'database': '_2c0861da27548010', 'host': '127.0.0.1', 'port': 3306, 'password': '********'}
      CLIENT = <module 'MySQLdb.constants.CLIENT' from 'env/lib/python3.14/site-packages/MySQLdb/constants/CLIENT.py'>
      FIELD_TYPE = <module 'MySQLdb.constants.FIELD_TYPE' from 'env/lib/python3.14/site-packages/MySQLdb/constants/FIELD_TYPE.py'>
      conversions = {<class 'int'>: <function Thing2Str at 0x794f47c6cbf0>, <class 'float'>: <function Float2Str at 0x794f47c6cca0>, <class 'NoneType'>: <function None2NULL at 0x794f47c6cd50>, <class 'array.array'>: <function array2Str at 0x794f47c6cf60>, <class 'bool'>: <function Bool2Str at 0x794f47c6c9e0>, <class 'datetime.date'>: <function Thing2Literal at 0x794f47c6ce00>, <class 'datetime.datetime'>: <function DateTime2literal at 0x794f47c6c510>, <class 'datetime.timedelta'>: <function DateTimeDelta2literal at 0x794f47c6c5c0>, <class 'set'>: <function Set2Str at 0x794f47c6cb40>, <class 'decimal.Decimal'>: <function Decimal2Literal at 0x794f47c6ceb0>, 1: <class 'int'>, 2: <class 'int'>, 3: <class 'int'>, 4:...r_None at 0x794f47c6c250>, 11: <function TimeDelta_or_None at 0x794f47c6c300>, 10: <function Date_or_None at 0x794f47c6c460>, 249: <class 'bytes'>, 250: <class 'bytes'>, 251: <class 'bytes'>, 252: <class 'bytes'>, 254: <class 'bytes'>, 253: <class 'bytes'>, 15: <class 'bytes'>, 245: <class 'bytes'>}
      _bytes_or_str = ((128, bytes), (None, str))
      kwargs2 = {'user': '_2c0861da27548010', 'conv': {<class 'int'>: <function Thing2Str at 0x794f47c6cbf0>, <class 'float'>: <function Float2Str at 0x794f47c6cca0>, <class 'NoneType'>: <function None2NULL at 0x794f47c6cd50>, <class 'array.array'>: <function array2Str at 0x794f47c6cf60>, <class 'bool'>: <function Bool2Str at 0x794f47c6c9e0>, <class 'datetime.date'>: <function Thing2Literal at 0x794f47c6ce00>, <class 'datetime.datetime'>: <function DateTime2literal at 0x794f47c6c510>, <class 'datetime.timedelta'>: <function escape_timedelta at 0x794f47c6eda0>, <class 'set'>: <function Set2Str at 0x794f47c6cb40>, <class 'decimal.Decimal'>: <function Decimal2Literal at 0x794f47c6ceb0>, 1: <class 'int'>, 2: <c...ass 'bytes'>, <class 'dict'>: <function escape_dict at 0x794f47c6ee50>, <class 'frozenset'>: <function escape_frozenset at 0x794f47c2b8a0>}, 'charset': 'utf8mb4', 'local_infile': False, 'database': '_2c0861da27548010', 'host': '127.0.0.1', 'port': 3306, 'password': '********', 'client_flag': 131072}
      conv = {<class 'int'>: <function Thing2Str at 0x794f47c6cbf0>, <class 'float'>: <function Float2Str at 0x794f47c6cca0>, <class 'NoneType'>: <function None2NULL at 0x794f47c6cd50>, <class 'array.array'>: <function array2Str at 0x794f47c6cf60>, <class 'bool'>: <function Bool2Str at 0x794f47c6c9e0>, <class 'datetime.date'>: <function Thing2Literal at 0x794f47c6ce00>, <class 'datetime.datetime'>: <function DateTime2literal at 0x794f47c6c510>, <class 'datetime.timedelta'>: <function escape_timedelta at 0x794f47c6eda0>, <class 'set'>: <function Set2Str at 0x794f47c6cb40>, <class 'decimal.Decimal'>: <function Decimal2Literal at 0x794f47c6ceb0>, 1: <class 'int'>, 2: <class 'int'>, 3: <class 'int'>, 4: <cla...249: <class 'bytes'>, 250: <class 'bytes'>, 251: <class 'bytes'>, 252: <class 'bytes'>, 254: <class 'bytes'>, 253: <class 'bytes'>, 15: <class 'bytes'>, 245: <class 'bytes'>, <class 'dict'>: <function escape_dict at 0x794f47c6ee50>, <class 'frozenset'>: <function escape_frozenset at 0x794f47c2b8a0>}
      conv2 = {<class 'int'>: <function Thing2Str at 0x794f47c6cbf0>, <class 'float'>: <function Float2Str at 0x794f47c6cca0>, <class 'NoneType'>: <function None2NULL at 0x794f47c6cd50>, <class 'array.array'>: <function array2Str at 0x794f47c6cf60>, <class 'bool'>: <function Bool2Str at 0x794f47c6c9e0>, <class 'datetime.date'>: <function Thing2Literal at 0x794f47c6ce00>, <class 'datetime.datetime'>: <function DateTime2literal at 0x794f47c6c510>, <class 'datetime.timedelta'>: <function escape_timedelta at 0x794f47c6eda0>, <class 'set'>: <function Set2Str at 0x794f47c6cb40>, <class 'decimal.Decimal'>: <function Decimal2Literal at 0x794f47c6ceb0>, 1: <class 'int'>, 2: <class 'int'>, 3: <class 'int'>, 4: <cla...249: <class 'bytes'>, 250: <class 'bytes'>, 251: <class 'bytes'>, 252: <class 'bytes'>, 254: <class 'bytes'>, 253: <class 'bytes'>, 15: <class 'bytes'>, 245: <class 'bytes'>, <class 'dict'>: <function escape_dict at 0x794f47c6ee50>, <class 'frozenset'>: <function escape_frozenset at 0x794f47c2b8a0>}
      k = frozenset
      v = <function escape_frozenset at 0x794f47c2b8a0>
      cursorclass = MySQLdb.cursors.Cursor
      charset = 'utf8mb4'
      collation = ''
      use_unicode = True
      sql_mode = ''
      client_flag = 131072
      multi_statements = False
      autocommit = False
      __class__ = MySQLdb.connections.Connection
MySQLdb.OperationalError: (1045, "Access denied for user '_2c0861da27548010'@'localhost' (using password: YES)")
set -o pipefail; /usr/bin/mariadb-dump --user=_822c72c2e1855b78 --host=127.0.0.1 --port=3306 --password=********** --single-transaction --quick --lock-tables=false _822c72c2e1855b78 | /usr/bin/gzip >> ./site1.local/private/backups/20260803_173003-site1_local-database.sql.gz

Backup Summary for site1.local at 2026-08-03 17:30:04.975491
Config  : /home/sanjayh/frappe16-bench/sites/site1.local/private/backups/20260803_173003-site1_local-site_config_backup.json 261.0B
Database: /home/sanjayh/frappe16-bench/sites/site1.local/private/backups/20260803_173003-site1_local-database.sql.gz 337.6KiB
Backup for Site site1.local has been successfully completed
set -o pipefail; /usr/bin/mariadb-dump --user=_822c72c2e1855b78 --host=127.0.0.1 --port=3306 --password=********** --single-transaction --quick --lock-tables=false _822c72c2e1855b78 | /usr/bin/gzip >> ./site1.local/private/backups/20260804_113004-site1_local-database.sql.gz

Backup Summary for site1.local at 2026-08-04 11:30:07.204036
Config  : /home/sanjayh/frappe16-bench/sites/site1.local/private/backups/20260804_113004-site1_local-site_config_backup.json 261.0B
Database: /home/sanjayh/frappe16-bench/sites/site1.local/private/backups/20260804_113004-site1_local-database.sql.gz 336.3KiB
Backup for Site site1.local has been successfully completed
set -o pipefail; /usr/bin/mariadb-dump --user=_822c72c2e1855b78 --host=127.0.0.1 --port=3306 --password=********** --single-transaction --quick --lock-tables=false _822c72c2e1855b78 | /usr/bin/gzip >> ./site1.local/private/backups/20260804_173003-site1_local-database.sql.gz

Backup Summary for site1.local at 2026-08-04 17:30:04.708129
Config  : /home/sanjayh/frappe16-bench/sites/site1.local/private/backups/20260804_173003-site1_local-site_config_backup.json 261.0B
Database: /home/sanjayh/frappe16-bench/sites/site1.local/private/backups/20260804_173003-site1_local-database.sql.gz 338.5KiB
Backup for Site site1.local has been successfully completed
set -o pipefail; /usr/bin/mariadb-dump --user=_822c72c2e1855b78 --host=127.0.0.1 --port=3306 --password=********** --single-transaction --quick --lock-tables=false _822c72c2e1855b78 | /usr/bin/gzip >> ./site1.local/private/backups/20260805_113003-site1_local-database.sql.gz

Backup Summary for site1.local at 2026-08-05 11:30:05.905570
Config  : /home/sanjayh/frappe16-bench/sites/site1.local/private/backups/20260805_113003-site1_local-site_config_backup.json 261.0B
Database: /home/sanjayh/frappe16-bench/sites/site1.local/private/backups/20260805_113003-site1_local-database.sql.gz 338.5KiB
Backup for Site site1.local has been successfully completed
set -o pipefail; /usr/bin/mariadb-dump --user=_822c72c2e1855b78 --host=127.0.0.1 --port=3306 --password=********** --single-transaction --quick --lock-tables=false _822c72c2e1855b78 | /usr/bin/gzip >> ./site1.local/private/backups/20260805_173002-site1_local-database.sql.gz

Backup Summary for site1.local at 2026-08-05 17:30:04.267639
Config  : /home/sanjayh/frappe16-bench/sites/site1.local/private/backups/20260805_173002-site1_local-site_config_backup.json 261.0B
Database: /home/sanjayh/frappe16-bench/sites/site1.local/private/backups/20260805_173002-site1_local-database.sql.gz 341.5KiB
Backup for Site site1.local has been successfully completed
set -o pipefail; /usr/bin/mariadb-dump --user=_69fa8765336c1e39 --host=127.0.0.1 --port=3306 --password=********** --single-transaction --quick --lock-tables=false _69fa8765336c1e39 | /usr/bin/gzip >> ./testsite.local/private/backups/20260805_173004-testsite_local-database.sql.gz

Backup Summary for testsite.local at 2026-08-05 17:30:04.903978
Config  : /home/sanjayh/frappe16-bench/sites/testsite.local/private/backups/20260805_173004-testsite_local-site_config_backup.json 182.0B
Database: /home/sanjayh/frappe16-bench/sites/testsite.local/private/backups/20260805_173004-testsite_local-database.sql.gz 235.4KiB
Backup for Site testsite.local has been successfully completed
set -o pipefail; /usr/bin/mariadb-dump --user=_822c72c2e1855b78 --host=127.0.0.1 --port=3306 --password=********** --single-transaction --quick --lock-tables=false _822c72c2e1855b78 | /usr/bin/gzip >> ./site1.local/private/backups/20260806_113002-site1_local-database.sql.gz

Backup Summary for site1.local at 2026-08-06 11:30:04.617435
Config  : /home/sanjayh/frappe16-bench/sites/site1.local/private/backups/20260806_113002-site1_local-site_config_backup.json 261.0B
Database: /home/sanjayh/frappe16-bench/sites/site1.local/private/backups/20260806_113002-site1_local-database.sql.gz 341.1KiB
Backup for Site site1.local has been successfully completed
File ./testsite.local/private/backups/20260805_173004-testsite_local-site_config_backup.json is recent
File ./testsite.local/private/backups/20260805_173004-testsite_local-database.sql.gz is recent
set -o pipefail; /usr/bin/mariadb-dump --user=_69fa8765336c1e39 --host=127.0.0.1 --port=3306 --password=********** --single-transaction --quick --lock-tables=false _69fa8765336c1e39 | /usr/bin/gzip >> ./testsite.local/private/backups/20260806_113004-testsite_local-database.sql.gz

Backup Summary for testsite.local at 2026-08-06 11:30:05.764012
Config  : /home/sanjayh/frappe16-bench/sites/testsite.local/private/backups/20260806_113004-testsite_local-site_config_backup.json 228.0B
Database: /home/sanjayh/frappe16-bench/sites/testsite.local/private/backups/20260806_113004-testsite_local-database.sql.gz 235.4KiB
Backup for Site testsite.local has been successfully completed
set -o pipefail; /usr/bin/mariadb-dump --user=_822c72c2e1855b78 --host=127.0.0.1 --port=3306 --password=********** --single-transaction --quick --lock-tables=false _822c72c2e1855b78 | /usr/bin/gzip >> ./site1.local/private/backups/20260807_113004-site1_local-database.sql.gz

Backup Summary for site1.local at 2026-08-07 11:30:10.715200
Config  : /home/sanjayh/frappe16-bench/sites/site1.local/private/backups/20260807_113004-site1_local-site_config_backup.json 261.0B
Database: /home/sanjayh/frappe16-bench/sites/site1.local/private/backups/20260807_113004-site1_local-database.sql.gz 345.7KiB
Backup for Site site1.local has been successfully completed
File ./testsite.local/private/backups/20260806_113004-testsite_local-site_config_backup.json is older than 23 hours
File ./testsite.local/private/backups/20260805_173004-testsite_local-site_config_backup.json is older than 23 hours
File ./testsite.local/private/backups/20260805_173004-testsite_local-database.sql.gz is older than 23 hours
File ./testsite.local/private/backups/20260806_113004-testsite_local-database.sql.gz is older than 23 hours
set -o pipefail; /usr/bin/mariadb-dump --user=_69fa8765336c1e39 --host=127.0.0.1 --port=3306 --password=********** --single-transaction --quick --lock-tables=false _69fa8765336c1e39 | /usr/bin/gzip >> ./testsite.local/private/backups/20260807_113010-testsite_local-database.sql.gz

Backup Summary for testsite.local at 2026-08-07 11:30:13.694675
Config  : /home/sanjayh/frappe16-bench/sites/testsite.local/private/backups/20260807_113010-testsite_local-site_config_backup.json 228.0B
Database: /home/sanjayh/frappe16-bench/sites/testsite.local/private/backups/20260807_113010-testsite_local-database.sql.gz 235.4KiB
Backup for Site testsite.local has been successfully completed
set -o pipefail; /usr/bin/mariadb-dump --user=_822c72c2e1855b78 --host=127.0.0.1 --port=3306 --password=********** --single-transaction --quick --lock-tables=false _822c72c2e1855b78 | /usr/bin/gzip >> ./site1.local/private/backups/20260807_173003-site1_local-database.sql.gz

Backup Summary for site1.local at 2026-08-07 17:30:07.274065
Config  : /home/sanjayh/frappe16-bench/sites/site1.local/private/backups/20260807_173003-site1_local-site_config_backup.json 261.0B
Database: /home/sanjayh/frappe16-bench/sites/site1.local/private/backups/20260807_173003-site1_local-database.sql.gz 352.2KiB
Backup for Site site1.local has been successfully completed
File ./testsite.local/private/backups/20260807_113010-testsite_local-site_config_backup.json is recent
File ./testsite.local/private/backups/20260807_113010-testsite_local-database.sql.gz is recent
set -o pipefail; /usr/bin/mariadb-dump --user=_69fa8765336c1e39 --host=127.0.0.1 --port=3306 --password=********** --single-transaction --quick --lock-tables=false _69fa8765336c1e39 | /usr/bin/gzip >> ./testsite.local/private/backups/20260807_173007-testsite_local-database.sql.gz

Backup Summary for testsite.local at 2026-08-07 17:30:11.521817
Config  : /home/sanjayh/frappe16-bench/sites/testsite.local/private/backups/20260807_173007-testsite_local-site_config_backup.json 228.0B
Database: /home/sanjayh/frappe16-bench/sites/testsite.local/private/backups/20260807_173007-testsite_local-database.sql.gz 235.4KiB
Backup for Site testsite.local has been successfully completed
set -o pipefail; /usr/bin/mariadb-dump --user=_822c72c2e1855b78 --host=127.0.0.1 --port=3306 --password=********** --single-transaction --quick --lock-tables=false _822c72c2e1855b78 | /usr/bin/gzip >> ./site1.local/private/backups/20260810_113002-site1_local-database.sql.gz

Backup Summary for site1.local at 2026-08-10 11:30:06.283615
Config  : /home/sanjayh/frappe16-bench/sites/site1.local/private/backups/20260810_113002-site1_local-site_config_backup.json 261.0B
Database: /home/sanjayh/frappe16-bench/sites/site1.local/private/backups/20260810_113002-site1_local-database.sql.gz 348.6KiB
Backup for Site site1.local has been successfully completed
File ./testsite.local/private/backups/20260807_113010-testsite_local-site_config_backup.json is older than 23 hours
File ./testsite.local/private/backups/20260807_113010-testsite_local-database.sql.gz is older than 23 hours
File ./testsite.local/private/backups/20260807_173007-testsite_local-database.sql.gz is older than 23 hours
File ./testsite.local/private/backups/20260807_173007-testsite_local-site_config_backup.json is older than 23 hours
set -o pipefail; /usr/bin/mariadb-dump --user=_69fa8765336c1e39 --host=127.0.0.1 --port=3306 --password=********** --single-transaction --quick --lock-tables=false _69fa8765336c1e39 | /usr/bin/gzip >> ./testsite.local/private/backups/20260810_113006-testsite_local-database.sql.gz

Backup Summary for testsite.local at 2026-08-10 11:30:08.892696
Config  : /home/sanjayh/frappe16-bench/sites/testsite.local/private/backups/20260810_113006-testsite_local-site_config_backup.json 228.0B
Database: /home/sanjayh/frappe16-bench/sites/testsite.local/private/backups/20260810_113006-testsite_local-database.sql.gz 235.4KiB
Backup for Site testsite.local has been successfully completed
set -o pipefail; /usr/bin/mariadb-dump --user=_822c72c2e1855b78 --host=127.0.0.1 --port=3306 --password=********** --single-transaction --quick --lock-tables=false _822c72c2e1855b78 | /usr/bin/gzip >> ./site1.local/private/backups/20260810_173003-site1_local-database.sql.gz

Backup Summary for site1.local at 2026-08-10 17:30:07.942466
Config  : /home/sanjayh/frappe16-bench/sites/site1.local/private/backups/20260810_173003-site1_local-site_config_backup.json 261.0B
Database: /home/sanjayh/frappe16-bench/sites/site1.local/private/backups/20260810_173003-site1_local-database.sql.gz 350.4KiB
Backup for Site site1.local has been successfully completed
File ./testsite.local/private/backups/20260810_113006-testsite_local-site_config_backup.json is recent
File ./testsite.local/private/backups/20260810_113006-testsite_local-database.sql.gz is recent
set -o pipefail; /usr/bin/mariadb-dump --user=_69fa8765336c1e39 --host=127.0.0.1 --port=3306 --password=********** --single-transaction --quick --lock-tables=false _69fa8765336c1e39 | /usr/bin/gzip >> ./testsite.local/private/backups/20260810_173007-testsite_local-database.sql.gz

Backup Summary for testsite.local at 2026-08-10 17:30:10.824450
Config  : /home/sanjayh/frappe16-bench/sites/testsite.local/private/backups/20260810_173007-testsite_local-site_config_backup.json 228.0B
Database: /home/sanjayh/frappe16-bench/sites/testsite.local/private/backups/20260810_173007-testsite_local-database.sql.gz 235.4KiB
Backup for Site testsite.local has been successfully completed
set -o pipefail; /usr/bin/mariadb-dump --user=_822c72c2e1855b78 --host=127.0.0.1 --port=3306 --password=********** --single-transaction --quick --lock-tables=false _822c72c2e1855b78 | /usr/bin/gzip >> ./site1.local/private/backups/20260811_113002-site1_local-database.sql.gz

Backup Summary for site1.local at 2026-08-11 11:30:05.993519
Config  : /home/sanjayh/frappe16-bench/sites/site1.local/private/backups/20260811_113002-site1_local-site_config_backup.json 261.0B
Database: /home/sanjayh/frappe16-bench/sites/site1.local/private/backups/20260811_113002-site1_local-database.sql.gz 345.5KiB
Backup for Site site1.local has been successfully completed
File ./testsite.local/private/backups/20260810_113006-testsite_local-site_config_backup.json is older than 23 hours
File ./testsite.local/private/backups/20260810_113006-testsite_local-database.sql.gz is older than 23 hours
File ./testsite.local/private/backups/20260810_173007-testsite_local-site_config_backup.json is recent
File ./testsite.local/private/backups/20260810_173007-testsite_local-database.sql.gz is recent
set -o pipefail; /usr/bin/mariadb-dump --user=_69fa8765336c1e39 --host=127.0.0.1 --port=3306 --password=********** --single-transaction --quick --lock-tables=false _69fa8765336c1e39 | /usr/bin/gzip >> ./testsite.local/private/backups/20260811_113006-testsite_local-database.sql.gz

Backup Summary for testsite.local at 2026-08-11 11:30:09.540086
Config  : /home/sanjayh/frappe16-bench/sites/testsite.local/private/backups/20260811_113006-testsite_local-site_config_backup.json 228.0B
Database: /home/sanjayh/frappe16-bench/sites/testsite.local/private/backups/20260811_113006-testsite_local-database.sql.gz 235.4KiB
Backup for Site testsite.local has been successfully completed
set -o pipefail; /usr/bin/mariadb-dump --user=_822c72c2e1855b78 --host=127.0.0.1 --port=3306 --password=********** --single-transaction --quick --lock-tables=false _822c72c2e1855b78 | /usr/bin/gzip >> ./site1.local/private/backups/20260811_173003-site1_local-database.sql.gz

Backup Summary for site1.local at 2026-08-11 17:30:06.318010
Config  : /home/sanjayh/frappe16-bench/sites/site1.local/private/backups/20260811_173003-site1_local-site_config_backup.json 261.0B
Database: /home/sanjayh/frappe16-bench/sites/site1.local/private/backups/20260811_173003-site1_local-database.sql.gz 365.3KiB
Backup for Site site1.local has been successfully completed
File ./testsite.local/private/backups/20260810_173007-testsite_local-site_config_backup.json is older than 23 hours
File ./testsite.local/private/backups/20260811_113006-testsite_local-database.sql.gz is recent
File ./testsite.local/private/backups/20260810_173007-testsite_local-database.sql.gz is older than 23 hours
File ./testsite.local/private/backups/20260811_113006-testsite_local-site_config_backup.json is recent
set -o pipefail; /usr/bin/mariadb-dump --user=_69fa8765336c1e39 --host=127.0.0.1 --port=3306 --password=********** --single-transaction --quick --lock-tables=false _69fa8765336c1e39 | /usr/bin/gzip >> ./testsite.local/private/backups/20260811_173006-testsite_local-database.sql.gz

Backup Summary for testsite.local at 2026-08-11 17:30:08.442547
Config  : /home/sanjayh/frappe16-bench/sites/testsite.local/private/backups/20260811_173006-testsite_local-site_config_backup.json 266.0B
Database: /home/sanjayh/frappe16-bench/sites/testsite.local/private/backups/20260811_173006-testsite_local-database.sql.gz 235.9KiB
Backup for Site testsite.local has been successfully completed
set -o pipefail; /usr/bin/mariadb-dump --user=_822c72c2e1855b78 --host=127.0.0.1 --port=3306 --password=********** --single-transaction --quick --lock-tables=false _822c72c2e1855b78 | /usr/bin/gzip >> ./site1.local/private/backups/20260812_113004-site1_local-database.sql.gz

Backup Summary for site1.local at 2026-08-12 11:30:11.318132
Config  : /home/sanjayh/frappe16-bench/sites/site1.local/private/backups/20260812_113004-site1_local-site_config_backup.json 261.0B
Database: /home/sanjayh/frappe16-bench/sites/site1.local/private/backups/20260812_113004-site1_local-database.sql.gz 361.4KiB
Backup for Site site1.local has been successfully completed
File ./testsite.local/private/backups/20260811_173006-testsite_local-site_config_backup.json is recent
File ./testsite.local/private/backups/20260811_173006-testsite_local-database.sql.gz is recent
File ./testsite.local/private/backups/20260811_113006-testsite_local-database.sql.gz is older than 23 hours
File ./testsite.local/private/backups/20260811_113006-testsite_local-site_config_backup.json is older than 23 hours
set -o pipefail; /usr/bin/mariadb-dump --user=_69fa8765336c1e39 --host=127.0.0.1 --port=3306 --password=********** --single-transaction --quick --lock-tables=false _69fa8765336c1e39 | /usr/bin/gzip >> ./testsite.local/private/backups/20260812_113011-testsite_local-database.sql.gz

Backup Summary for testsite.local at 2026-08-12 11:30:13.881536
Config  : /home/sanjayh/frappe16-bench/sites/testsite.local/private/backups/20260812_113011-testsite_local-site_config_backup.json 266.0B
Database: /home/sanjayh/frappe16-bench/sites/testsite.local/private/backups/20260812_113011-testsite_local-database.sql.gz 235.9KiB
Backup for Site testsite.local has been successfully completed
set -o pipefail; /usr/bin/mariadb-dump --user=_822c72c2e1855b78 --host=127.0.0.1 --port=3306 --password=********** --single-transaction --quick --lock-tables=false _822c72c2e1855b78 | /usr/bin/gzip >> ./site1.local/private/backups/20260812_173002-site1_local-database.sql.gz

Backup Summary for site1.local at 2026-08-12 17:30:06.200868
Config  : /home/sanjayh/frappe16-bench/sites/site1.local/private/backups/20260812_173002-site1_local-site_config_backup.json 261.0B
Database: /home/sanjayh/frappe16-bench/sites/site1.local/private/backups/20260812_173002-site1_local-database.sql.gz 367.5KiB
Backup for Site site1.local has been successfully completed
File ./testsite.local/private/backups/20260811_173006-testsite_local-site_config_backup.json is older than 23 hours
File ./testsite.local/private/backups/20260811_173006-testsite_local-database.sql.gz is older than 23 hours
File ./testsite.local/private/backups/20260812_113011-testsite_local-database.sql.gz is recent
File ./testsite.local/private/backups/20260812_113011-testsite_local-site_config_backup.json is recent
set -o pipefail; /usr/bin/mariadb-dump --user=_69fa8765336c1e39 --host=127.0.0.1 --port=3306 --password=********** --single-transaction --quick --lock-tables=false _69fa8765336c1e39 | /usr/bin/gzip >> ./testsite.local/private/backups/20260812_173006-testsite_local-database.sql.gz

Backup Summary for testsite.local at 2026-08-12 17:30:08.253263
Config  : /home/sanjayh/frappe16-bench/sites/testsite.local/private/backups/20260812_173006-testsite_local-site_config_backup.json 266.0B
Database: /home/sanjayh/frappe16-bench/sites/testsite.local/private/backups/20260812_173006-testsite_local-database.sql.gz 235.9KiB
Backup for Site testsite.local has been successfully completed
set -o pipefail; /usr/bin/mariadb-dump --user=_822c72c2e1855b78 --host=127.0.0.1 --port=3306 --password=********** --single-transaction --quick --lock-tables=false _822c72c2e1855b78 | /usr/bin/gzip >> ./site1.local/private/backups/20260813_113003-site1_local-database.sql.gz

Backup Summary for site1.local at 2026-08-13 11:30:05.600296
Config  : /home/sanjayh/frappe16-bench/sites/site1.local/private/backups/20260813_113003-site1_local-site_config_backup.json 261.0B
Database: /home/sanjayh/frappe16-bench/sites/site1.local/private/backups/20260813_113003-site1_local-database.sql.gz 367.7KiB
Backup for Site site1.local has been successfully completed
File ./testsite.local/private/backups/20260812_173006-testsite_local-site_config_backup.json is recent
File ./testsite.local/private/backups/20260812_173006-testsite_local-database.sql.gz is recent
File ./testsite.local/private/backups/20260812_113011-testsite_local-database.sql.gz is older than 23 hours
File ./testsite.local/private/backups/20260812_113011-testsite_local-site_config_backup.json is older than 23 hours
set -o pipefail; /usr/bin/mariadb-dump --user=_69fa8765336c1e39 --host=127.0.0.1 --port=3306 --password=********** --single-transaction --quick --lock-tables=false _69fa8765336c1e39 | /usr/bin/gzip >> ./testsite.local/private/backups/20260813_113005-testsite_local-database.sql.gz

Backup Summary for testsite.local at 2026-08-13 11:30:06.771037
Config  : /home/sanjayh/frappe16-bench/sites/testsite.local/private/backups/20260813_113005-testsite_local-site_config_backup.json 266.0B
Database: /home/sanjayh/frappe16-bench/sites/testsite.local/private/backups/20260813_113005-testsite_local-database.sql.gz 235.9KiB
Backup for Site testsite.local has been successfully completed
set -o pipefail; /usr/bin/mariadb-dump --user=_822c72c2e1855b78 --host=127.0.0.1 --port=3306 --password=********** --single-transaction --quick --lock-tables=false _822c72c2e1855b78 | /usr/bin/gzip >> ./site1.local/private/backups/20260813_173002-site1_local-database.sql.gz

Backup Summary for site1.local at 2026-08-13 17:30:07.242762
Config  : /home/sanjayh/frappe16-bench/sites/site1.local/private/backups/20260813_173002-site1_local-site_config_backup.json 261.0B
Database: /home/sanjayh/frappe16-bench/sites/site1.local/private/backups/20260813_173002-site1_local-database.sql.gz 369.9KiB
Backup for Site site1.local has been successfully completed
File ./testsite.local/private/backups/20260812_173006-testsite_local-site_config_backup.json is older than 23 hours
File ./testsite.local/private/backups/20260812_173006-testsite_local-database.sql.gz is older than 23 hours
File ./testsite.local/private/backups/20260813_113005-testsite_local-site_config_backup.json is recent
File ./testsite.local/private/backups/20260813_113005-testsite_local-database.sql.gz is recent
set -o pipefail; /usr/bin/mariadb-dump --user=_69fa8765336c1e39 --host=127.0.0.1 --port=3306 --password=********** --single-transaction --quick --lock-tables=false _69fa8765336c1e39 | /usr/bin/gzip >> ./testsite.local/private/backups/20260813_173007-testsite_local-database.sql.gz

Backup Summary for testsite.local at 2026-08-13 17:30:10.556224
Config  : /home/sanjayh/frappe16-bench/sites/testsite.local/private/backups/20260813_173007-testsite_local-site_config_backup.json 266.0B
Database: /home/sanjayh/frappe16-bench/sites/testsite.local/private/backups/20260813_173007-testsite_local-database.sql.gz 235.9KiB
Backup for Site testsite.local has been successfully completed
set -o pipefail; /usr/bin/mariadb-dump --user=_822c72c2e1855b78 --host=127.0.0.1 --port=3306 --password=********** --single-transaction --quick --lock-tables=false _822c72c2e1855b78 | /usr/bin/gzip >> ./site1.local/private/backups/20260814_173002-site1_local-database.sql.gz

Backup Summary for site1.local at 2026-08-14 17:30:04.554580
Config  : /home/sanjayh/frappe16-bench/sites/site1.local/private/backups/20260814_173002-site1_local-site_config_backup.json 261.0B
Database: /home/sanjayh/frappe16-bench/sites/site1.local/private/backups/20260814_173002-site1_local-database.sql.gz 363.2KiB
Backup for Site site1.local has been successfully completed
File ./testsite.local/private/backups/20260813_173007-testsite_local-database.sql.gz is older than 23 hours
File ./testsite.local/private/backups/20260813_113005-testsite_local-site_config_backup.json is older than 23 hours
File ./testsite.local/private/backups/20260813_173007-testsite_local-site_config_backup.json is older than 23 hours
File ./testsite.local/private/backups/20260813_113005-testsite_local-database.sql.gz is older than 23 hours
set -o pipefail; /usr/bin/mariadb-dump --user=_69fa8765336c1e39 --host=127.0.0.1 --port=3306 --password=********** --single-transaction --quick --lock-tables=false _69fa8765336c1e39 | /usr/bin/gzip >> ./testsite.local/private/backups/20260814_173004-testsite_local-database.sql.gz

Backup Summary for testsite.local at 2026-08-14 17:30:05.796286
Config  : /home/sanjayh/frappe16-bench/sites/testsite.local/private/backups/20260814_173004-testsite_local-site_config_backup.json 266.0B
Database: /home/sanjayh/frappe16-bench/sites/testsite.local/private/backups/20260814_173004-testsite_local-database.sql.gz 235.9KiB
Backup for Site testsite.local has been successfully completed
set -o pipefail; /usr/bin/mariadb-dump --user=_822c72c2e1855b78 --host=127.0.0.1 --port=3306 --password=********** --single-transaction --quick --lock-tables=false _822c72c2e1855b78 | /usr/bin/gzip >> ./site1.local/private/backups/20260817_173002-site1_local-database.sql.gz

Backup Summary for site1.local at 2026-08-17 17:30:06.076705
Config  : /home/sanjayh/frappe16-bench/sites/site1.local/private/backups/20260817_173002-site1_local-site_config_backup.json 261.0B
Database: /home/sanjayh/frappe16-bench/sites/site1.local/private/backups/20260817_173002-site1_local-database.sql.gz 346.4KiB
Backup for Site site1.local has been successfully completed
File ./testsite.local/private/backups/20260814_173004-testsite_local-site_config_backup.json is older than 23 hours
File ./testsite.local/private/backups/20260814_173004-testsite_local-database.sql.gz is older than 23 hours
set -o pipefail; /usr/bin/mariadb-dump --user=_69fa8765336c1e39 --host=127.0.0.1 --port=3306 --password=********** --single-transaction --quick --lock-tables=false _69fa8765336c1e39 | /usr/bin/gzip >> ./testsite.local/private/backups/20260817_173006-testsite_local-database.sql.gz

Backup Summary for testsite.local at 2026-08-17 17:30:08.971335
Config  : /home/sanjayh/frappe16-bench/sites/testsite.local/private/backups/20260817_173006-testsite_local-site_config_backup.json 266.0B
Database: /home/sanjayh/frappe16-bench/sites/testsite.local/private/backups/20260817_173006-testsite_local-database.sql.gz 235.9KiB
Backup for Site testsite.local has been successfully completed
set -o pipefail; /usr/bin/mariadb-dump --user=_822c72c2e1855b78 --host=127.0.0.1 --port=3306 --password=********** --single-transaction --quick --lock-tables=false _822c72c2e1855b78 | /usr/bin/gzip >> ./site1.local/private/backups/20260818_113002-site1_local-database.sql.gz

Backup Summary for site1.local at 2026-08-18 11:30:05.469460
Config  : /home/sanjayh/frappe16-bench/sites/site1.local/private/backups/20260818_113002-site1_local-site_config_backup.json 261.0B
Database: /home/sanjayh/frappe16-bench/sites/site1.local/private/backups/20260818_113002-site1_local-database.sql.gz 342.9KiB
Backup for Site site1.local has been successfully completed
File ./testsite.local/private/backups/20260817_173006-testsite_local-database.sql.gz is recent
File ./testsite.local/private/backups/20260817_173006-testsite_local-site_config_backup.json is recent
set -o pipefail; /usr/bin/mariadb-dump --user=_69fa8765336c1e39 --host=127.0.0.1 --port=3306 --password=********** --single-transaction --quick --lock-tables=false _69fa8765336c1e39 | /usr/bin/gzip >> ./testsite.local/private/backups/20260818_113005-testsite_local-database.sql.gz

Backup Summary for testsite.local at 2026-08-18 11:30:07.450236
Config  : /home/sanjayh/frappe16-bench/sites/testsite.local/private/backups/20260818_113005-testsite_local-site_config_backup.json 266.0B
Database: /home/sanjayh/frappe16-bench/sites/testsite.local/private/backups/20260818_113005-testsite_local-database.sql.gz 235.9KiB
Backup for Site testsite.local has been successfully completed
set -o pipefail; /usr/bin/mariadb-dump --user=_822c72c2e1855b78 --host=127.0.0.1 --port=3306 --password=********** --single-transaction --quick --lock-tables=false _822c72c2e1855b78 | /usr/bin/gzip >> ./site1.local/private/backups/20260818_173003-site1_local-database.sql.gz

Backup Summary for site1.local at 2026-08-18 17:30:06.779586
Config  : /home/sanjayh/frappe16-bench/sites/site1.local/private/backups/20260818_173003-site1_local-site_config_backup.json 283.0B
Database: /home/sanjayh/frappe16-bench/sites/site1.local/private/backups/20260818_173003-site1_local-database.sql.gz 361.3KiB
Backup for Site site1.local has been successfully completed
set -o pipefail; /usr/bin/mariadb-dump --user=_b00ecb73f360f17d --host=127.0.0.1 --port=3306 --password=********** --single-transaction --quick --lock-tables=false _b00ecb73f360f17d | /usr/bin/gzip >> ./student.local/private/backups/20260818_173006-student_local-database.sql.gz

Backup Summary for student.local at 2026-08-18 17:30:09.164187
Config  : /home/sanjayh/frappe16-bench/sites/student.local/private/backups/20260818_173006-student_local-site_config_backup.json 187.0B
Database: /home/sanjayh/frappe16-bench/sites/student.local/private/backups/20260818_173006-student_local-database.sql.gz 246.2KiB
Backup for Site student.local has been successfully completed
File ./testsite.local/private/backups/20260818_113005-testsite_local-database.sql.gz is recent
File ./testsite.local/private/backups/20260817_173006-testsite_local-database.sql.gz is older than 23 hours
File ./testsite.local/private/backups/20260817_173006-testsite_local-site_config_backup.json is older than 23 hours
File ./testsite.local/private/backups/20260818_113005-testsite_local-site_config_backup.json is recent
set -o pipefail; /usr/bin/mariadb-dump --user=_69fa8765336c1e39 --host=127.0.0.1 --port=3306 --password=********** --single-transaction --quick --lock-tables=false _69fa8765336c1e39 | /usr/bin/gzip >> ./testsite.local/private/backups/20260818_173009-testsite_local-database.sql.gz

Backup Summary for testsite.local at 2026-08-18 17:30:10.721191
Config  : /home/sanjayh/frappe16-bench/sites/testsite.local/private/backups/20260818_173009-testsite_local-site_config_backup.json 266.0B
Database: /home/sanjayh/frappe16-bench/sites/testsite.local/private/backups/20260818_173009-testsite_local-database.sql.gz 235.9KiB
Backup for Site testsite.local has been successfully completed
set -o pipefail; /usr/bin/mariadb-dump --user=_822c72c2e1855b78 --host=127.0.0.1 --port=3306 --password=********** --single-transaction --quick --lock-tables=false _822c72c2e1855b78 | /usr/bin/gzip >> ./site1.local/private/backups/20260819_173003-site1_local-database.sql.gz

Backup Summary for site1.local at 2026-08-19 17:30:06.158503
Config  : /home/sanjayh/frappe16-bench/sites/site1.local/private/backups/20260819_173003-site1_local-site_config_backup.json 283.0B
Database: /home/sanjayh/frappe16-bench/sites/site1.local/private/backups/20260819_173003-site1_local-database.sql.gz 374.7KiB
Backup for Site site1.local has been successfully completed
File ./student.local/private/backups/20260819_135440-student_local-database.sql.gz is recent
File ./student.local/private/backups/20260819_135440-student_local-site_config_backup.json is recent
File ./student.local/private/backups/20260819_123747-student_local-site_config_backup.json is recent
File ./student.local/private/backups/20260818_173006-student_local-database.sql.gz is older than 23 hours
File ./student.local/private/backups/20260818_173006-student_local-site_config_backup.json is older than 23 hours
File ./student.local/private/backups/20260819_123747-student_local-database.sql.gz is recent
set -o pipefail; /usr/bin/mariadb-dump --user=_b00ecb73f360f17d --host=127.0.0.1 --port=3306 --password=********** --single-transaction --quick --lock-tables=false _b00ecb73f360f17d | /usr/bin/gzip >> ./student.local/private/backups/20260819_173006-student_local-database.sql.gz

Backup Summary for student.local at 2026-08-19 17:30:08.562569
Config  : /home/sanjayh/frappe16-bench/sites/student.local/private/backups/20260819_173006-student_local-site_config_backup.json 187.0B
Database: /home/sanjayh/frappe16-bench/sites/student.local/private/backups/20260819_173006-student_local-database.sql.gz 282.0KiB
Backup for Site student.local has been successfully completed
File ./testsite.local/private/backups/20260818_113005-testsite_local-database.sql.gz is older than 23 hours
File ./testsite.local/private/backups/20260818_173009-testsite_local-site_config_backup.json is older than 23 hours
File ./testsite.local/private/backups/20260818_173009-testsite_local-database.sql.gz is older than 23 hours
File ./testsite.local/private/backups/20260818_113005-testsite_local-site_config_backup.json is older than 23 hours
set -o pipefail; /usr/bin/mariadb-dump --user=_69fa8765336c1e39 --host=127.0.0.1 --port=3306 --password=********** --single-transaction --quick --lock-tables=false _69fa8765336c1e39 | /usr/bin/gzip >> ./testsite.local/private/backups/20260819_173008-testsite_local-database.sql.gz

Backup Summary for testsite.local at 2026-08-19 17:30:10.476071
Config  : /home/sanjayh/frappe16-bench/sites/testsite.local/private/backups/20260819_173008-testsite_local-site_config_backup.json 266.0B
Database: /home/sanjayh/frappe16-bench/sites/testsite.local/private/backups/20260819_173008-testsite_local-database.sql.gz 235.9KiB
Backup for Site testsite.local has been successfully completed
set -o pipefail; /usr/bin/mariadb-dump --user=_822c72c2e1855b78 --host=127.0.0.1 --port=3306 --password=********** --single-transaction --quick --lock-tables=false _822c72c2e1855b78 | /usr/bin/gzip >> ./site1.local/private/backups/20260820_113003-site1_local-database.sql.gz

Backup Summary for site1.local at 2026-08-20 11:30:06.783678
Config  : /home/sanjayh/frappe16-bench/sites/site1.local/private/backups/20260820_113003-site1_local-site_config_backup.json 283.0B
Database: /home/sanjayh/frappe16-bench/sites/site1.local/private/backups/20260820_113003-site1_local-database.sql.gz 375.1KiB
Backup for Site site1.local has been successfully completed
File ./student.local/private/backups/20260819_173006-student_local-site_config_backup.json is recent
File ./student.local/private/backups/20260819_135440-student_local-database.sql.gz is recent
File ./student.local/private/backups/20260819_135440-student_local-site_config_backup.json is recent
File ./student.local/private/backups/20260819_123747-student_local-site_config_backup.json is recent
File ./student.local/private/backups/20260819_173006-student_local-database.sql.gz is recent
File ./student.local/private/backups/20260819_123747-student_local-database.sql.gz is recent
set -o pipefail; /usr/bin/mariadb-dump --user=_b00ecb73f360f17d --host=127.0.0.1 --port=3306 --password=********** --single-transaction --quick --lock-tables=false _b00ecb73f360f17d | /usr/bin/gzip >> ./student.local/private/backups/20260820_113006-student_local-database.sql.gz

Backup Summary for student.local at 2026-08-20 11:30:09.219837
Config  : /home/sanjayh/frappe16-bench/sites/student.local/private/backups/20260820_113006-student_local-site_config_backup.json 187.0B
Database: /home/sanjayh/frappe16-bench/sites/student.local/private/backups/20260820_113006-student_local-database.sql.gz 283.2KiB
Backup for Site student.local has been successfully completed
File ./testsite.local/private/backups/20260819_173008-testsite_local-site_config_backup.json is recent
File ./testsite.local/private/backups/20260819_173008-testsite_local-database.sql.gz is recent
set -o pipefail; /usr/bin/mariadb-dump --user=_69fa8765336c1e39 --host=127.0.0.1 --port=3306 --password=********** --single-transaction --quick --lock-tables=false _69fa8765336c1e39 | /usr/bin/gzip >> ./testsite.local/private/backups/20260820_113009-testsite_local-database.sql.gz

Backup Summary for testsite.local at 2026-08-20 11:30:10.871572
Config  : /home/sanjayh/frappe16-bench/sites/testsite.local/private/backups/20260820_113009-testsite_local-site_config_backup.json 266.0B
Database: /home/sanjayh/frappe16-bench/sites/testsite.local/private/backups/20260820_113009-testsite_local-database.sql.gz 235.9KiB
Backup for Site testsite.local has been successfully completed
set -o pipefail; /usr/bin/mariadb-dump --user=_822c72c2e1855b78 --host=127.0.0.1 --port=3306 --password=********** --single-transaction --quick --lock-tables=false _822c72c2e1855b78 | /usr/bin/gzip >> ./site1.local/private/backups/20260821_113002-site1_local-database.sql.gz

Backup Summary for site1.local at 2026-08-21 11:30:05.893570
Config  : /home/sanjayh/frappe16-bench/sites/site1.local/private/backups/20260821_113002-site1_local-site_config_backup.json 283.0B
Database: /home/sanjayh/frappe16-bench/sites/site1.local/private/backups/20260821_113002-site1_local-database.sql.gz 378.4KiB
Backup for Site site1.local has been successfully completed
File ./student.local/private/backups/20260819_173006-student_local-site_config_backup.json is older than 23 hours
File ./student.local/private/backups/20260819_135440-student_local-database.sql.gz is older than 23 hours
File ./student.local/private/backups/20260820_113006-student_local-site_config_backup.json is older than 23 hours
File ./student.local/private/backups/20260819_135440-student_local-site_config_backup.json is older than 23 hours
File ./student.local/private/backups/20260820_113006-student_local-database.sql.gz is older than 23 hours
File ./student.local/private/backups/20260819_173006-student_local-database.sql.gz is older than 23 hours
set -o pipefail; /usr/bin/mariadb-dump --user=_b00ecb73f360f17d --host=127.0.0.1 --port=3306 --password=********** --single-transaction --quick --lock-tables=false _b00ecb73f360f17d | /usr/bin/gzip >> ./student.local/private/backups/20260821_113005-student_local-database.sql.gz

Backup Summary for student.local at 2026-08-21 11:30:08.186452
Config  : /home/sanjayh/frappe16-bench/sites/student.local/private/backups/20260821_113005-student_local-site_config_backup.json 187.0B
Database: /home/sanjayh/frappe16-bench/sites/student.local/private/backups/20260821_113005-student_local-database.sql.gz 285.9KiB
Backup for Site student.local has been successfully completed
File ./testsite.local/private/backups/20260819_173008-testsite_local-site_config_backup.json is older than 23 hours
File ./testsite.local/private/backups/20260820_113009-testsite_local-site_config_backup.json is older than 23 hours
File ./testsite.local/private/backups/20260820_113009-testsite_local-database.sql.gz is older than 23 hours
File ./testsite.local/private/backups/20260819_173008-testsite_local-database.sql.gz is older than 23 hours
set -o pipefail; /usr/bin/mariadb-dump --user=_69fa8765336c1e39 --host=127.0.0.1 --port=3306 --password=********** --single-transaction --quick --lock-tables=false _69fa8765336c1e39 | /usr/bin/gzip >> ./testsite.local/private/backups/20260821_113008-testsite_local-database.sql.gz

Backup Summary for testsite.local at 2026-08-21 11:30:10.252032
Config  : /home/sanjayh/frappe16-bench/sites/testsite.local/private/backups/20260821_113008-testsite_local-site_config_backup.json 266.0B
Database: /home/sanjayh/frappe16-bench/sites/testsite.local/private/backups/20260821_113008-testsite_local-database.sql.gz 235.9KiB
Backup for Site testsite.local has been successfully completed
set -o pipefail; /usr/bin/mariadb-dump --user=_822c72c2e1855b78 --host=127.0.0.1 --port=3306 --password=********** --single-transaction --quick --lock-tables=false _822c72c2e1855b78 | /usr/bin/gzip >> ./site1.local/private/backups/20260825_113002-site1_local-database.sql.gz

Backup Summary for site1.local at 2026-08-25 11:30:06.003146
Config  : /home/sanjayh/frappe16-bench/sites/site1.local/private/backups/20260825_113002-site1_local-site_config_backup.json 283.0B
Database: /home/sanjayh/frappe16-bench/sites/site1.local/private/backups/20260825_113002-site1_local-database.sql.gz 373.8KiB
Backup for Site site1.local has been successfully completed
File ./student.local/private/backups/20260821_113005-student_local-site_config_backup.json is older than 23 hours
File ./student.local/private/backups/20260821_113005-student_local-database.sql.gz is older than 23 hours
set -o pipefail; /usr/bin/mariadb-dump --user=_b00ecb73f360f17d --host=127.0.0.1 --port=3306 --password=********** --single-transaction --quick --lock-tables=false _b00ecb73f360f17d | /usr/bin/gzip >> ./student.local/private/backups/20260825_113006-student_local-database.sql.gz

Backup Summary for student.local at 2026-08-25 11:30:08.568497
Config  : /home/sanjayh/frappe16-bench/sites/student.local/private/backups/20260825_113006-student_local-site_config_backup.json 187.0B
Database: /home/sanjayh/frappe16-bench/sites/student.local/private/backups/20260825_113006-student_local-database.sql.gz 288.5KiB
Backup for Site student.local has been successfully completed
File ./testsite.local/private/backups/20260821_113008-testsite_local-database.sql.gz is older than 23 hours
File ./testsite.local/private/backups/20260821_113008-testsite_local-site_config_backup.json is older than 23 hours
set -o pipefail; /usr/bin/mariadb-dump --user=_69fa8765336c1e39 --host=127.0.0.1 --port=3306 --password=********** --single-transaction --quick --lock-tables=false _69fa8765336c1e39 | /usr/bin/gzip >> ./testsite.local/private/backups/20260825_113008-testsite_local-database.sql.gz

Backup Summary for testsite.local at 2026-08-25 11:30:11.050049
Config  : /home/sanjayh/frappe16-bench/sites/testsite.local/private/backups/20260825_113008-testsite_local-site_config_backup.json 266.0B
Database: /home/sanjayh/frappe16-bench/sites/testsite.local/private/backups/20260825_113008-testsite_local-database.sql.gz 235.9KiB
Backup for Site testsite.local has been successfully completed
set -o pipefail; /usr/bin/mariadb-dump --user=_822c72c2e1855b78 --host=127.0.0.1 --port=3306 --password=********** --single-transaction --quick --lock-tables=false _822c72c2e1855b78 | /usr/bin/gzip >> ./site1.local/private/backups/20260825_173002-site1_local-database.sql.gz

Backup Summary for site1.local at 2026-08-25 17:30:05.352302
Config  : /home/sanjayh/frappe16-bench/sites/site1.local/private/backups/20260825_173002-site1_local-site_config_backup.json 283.0B
Database: /home/sanjayh/frappe16-bench/sites/site1.local/private/backups/20260825_173002-site1_local-database.sql.gz 377.2KiB
Backup for Site site1.local has been successfully completed
File ./student.local/private/backups/20260825_113006-student_local-site_config_backup.json is recent
File ./student.local/private/backups/20260825_113006-student_local-database.sql.gz is recent
set -o pipefail; /usr/bin/mariadb-dump --user=_b00ecb73f360f17d --host=127.0.0.1 --port=3306 --password=********** --single-transaction --quick --lock-tables=false _b00ecb73f360f17d | /usr/bin/gzip >> ./student.local/private/backups/20260825_173005-student_local-database.sql.gz

Backup Summary for student.local at 2026-08-25 17:30:07.614236
Config  : /home/sanjayh/frappe16-bench/sites/student.local/private/backups/20260825_173005-student_local-site_config_backup.json 187.0B
Database: /home/sanjayh/frappe16-bench/sites/student.local/private/backups/20260825_173005-student_local-database.sql.gz 289.8KiB
Backup for Site student.local has been successfully completed
File ./testsite.local/private/backups/20260825_113008-testsite_local-site_config_backup.json is recent
File ./testsite.local/private/backups/20260825_113008-testsite_local-database.sql.gz is recent
set -o pipefail; /usr/bin/mariadb-dump --user=_69fa8765336c1e39 --host=127.0.0.1 --port=3306 --password=********** --single-transaction --quick --lock-tables=false _69fa8765336c1e39 | /usr/bin/gzip >> ./testsite.local/private/backups/20260825_173007-testsite_local-database.sql.gz

Backup Summary for testsite.local at 2026-08-25 17:30:09.570011
Config  : /home/sanjayh/frappe16-bench/sites/testsite.local/private/backups/20260825_173007-testsite_local-site_config_backup.json 266.0B
Database: /home/sanjayh/frappe16-bench/sites/testsite.local/private/backups/20260825_173007-testsite_local-database.sql.gz 235.9KiB
Backup for Site testsite.local has been successfully completed
set -o pipefail; /usr/bin/mariadb-dump --user=_822c72c2e1855b78 --host=127.0.0.1 --port=3306 --password=********** --single-transaction --quick --lock-tables=false _822c72c2e1855b78 | /usr/bin/gzip >> ./site1.local/private/backups/20260826_113003-site1_local-database.sql.gz

Backup Summary for site1.local at 2026-08-26 11:30:07.112987
Config  : /home/sanjayh/frappe16-bench/sites/site1.local/private/backups/20260826_113003-site1_local-site_config_backup.json 283.0B
Database: /home/sanjayh/frappe16-bench/sites/site1.local/private/backups/20260826_113003-site1_local-database.sql.gz 363.1KiB
Backup for Site site1.local has been successfully completed
File ./student.local/private/backups/20260825_113006-student_local-site_config_backup.json is older than 23 hours
File ./student.local/private/backups/20260825_113006-student_local-database.sql.gz is older than 23 hours
File ./student.local/private/backups/20260825_173005-student_local-site_config_backup.json is recent
File ./student.local/private/backups/20260825_173005-student_local-database.sql.gz is recent
set -o pipefail; /usr/bin/mariadb-dump --user=_b00ecb73f360f17d --host=127.0.0.1 --port=3306 --password=********** --single-transaction --quick --lock-tables=false _b00ecb73f360f17d | /usr/bin/gzip >> ./student.local/private/backups/20260826_113007-student_local-database.sql.gz

Backup Summary for student.local at 2026-08-26 11:30:09.761201
Config  : /home/sanjayh/frappe16-bench/sites/student.local/private/backups/20260826_113007-student_local-site_config_backup.json 187.0B
Database: /home/sanjayh/frappe16-bench/sites/student.local/private/backups/20260826_113007-student_local-database.sql.gz 288.4KiB
Backup for Site student.local has been successfully completed
File ./testsite.local/private/backups/20260825_173007-testsite_local-site_config_backup.json is recent
File ./testsite.local/private/backups/20260825_113008-testsite_local-site_config_backup.json is older than 23 hours
File ./testsite.local/private/backups/20260825_113008-testsite_local-database.sql.gz is older than 23 hours
File ./testsite.local/private/backups/20260825_173007-testsite_local-database.sql.gz is recent
set -o pipefail; /usr/bin/mariadb-dump --user=_69fa8765336c1e39 --host=127.0.0.1 --port=3306 --password=********** --single-transaction --quick --lock-tables=false _69fa8765336c1e39 | /usr/bin/gzip >> ./testsite.local/private/backups/20260826_113009-testsite_local-database.sql.gz

Backup Summary for testsite.local at 2026-08-26 11:30:12.852987
Config  : /home/sanjayh/frappe16-bench/sites/testsite.local/private/backups/20260826_113009-testsite_local-site_config_backup.json 266.0B
Database: /home/sanjayh/frappe16-bench/sites/testsite.local/private/backups/20260826_113009-testsite_local-database.sql.gz 235.9KiB
Backup for Site testsite.local has been successfully completed
set -o pipefail; /usr/bin/mariadb-dump --user=_822c72c2e1855b78 --host=127.0.0.1 --port=3306 --password=********** --single-transaction --quick --lock-tables=false _822c72c2e1855b78 | /usr/bin/gzip >> ./site1.local/private/backups/20260826_173004-site1_local-database.sql.gz

Backup Summary for site1.local at 2026-08-26 17:30:11.931394
Config  : /home/sanjayh/frappe16-bench/sites/site1.local/private/backups/20260826_173004-site1_local-site_config_backup.json 283.0B
Database: /home/sanjayh/frappe16-bench/sites/site1.local/private/backups/20260826_173004-site1_local-database.sql.gz 370.8KiB
Backup for Site site1.local has been successfully completed
File ./student.local/private/backups/20260826_113007-student_local-site_config_backup.json is recent
File ./student.local/private/backups/20260826_113007-student_local-database.sql.gz is recent
File ./student.local/private/backups/20260825_173005-student_local-site_config_backup.json is older than 23 hours
File ./student.local/private/backups/20260825_173005-student_local-database.sql.gz is older than 23 hours
set -o pipefail; /usr/bin/mariadb-dump --user=_b00ecb73f360f17d --host=127.0.0.1 --port=3306 --password=********** --single-transaction --quick --lock-tables=false _b00ecb73f360f17d | /usr/bin/gzip >> ./student.local/private/backups/20260826_173011-student_local-database.sql.gz

Backup Summary for student.local at 2026-08-26 17:30:15.054686
Config  : /home/sanjayh/frappe16-bench/sites/student.local/private/backups/20260826_173011-student_local-site_config_backup.json 187.0B
Database: /home/sanjayh/frappe16-bench/sites/student.local/private/backups/20260826_173011-student_local-database.sql.gz 289.8KiB
Backup for Site student.local has been successfully completed
File ./testsite.local/private/backups/20260825_173007-testsite_local-site_config_backup.json is older than 23 hours
File ./testsite.local/private/backups/20260826_113009-testsite_local-site_config_backup.json is recent
File ./testsite.local/private/backups/20260826_113009-testsite_local-database.sql.gz is recent
File ./testsite.local/private/backups/20260825_173007-testsite_local-database.sql.gz is older than 23 hours
set -o pipefail; /usr/bin/mariadb-dump --user=_69fa8765336c1e39 --host=127.0.0.1 --port=3306 --password=********** --single-transaction --quick --lock-tables=false _69fa8765336c1e39 | /usr/bin/gzip >> ./testsite.local/private/backups/20260826_173015-testsite_local-database.sql.gz

Backup Summary for testsite.local at 2026-08-26 17:30:18.265834
Config  : /home/sanjayh/frappe16-bench/sites/testsite.local/private/backups/20260826_173015-testsite_local-site_config_backup.json 266.0B
Database: /home/sanjayh/frappe16-bench/sites/testsite.local/private/backups/20260826_173015-testsite_local-database.sql.gz 235.9KiB
Backup for Site testsite.local has been successfully completed
set -o pipefail; /usr/bin/mariadb-dump --user=_822c72c2e1855b78 --host=127.0.0.1 --port=3306 --password=********** --single-transaction --quick --lock-tables=false _822c72c2e1855b78 | /usr/bin/gzip >> ./site1.local/private/backups/20260827_173002-site1_local-database.sql.gz

Backup Summary for site1.local at 2026-08-27 17:30:05.606608
Config  : /home/sanjayh/frappe16-bench/sites/site1.local/private/backups/20260827_173002-site1_local-site_config_backup.json 283.0B
Database: /home/sanjayh/frappe16-bench/sites/site1.local/private/backups/20260827_173002-site1_local-database.sql.gz 386.0KiB
Backup for Site site1.local has been successfully completed
File ./student.local/private/backups/20260826_113007-student_local-site_config_backup.json is older than 23 hours
File ./student.local/private/backups/20260826_173011-student_local-site_config_backup.json is older than 23 hours
File ./student.local/private/backups/20260826_113007-student_local-database.sql.gz is older than 23 hours
File ./student.local/private/backups/20260826_173011-student_local-database.sql.gz is older than 23 hours
set -o pipefail; /usr/bin/mariadb-dump --user=_b00ecb73f360f17d --host=127.0.0.1 --port=3306 --password=********** --single-transaction --quick --lock-tables=false _b00ecb73f360f17d | /usr/bin/gzip >> ./student.local/private/backups/20260827_173005-student_local-database.sql.gz

Backup Summary for student.local at 2026-08-27 17:30:07.857726
Config  : /home/sanjayh/frappe16-bench/sites/student.local/private/backups/20260827_173005-student_local-site_config_backup.json 187.0B
Database: /home/sanjayh/frappe16-bench/sites/student.local/private/backups/20260827_173005-student_local-database.sql.gz 289.9KiB
Backup for Site student.local has been successfully completed
File ./testsite.local/private/backups/20260826_113009-testsite_local-site_config_backup.json is older than 23 hours
File ./testsite.local/private/backups/20260826_113009-testsite_local-database.sql.gz is older than 23 hours
File ./testsite.local/private/backups/20260826_173015-testsite_local-database.sql.gz is older than 23 hours
File ./testsite.local/private/backups/20260826_173015-testsite_local-site_config_backup.json is older than 23 hours
set -o pipefail; /usr/bin/mariadb-dump --user=_69fa8765336c1e39 --host=127.0.0.1 --port=3306 --password=********** --single-transaction --quick --lock-tables=false _69fa8765336c1e39 | /usr/bin/gzip >> ./testsite.local/private/backups/20260827_173007-testsite_local-database.sql.gz

Backup Summary for testsite.local at 2026-08-27 17:30:09.241732
Config  : /home/sanjayh/frappe16-bench/sites/testsite.local/private/backups/20260827_173007-testsite_local-site_config_backup.json 266.0B
Database: /home/sanjayh/frappe16-bench/sites/testsite.local/private/backups/20260827_173007-testsite_local-database.sql.gz 235.9KiB
Backup for Site testsite.local has been successfully completed
