2026-07-14 11:12:45,417 DEBUG cd frappe16-bench && uv venv env --seed --python python3.14
2026-07-14 11:12:46,538 LOG Getting frappe
2026-07-14 11:12:46,538 DEBUG cd frappe16-bench/apps && git clone https://github.com/frappe/frappe.git --branch version-16 --depth 1 --origin upstream
2026-07-14 11:12:53,277 LOG Installing frappe
2026-07-14 11:12:53,279 DEBUG cd /home/sanjayh/frappe16-bench && uv pip install --quiet -e /home/sanjayh/frappe16-bench/apps/frappe  --python /home/sanjayh/frappe16-bench/env/bin/python
2026-07-14 11:13:13,605 DEBUG cd /home/sanjayh/frappe16-bench/apps/frappe && yarn install --check-files
2026-07-14 11:13:28,091 DEBUG cd frappe16-bench && bench build
2026-07-14 11:13:28,189 INFO /home/sanjayh/.local/bin/bench build
2026-07-14 11:14:15,488 LOG setting up backups
2026-07-14 11:14:15,530 LOG backups were set up
2026-07-14 11:14:15,531 INFO Bench frappe16-bench initialized
2026-07-14 11:15:17,268 INFO /home/sanjayh/.local/bin/bench new-site site1.local
2026-07-14 11:16:40,601 INFO /home/sanjayh/.local/bin/bench new-site site1.local
2026-07-14 11:18:30,762 INFO /home/sanjayh/.local/bin/bench list-sites
2026-07-14 11:18:57,636 INFO /home/sanjayh/.local/bin/bench start
2026-07-14 11:18:58,026 INFO /home/sanjayh/.local/bin/bench watch
2026-07-14 11:18:58,064 INFO /home/sanjayh/.local/bin/bench serve --port 8001
2026-07-14 11:18:58,070 INFO /home/sanjayh/.local/bin/bench socketio
2026-07-14 11:18:58,095 INFO /home/sanjayh/.local/bin/bench worker
2026-07-14 11:18:58,123 INFO /home/sanjayh/.local/bin/bench schedule
2026-07-14 11:21:32,591 INFO /home/sanjayh/.local/bin/bench use site1.local
2026-07-14 11:24:13,583 INFO /home/sanjayh/.local/bin/bench start
2026-07-14 11:24:14,018 INFO /home/sanjayh/.local/bin/bench worker
2026-07-14 11:24:14,042 INFO /home/sanjayh/.local/bin/bench socketio
2026-07-14 11:24:14,064 INFO /home/sanjayh/.local/bin/bench serve --port 8001
2026-07-14 11:24:14,084 INFO /home/sanjayh/.local/bin/bench watch
2026-07-14 11:24:14,094 INFO /home/sanjayh/.local/bin/bench schedule
2026-07-14 11:27:32,738 INFO /home/sanjayh/.local/bin/bench build
2026-07-14 11:28:18,478 INFO /home/sanjayh/.local/bin/bench --site site1.local clear-cache
2026-07-14 11:28:32,166 INFO /home/sanjayh/.local/bin/bench start
2026-07-14 11:28:32,540 INFO /home/sanjayh/.local/bin/bench watch
2026-07-14 11:28:32,567 INFO /home/sanjayh/.local/bin/bench socketio
2026-07-14 11:28:32,596 INFO /home/sanjayh/.local/bin/bench schedule
2026-07-14 11:28:32,612 INFO /home/sanjayh/.local/bin/bench worker
2026-07-14 11:28:32,650 INFO /home/sanjayh/.local/bin/bench serve --port 8001
2026-07-14 11:30:15,497 INFO /home/sanjayh/.local/bin/bench --site site1.local set-admin-password
2026-07-14 11:31:46,816 INFO /home/sanjayh/.local/bin/bench start
2026-07-14 11:31:47,283 INFO /home/sanjayh/.local/bin/bench worker
2026-07-14 11:31:47,285 INFO /home/sanjayh/.local/bin/bench socketio
2026-07-14 11:31:47,329 INFO /home/sanjayh/.local/bin/bench watch
2026-07-14 11:31:47,333 INFO /home/sanjayh/.local/bin/bench serve --port 8001
2026-07-14 11:31:47,369 INFO /home/sanjayh/.local/bin/bench schedule
2026-07-14 11:34:15,267 INFO /home/sanjayh/.local/bin/bench start
2026-07-14 11:34:15,699 INFO /home/sanjayh/.local/bin/bench watch
2026-07-14 11:34:15,710 INFO /home/sanjayh/.local/bin/bench serve --port 8001
2026-07-14 11:34:15,721 INFO /home/sanjayh/.local/bin/bench socketio
2026-07-14 11:34:15,810 INFO /home/sanjayh/.local/bin/bench schedule
2026-07-14 11:34:15,862 INFO /home/sanjayh/.local/bin/bench worker
2026-07-14 11:35:35,559 INFO /home/sanjayh/.local/bin/bench --site site1.local set-admin-password Admin@123
2026-07-14 11:35:42,178 INFO /home/sanjayh/.local/bin/bench --site site1.local console
2026-07-14 11:37:07,808 INFO /home/sanjayh/.local/bin/bench --site site1.local set-admin-password Admin@123
2026-07-14 11:37:15,819 INFO /home/sanjayh/.local/bin/bench --site site1.local clear-cache
2026-07-14 11:37:38,932 INFO /home/sanjayh/.local/bin/bench start
2026-07-14 11:37:39,410 INFO /home/sanjayh/.local/bin/bench schedule
2026-07-14 11:37:39,414 INFO /home/sanjayh/.local/bin/bench serve --port 8001
2026-07-14 11:37:39,426 INFO /home/sanjayh/.local/bin/bench watch
2026-07-14 11:37:39,513 INFO /home/sanjayh/.local/bin/bench worker
2026-07-14 11:37:39,590 INFO /home/sanjayh/.local/bin/bench socketio
2026-07-14 11:41:22,431 INFO /home/sanjayh/.local/bin/bench clear-cache
2026-07-14 11:41:26,555 INFO /home/sanjayh/.local/bin/bench clear-website-cache
2026-07-14 11:41:27,523 INFO /home/sanjayh/.local/bin/bench migrate
2026-07-14 11:41:28,917 INFO /home/sanjayh/.local/bin/bench build --force
2026-07-14 11:42:07,088 INFO /home/sanjayh/.local/bin/bench start
2026-07-14 11:42:07,469 INFO /home/sanjayh/.local/bin/bench worker
2026-07-14 11:42:07,478 INFO /home/sanjayh/.local/bin/bench schedule
2026-07-14 11:42:07,524 INFO /home/sanjayh/.local/bin/bench serve --port 8001
2026-07-14 11:42:07,550 INFO /home/sanjayh/.local/bin/bench socketio
2026-07-14 11:42:07,559 INFO /home/sanjayh/.local/bin/bench watch
2026-07-14 11:48:57,218 INFO /home/sanjayh/.local/bin/bench start
2026-07-14 11:48:57,613 INFO /home/sanjayh/.local/bin/bench serve --port 8001
2026-07-14 11:48:57,637 INFO /home/sanjayh/.local/bin/bench schedule
2026-07-14 11:48:57,640 INFO /home/sanjayh/.local/bin/bench worker
2026-07-14 11:48:57,648 INFO /home/sanjayh/.local/bin/bench watch
2026-07-14 11:48:57,704 INFO /home/sanjayh/.local/bin/bench socketio
2026-07-15 08:03:57,393 INFO /home/sanjayh/.local/bin/bench list-sites
2026-07-15 08:04:22,343 INFO /home/sanjayh/.local/bin/bench start
2026-07-15 08:04:22,898 INFO /home/sanjayh/.local/bin/bench socketio
2026-07-15 08:04:22,898 INFO /home/sanjayh/.local/bin/bench watch
2026-07-15 08:04:22,941 INFO /home/sanjayh/.local/bin/bench serve --port 8001
2026-07-15 08:04:23,026 INFO /home/sanjayh/.local/bin/bench worker
2026-07-15 08:04:23,065 INFO /home/sanjayh/.local/bin/bench schedule
2026-07-15 08:05:37,085 INFO /home/sanjayh/.local/bin/bench clear-cache
2026-07-15 08:07:27,786 INFO /home/sanjayh/.local/bin/bench new-app testapp
2026-07-15 08:07:27,792 LOG creating new app testapp
2026-07-15 08:10:04,547 LOG Installing testapp
2026-07-15 08:10:04,550 DEBUG cd /home/sanjayh/frappe16-bench && uv pip install --quiet -e /home/sanjayh/frappe16-bench/apps/testapp  --python /home/sanjayh/frappe16-bench/env/bin/python
2026-07-15 08:10:05,460 DEBUG bench build --app testapp
2026-07-15 08:10:05,604 INFO /home/sanjayh/.local/bin/bench build --app testapp
2026-07-15 08:14:45,338 INFO /home/sanjayh/.local/bin/bench --site site1.local install-app testapp
2026-07-15 08:17:26,904 INFO /home/sanjayh/.local/bin/bench --site site1.local list-apps
2026-07-15 08:23:08,594 INFO /home/sanjayh/.local/bin/bench start
2026-07-15 08:23:09,170 INFO /home/sanjayh/.local/bin/bench serve --port 8001
2026-07-15 08:23:09,201 INFO /home/sanjayh/.local/bin/bench socketio
2026-07-15 08:23:09,235 INFO /home/sanjayh/.local/bin/bench watch
2026-07-15 08:23:09,281 INFO /home/sanjayh/.local/bin/bench worker
2026-07-15 08:23:09,349 INFO /home/sanjayh/.local/bin/bench schedule
2026-07-15 08:30:59,597 INFO /home/sanjayh/.local/bin/bench list-sites
2026-07-15 08:32:13,016 INFO /home/sanjayh/.local/bin/bench new-site site2.local
2026-07-15 08:33:43,223 INFO /home/sanjayh/.local/bin/bench list-sites
2026-07-15 08:34:37,055 INFO /home/sanjayh/.local/bin/bench new-app test2_app
2026-07-15 08:34:37,059 LOG creating new app test2_app
2026-07-15 08:35:44,541 LOG Installing test2_app
2026-07-15 08:35:44,542 DEBUG cd /home/sanjayh/frappe16-bench && uv pip install --quiet -e /home/sanjayh/frappe16-bench/apps/test2_app  --python /home/sanjayh/frappe16-bench/env/bin/python
2026-07-15 08:35:45,415 DEBUG bench build --app test2_app
2026-07-15 08:35:45,577 INFO /home/sanjayh/.local/bin/bench build --app test2_app
2026-07-15 08:36:22,677 INFO /home/sanjayh/.local/bin/bench --site site2.local install-app test2_app
2026-07-15 08:36:50,811 INFO /home/sanjayh/.local/bin/bench --site site2.local list-apps
2026-07-15 08:37:24,841 INFO /home/sanjayh/.local/bin/bench --site site2.local uninstall-app test2_app
2026-07-15 08:38:12,576 INFO /home/sanjayh/.local/bin/bench --site site2.local list-apps
2026-07-15 08:39:01,427 INFO /home/sanjayh/.local/bin/bench start
2026-07-15 08:39:01,958 INFO /home/sanjayh/.local/bin/bench serve --port 8001
2026-07-15 08:39:01,965 INFO /home/sanjayh/.local/bin/bench worker
2026-07-15 08:39:02,025 INFO /home/sanjayh/.local/bin/bench schedule
2026-07-15 08:39:02,108 INFO /home/sanjayh/.local/bin/bench socketio
2026-07-15 08:39:02,117 INFO /home/sanjayh/.local/bin/bench watch
2026-07-15 08:40:14,466 INFO /home/sanjayh/.local/bin/bench --site site2.local uninstall-app test2_app
2026-07-15 08:40:46,030 INFO /home/sanjayh/.local/bin/bench --site site2.local list-apps
2026-07-15 08:48:58,409 INFO /home/sanjayh/.local/bin/bench new-app fieldapp
2026-07-15 08:48:58,416 LOG creating new app fieldapp
2026-07-15 08:49:54,858 LOG Installing fieldapp
2026-07-15 08:49:54,860 DEBUG cd /home/sanjayh/frappe16-bench && uv pip install --quiet -e /home/sanjayh/frappe16-bench/apps/fieldapp  --python /home/sanjayh/frappe16-bench/env/bin/python
2026-07-15 08:49:55,513 DEBUG bench build --app fieldapp
2026-07-15 08:49:55,671 INFO /home/sanjayh/.local/bin/bench build --app fieldapp
2026-07-15 08:50:35,671 INFO /home/sanjayh/.local/bin/bench --site site2.local install-app fieldapp
2026-07-15 08:51:40,320 INFO /home/sanjayh/.local/bin/bench start
2026-07-15 08:51:40,761 INFO /home/sanjayh/.local/bin/bench socketio
2026-07-15 08:51:40,782 INFO /home/sanjayh/.local/bin/bench watch
2026-07-15 08:51:40,814 INFO /home/sanjayh/.local/bin/bench schedule
2026-07-15 08:51:40,884 INFO /home/sanjayh/.local/bin/bench worker
2026-07-15 08:51:40,950 INFO /home/sanjayh/.local/bin/bench serve --port 8001
2026-07-15 08:59:57,710 INFO /home/sanjayh/.local/bin/bench use site2.local
2026-07-15 09:00:18,131 INFO /home/sanjayh/.local/bin/bench start
2026-07-15 09:00:18,706 INFO /home/sanjayh/.local/bin/bench serve --port 8001
2026-07-15 09:00:18,720 INFO /home/sanjayh/.local/bin/bench worker
2026-07-15 09:00:18,725 INFO /home/sanjayh/.local/bin/bench watch
2026-07-15 09:00:18,799 INFO /home/sanjayh/.local/bin/bench socketio
2026-07-15 09:00:18,827 INFO /home/sanjayh/.local/bin/bench schedule
2026-07-15 11:02:20,386 INFO /home/sanjayh/.local/bin/bench set-config -g developer_mode 1
2026-07-15 11:02:31,541 INFO /home/sanjayh/.local/bin/bench start
2026-07-15 11:02:32,177 INFO /home/sanjayh/.local/bin/bench watch
2026-07-15 11:02:32,221 INFO /home/sanjayh/.local/bin/bench schedule
2026-07-15 11:02:32,235 INFO /home/sanjayh/.local/bin/bench socketio
2026-07-15 11:02:32,260 INFO /home/sanjayh/.local/bin/bench serve --port 8001
2026-07-15 11:02:32,332 INFO /home/sanjayh/.local/bin/bench worker
2026-07-15 11:41:24,278 INFO /home/sanjayh/.local/bin/bench start
2026-07-15 11:41:24,821 INFO /home/sanjayh/.local/bin/bench watch
2026-07-15 11:41:24,840 INFO /home/sanjayh/.local/bin/bench worker
2026-07-15 11:41:24,891 INFO /home/sanjayh/.local/bin/bench serve --port 8001
2026-07-15 11:41:24,901 INFO /home/sanjayh/.local/bin/bench schedule
2026-07-15 11:41:24,985 INFO /home/sanjayh/.local/bin/bench socketio
2026-07-15 12:00:01,735 INFO /home/sanjayh/.local/bin/bench --verbose --site all backup
2026-07-16 04:54:06,746 INFO /home/sanjayh/.local/bin/bench start
2026-07-16 04:54:07,276 INFO /home/sanjayh/.local/bin/bench serve --port 8001
2026-07-16 04:54:07,296 INFO /home/sanjayh/.local/bin/bench watch
2026-07-16 04:54:07,324 INFO /home/sanjayh/.local/bin/bench schedule
2026-07-16 04:54:07,377 INFO /home/sanjayh/.local/bin/bench socketio
2026-07-16 04:54:07,425 INFO /home/sanjayh/.local/bin/bench worker
2026-07-16 04:56:53,997 INFO /home/sanjayh/.local/bin/bench start
2026-07-16 04:56:55,698 INFO /home/sanjayh/.local/bin/bench schedule
2026-07-16 04:56:55,796 INFO /home/sanjayh/.local/bin/bench serve --port 8001
2026-07-16 04:56:55,877 INFO /home/sanjayh/.local/bin/bench worker
2026-07-16 04:56:55,889 INFO /home/sanjayh/.local/bin/bench socketio
2026-07-16 04:56:56,048 INFO /home/sanjayh/.local/bin/bench watch
2026-07-16 05:06:13,209 INFO /home/sanjayh/.local/bin/bench mariadb
2026-07-16 08:05:26,255 INFO /home/sanjayh/.local/bin/bench --site site2.local start mariadb
2026-07-16 08:05:26,262 WARNING /home/sanjayh/.local/bin/bench --site site2.local start mariadb executed with exit code 2
2026-07-16 08:08:23,668 INFO /home/sanjayh/.local/bin/bench --site site2.local mariadb
2026-07-16 08:09:33,355 INFO /home/sanjayh/.local/bin/bench --site site2.local mariadb
2026-07-16 08:14:31,659 INFO /home/sanjayh/.local/bin/bench mariadb
2026-07-16 08:17:11,038 INFO /home/sanjayh/.local/bin/bench mariadb
2026-07-16 08:49:06,496 INFO /home/sanjayh/.local/bin/bench mariadb
2026-07-16 12:00:02,196 INFO /home/sanjayh/.local/bin/bench --verbose --site all backup
2026-07-16 15:42:48,694 INFO /home/sanjayh/.local/bin/bench new-site doctypesite
2026-07-16 15:43:08,712 INFO /home/sanjayh/.local/bin/bench new-site doctypesite
2026-07-16 15:44:31,693 INFO /home/sanjayh/.local/bin/bench new-site doctypesite
2026-07-16 15:45:28,356 INFO /home/sanjayh/.local/bin/bench new-app doctypeapp
2026-07-16 15:45:28,362 LOG creating new app doctypeapp
2026-07-16 15:46:40,064 LOG Installing doctypeapp
2026-07-16 15:46:40,065 DEBUG cd /home/sanjayh/frappe16-bench && uv pip install --quiet -e /home/sanjayh/frappe16-bench/apps/doctypeapp  --python /home/sanjayh/frappe16-bench/env/bin/python
2026-07-16 15:46:40,582 DEBUG bench build --app doctypeapp
2026-07-16 15:46:40,680 INFO /home/sanjayh/.local/bin/bench build --app doctypeapp
2026-07-16 15:47:20,946 INFO /home/sanjayh/.local/bin/bench --site doctypesite install-app doctypeapp
2026-07-16 15:47:34,576 INFO /home/sanjayh/.local/bin/bench use doctypesite
2026-07-16 15:47:44,477 INFO /home/sanjayh/.local/bin/bench start
2026-07-16 15:47:44,869 INFO /home/sanjayh/.local/bin/bench watch
2026-07-16 15:47:44,873 INFO /home/sanjayh/.local/bin/bench serve --port 8001
2026-07-16 15:47:44,910 INFO /home/sanjayh/.local/bin/bench schedule
2026-07-16 15:47:44,942 INFO /home/sanjayh/.local/bin/bench worker
2026-07-16 15:47:45,036 INFO /home/sanjayh/.local/bin/bench socketio
2026-07-16 18:00:01,836 INFO /home/sanjayh/.local/bin/bench --verbose --site all backup
2026-07-17 04:42:23,729 INFO /home/sanjayh/.local/bin/bench start
2026-07-17 04:42:24,233 INFO /home/sanjayh/.local/bin/bench serve --port 8001
2026-07-17 04:42:24,250 INFO /home/sanjayh/.local/bin/bench worker
2026-07-17 04:42:24,303 INFO /home/sanjayh/.local/bin/bench socketio
2026-07-17 04:42:24,319 INFO /home/sanjayh/.local/bin/bench watch
2026-07-17 04:42:24,382 INFO /home/sanjayh/.local/bin/bench schedule
2026-07-17 06:00:01,529 INFO /home/sanjayh/.local/bin/bench --verbose --site all backup
2026-07-17 12:00:01,361 INFO /home/sanjayh/.local/bin/bench --verbose --site all backup
2026-07-20 04:52:09,684 INFO /home/sanjayh/.local/bin/bench start
2026-07-20 04:52:10,381 INFO /home/sanjayh/.local/bin/bench worker
2026-07-20 04:52:10,422 INFO /home/sanjayh/.local/bin/bench serve --port 8001
2026-07-20 04:52:10,433 INFO /home/sanjayh/.local/bin/bench schedule
2026-07-20 04:52:10,442 INFO /home/sanjayh/.local/bin/bench socketio
2026-07-20 04:52:10,458 INFO /home/sanjayh/.local/bin/bench watch
2026-07-20 09:19:50,954 INFO /home/sanjayh/.local/bin/bench migrate
2026-07-20 09:20:17,707 INFO /home/sanjayh/.local/bin/bench start
2026-07-20 09:20:18,507 INFO /home/sanjayh/.local/bin/bench watch
2026-07-20 09:20:18,510 INFO /home/sanjayh/.local/bin/bench schedule
2026-07-20 09:20:18,588 INFO /home/sanjayh/.local/bin/bench worker
2026-07-20 09:20:18,596 INFO /home/sanjayh/.local/bin/bench serve --port 8001
2026-07-20 09:20:18,664 INFO /home/sanjayh/.local/bin/bench socketio
2026-07-20 12:00:02,176 INFO /home/sanjayh/.local/bin/bench --verbose --site all backup
2026-07-21 05:20:45,337 INFO /home/sanjayh/.local/bin/bench start
2026-07-21 05:20:45,719 INFO /home/sanjayh/.local/bin/bench worker
2026-07-21 05:20:45,721 INFO /home/sanjayh/.local/bin/bench serve --port 8001
2026-07-21 05:20:45,757 INFO /home/sanjayh/.local/bin/bench watch
2026-07-21 05:20:45,795 INFO /home/sanjayh/.local/bin/bench socketio
2026-07-21 05:20:45,813 INFO /home/sanjayh/.local/bin/bench schedule
2026-07-21 06:08:46,799 INFO /home/sanjayh/.local/bin/bench start
2026-07-21 06:08:47,203 INFO /home/sanjayh/.local/bin/bench schedule
2026-07-21 06:08:47,224 INFO /home/sanjayh/.local/bin/bench watch
2026-07-21 06:08:47,232 INFO /home/sanjayh/.local/bin/bench socketio
2026-07-21 06:08:47,262 INFO /home/sanjayh/.local/bin/bench serve --port 8001
2026-07-21 06:08:47,282 INFO /home/sanjayh/.local/bin/bench worker
2026-07-21 06:28:12,485 INFO /home/sanjayh/.local/bin/bench build
2026-07-21 06:28:52,943 INFO /home/sanjayh/.local/bin/bench start
2026-07-21 06:28:53,635 INFO /home/sanjayh/.local/bin/bench watch
2026-07-21 06:28:53,749 INFO /home/sanjayh/.local/bin/bench schedule
2026-07-21 06:28:53,761 INFO /home/sanjayh/.local/bin/bench serve --port 8001
2026-07-21 06:28:53,780 INFO /home/sanjayh/.local/bin/bench worker
2026-07-21 06:28:53,798 INFO /home/sanjayh/.local/bin/bench socketio
2026-07-21 06:34:34,673 INFO /home/sanjayh/.local/bin/bench build
2026-07-21 06:35:23,146 INFO /home/sanjayh/.local/bin/bench start
2026-07-21 06:35:23,656 INFO /home/sanjayh/.local/bin/bench schedule
2026-07-21 06:35:23,677 INFO /home/sanjayh/.local/bin/bench serve --port 8001
2026-07-21 06:35:23,692 INFO /home/sanjayh/.local/bin/bench socketio
2026-07-21 06:35:23,732 INFO /home/sanjayh/.local/bin/bench worker
2026-07-21 06:35:23,849 INFO /home/sanjayh/.local/bin/bench watch
2026-07-22 04:57:16,844 INFO /home/sanjayh/.local/bin/bench start
2026-07-22 04:57:17,396 INFO /home/sanjayh/.local/bin/bench watch
2026-07-22 04:57:17,403 INFO /home/sanjayh/.local/bin/bench serve --port 8001
2026-07-22 04:57:17,422 INFO /home/sanjayh/.local/bin/bench schedule
2026-07-22 04:57:17,457 INFO /home/sanjayh/.local/bin/bench worker
2026-07-22 04:57:17,488 INFO /home/sanjayh/.local/bin/bench socketio
2026-07-22 06:00:02,080 INFO /home/sanjayh/.local/bin/bench --verbose --site all backup
2026-07-22 12:00:02,446 INFO /home/sanjayh/.local/bin/bench --verbose --site all backup
2026-07-24 04:49:49,528 INFO /home/sanjayh/.local/bin/bench start
2026-07-24 04:49:50,498 INFO /home/sanjayh/.local/bin/bench worker
2026-07-24 04:49:50,504 INFO /home/sanjayh/.local/bin/bench schedule
2026-07-24 04:49:50,521 INFO /home/sanjayh/.local/bin/bench socketio
2026-07-24 04:49:50,540 INFO /home/sanjayh/.local/bin/bench serve --port 8001
2026-07-24 04:49:50,672 INFO /home/sanjayh/.local/bin/bench watch
2026-07-24 04:55:29,111 INFO /home/sanjayh/.local/bin/bench new-site project1
2026-07-24 04:57:00,273 INFO /home/sanjayh/.local/bin/bench new-site project1
2026-07-24 04:57:48,753 INFO /home/sanjayh/.local/bin/bench new-site project
2026-07-24 04:59:21,270 INFO /home/sanjayh/.local/bin/bench use project
2026-07-24 04:59:39,582 INFO /home/sanjayh/.local/bin/bench start
2026-07-24 04:59:40,160 INFO /home/sanjayh/.local/bin/bench serve --port 8001
2026-07-24 04:59:40,203 INFO /home/sanjayh/.local/bin/bench worker
2026-07-24 04:59:40,250 INFO /home/sanjayh/.local/bin/bench socketio
2026-07-24 04:59:40,283 INFO /home/sanjayh/.local/bin/bench schedule
2026-07-24 04:59:40,292 INFO /home/sanjayh/.local/bin/bench watch
2026-07-24 06:00:01,642 INFO /home/sanjayh/.local/bin/bench --verbose --site all backup
2026-07-24 06:15:47,917 INFO /home/sanjayh/.local/bin/bench new-app student_management
2026-07-24 06:15:47,926 LOG creating new app student_management
2026-07-24 06:16:59,297 LOG Installing student_management
2026-07-24 06:16:59,299 DEBUG cd /home/sanjayh/frappe16-bench && uv pip install --quiet -e /home/sanjayh/frappe16-bench/apps/student_management  --python /home/sanjayh/frappe16-bench/env/bin/python
2026-07-24 06:16:59,477 WARNING cd /home/sanjayh/frappe16-bench && uv pip install --quiet -e /home/sanjayh/frappe16-bench/apps/student_management  --python /home/sanjayh/frappe16-bench/env/bin/python executed with exit code 2
2026-07-24 06:16:59,477 WARNING /home/sanjayh/.local/bin/bench new-app student_management executed with exit code 167
2026-07-24 06:17:15,374 INFO /home/sanjayh/.local/bin/bench new-app student_management
2026-07-24 06:17:15,379 LOG creating new app student_management
2026-07-24 06:18:06,447 LOG Installing student_management
2026-07-24 06:18:06,449 DEBUG cd /home/sanjayh/frappe16-bench && uv pip install --quiet -e /home/sanjayh/frappe16-bench/apps/student_management  --python /home/sanjayh/frappe16-bench/env/bin/python
2026-07-24 06:18:08,475 DEBUG bench build --app student_management
2026-07-24 06:18:08,727 INFO /home/sanjayh/.local/bin/bench build --app student_management
2026-07-24 06:18:36,897 INFO /home/sanjayh/.local/bin/bench --site project install-app student_management
2026-07-24 06:18:50,618 INFO /home/sanjayh/.local/bin/bench migrate
2026-07-24 06:19:22,643 INFO /home/sanjayh/.local/bin/bench start
2026-07-24 06:19:24,222 INFO /home/sanjayh/.local/bin/bench watch
2026-07-24 06:19:24,375 INFO /home/sanjayh/.local/bin/bench socketio
2026-07-24 06:19:24,418 INFO /home/sanjayh/.local/bin/bench worker
2026-07-24 06:19:24,438 INFO /home/sanjayh/.local/bin/bench serve --port 8001
2026-07-24 06:19:24,450 INFO /home/sanjayh/.local/bin/bench schedule
2026-07-24 12:00:02,049 INFO /home/sanjayh/.local/bin/bench --verbose --site all backup
2026-07-27 06:37:10,263 INFO /home/sanjayh/.local/bin/bench use site1.local
2026-07-27 06:37:20,576 INFO /home/sanjayh/.local/bin/bench start
2026-07-27 06:37:20,969 INFO /home/sanjayh/.local/bin/bench serve --port 8001
2026-07-27 06:37:20,970 INFO /home/sanjayh/.local/bin/bench schedule
2026-07-27 06:37:20,993 INFO /home/sanjayh/.local/bin/bench watch
2026-07-27 06:37:21,093 INFO /home/sanjayh/.local/bin/bench worker
2026-07-27 06:37:21,166 INFO /home/sanjayh/.local/bin/bench socketio
2026-07-27 06:41:01,867 INFO /home/sanjayh/.local/bin/bench new-app practice_app
2026-07-27 06:41:01,872 LOG creating new app practice_app
2026-07-27 06:42:57,549 LOG Installing practice_app
2026-07-27 06:42:57,550 DEBUG cd /home/sanjayh/frappe16-bench && uv pip install --quiet -e /home/sanjayh/frappe16-bench/apps/practice_app  --python /home/sanjayh/frappe16-bench/env/bin/python
2026-07-27 06:42:58,094 DEBUG bench build --app practice_app
2026-07-27 06:42:58,206 INFO /home/sanjayh/.local/bin/bench build --app practice_app
2026-07-27 06:43:18,672 INFO /home/sanjayh/.local/bin/bench --site install-app practice_app
2026-07-27 06:44:14,667 INFO /home/sanjayh/.local/bin/bench --site site1.local install-app practice_app
2026-07-27 08:10:59,975 INFO /home/sanjayh/.local/bin/bench start
2026-07-27 08:11:01,739 INFO /home/sanjayh/.local/bin/bench watch
2026-07-27 08:11:01,771 INFO /home/sanjayh/.local/bin/bench serve --port 8001
2026-07-27 08:11:01,832 INFO /home/sanjayh/.local/bin/bench worker
2026-07-27 08:11:01,865 INFO /home/sanjayh/.local/bin/bench socketio
2026-07-27 08:11:01,896 INFO /home/sanjayh/.local/bin/bench schedule
2026-07-27 09:28:33,698 INFO /home/sanjayh/.local/bin/bench build
2026-07-27 09:29:59,907 INFO /home/sanjayh/.local/bin/bench --site site1.local clear-cache
2026-07-27 09:30:35,656 INFO /home/sanjayh/.local/bin/bench start
2026-07-27 09:30:36,278 INFO /home/sanjayh/.local/bin/bench socketio
2026-07-27 09:30:36,307 INFO /home/sanjayh/.local/bin/bench serve --port 8001
2026-07-27 09:30:36,333 INFO /home/sanjayh/.local/bin/bench watch
2026-07-27 09:30:36,403 INFO /home/sanjayh/.local/bin/bench schedule
2026-07-27 09:30:36,516 INFO /home/sanjayh/.local/bin/bench worker
2026-07-27 09:34:56,761 INFO /home/sanjayh/.local/bin/bench build --app practice_app
2026-07-27 09:37:25,812 INFO /home/sanjayh/.local/bin/bench build
2026-07-27 09:38:35,434 INFO /home/sanjayh/.local/bin/bench --site site1.local clear-cache
2026-07-27 09:43:45,378 INFO /home/sanjayh/.local/bin/bench build
2026-07-27 09:45:16,499 INFO /home/sanjayh/.local/bin/bench start
2026-07-27 09:45:17,522 INFO /home/sanjayh/.local/bin/bench serve --port 8001
2026-07-27 09:45:17,571 INFO /home/sanjayh/.local/bin/bench socketio
2026-07-27 09:45:17,871 INFO /home/sanjayh/.local/bin/bench schedule
2026-07-27 09:45:17,901 INFO /home/sanjayh/.local/bin/bench worker
2026-07-27 09:45:18,084 INFO /home/sanjayh/.local/bin/bench watch
2026-07-27 12:00:02,099 INFO /home/sanjayh/.local/bin/bench --verbose --site all backup
2026-07-28 06:00:02,051 INFO /home/sanjayh/.local/bin/bench --verbose --site all backup
2026-07-28 08:54:05,036 INFO /home/sanjayh/.local/bin/bench start
2026-07-28 08:54:05,640 INFO /home/sanjayh/.local/bin/bench socketio
2026-07-28 08:54:05,641 INFO /home/sanjayh/.local/bin/bench watch
2026-07-28 08:54:05,725 INFO /home/sanjayh/.local/bin/bench worker
2026-07-28 08:54:05,790 INFO /home/sanjayh/.local/bin/bench serve --port 8001
2026-07-28 08:54:05,815 INFO /home/sanjayh/.local/bin/bench schedule
2026-07-28 08:56:36,820 INFO /home/sanjayh/.local/bin/bench migrate
2026-07-28 08:57:22,228 INFO /home/sanjayh/.local/bin/bench start
2026-07-28 08:57:22,947 INFO /home/sanjayh/.local/bin/bench watch
2026-07-28 08:57:22,947 INFO /home/sanjayh/.local/bin/bench schedule
2026-07-28 08:57:22,961 INFO /home/sanjayh/.local/bin/bench worker
2026-07-28 08:57:23,029 INFO /home/sanjayh/.local/bin/bench serve --port 8001
2026-07-28 08:57:23,068 INFO /home/sanjayh/.local/bin/bench socketio
2026-07-28 09:03:47,556 INFO /home/sanjayh/.local/bin/bench migrate
2026-07-28 09:07:32,733 INFO /home/sanjayh/.local/bin/bench doctor
2026-07-28 09:10:33,487 INFO /home/sanjayh/.local/bin/bench migrate
2026-07-28 09:10:50,173 INFO /home/sanjayh/.local/bin/bench start
2026-07-28 09:10:50,758 INFO /home/sanjayh/.local/bin/bench serve --port 8001
2026-07-28 09:10:50,776 INFO /home/sanjayh/.local/bin/bench schedule
2026-07-28 09:10:50,801 INFO /home/sanjayh/.local/bin/bench socketio
2026-07-28 09:10:50,825 INFO /home/sanjayh/.local/bin/bench worker
2026-07-28 09:10:50,894 INFO /home/sanjayh/.local/bin/bench watch
2026-07-28 09:23:31,120 INFO /home/sanjayh/.local/bin/bench console
2026-07-28 09:54:18,749 INFO /home/sanjayh/.local/bin/bench console
2026-07-28 09:56:14,464 INFO /home/sanjayh/.local/bin/bench --site site1.local mariadb
2026-07-28 09:59:40,862 INFO /home/sanjayh/.local/bin/bench console
2026-07-28 11:01:25,160 INFO /home/sanjayh/.local/bin/bench console
2026-07-28 11:01:54,377 INFO /home/sanjayh/.local/bin/bench console
2026-07-28 11:03:20,338 INFO /home/sanjayh/.local/bin/bench start
2026-07-28 11:03:21,448 INFO /home/sanjayh/.local/bin/bench socketio
2026-07-28 11:03:21,462 INFO /home/sanjayh/.local/bin/bench serve --port 8001
2026-07-28 11:03:21,526 INFO /home/sanjayh/.local/bin/bench watch
2026-07-28 11:03:21,552 INFO /home/sanjayh/.local/bin/bench schedule
2026-07-28 11:03:21,708 INFO /home/sanjayh/.local/bin/bench worker
2026-07-28 11:12:24,496 INFO /home/sanjayh/.local/bin/bench console
2026-07-28 12:00:01,929 INFO /home/sanjayh/.local/bin/bench --verbose --site all backup
2026-07-29 09:03:19,128 INFO /home/sanjayh/.local/bin/bench start
2026-07-29 09:03:19,704 INFO /home/sanjayh/.local/bin/bench serve --port 8001
2026-07-29 09:03:19,730 INFO /home/sanjayh/.local/bin/bench schedule
2026-07-29 09:03:19,733 INFO /home/sanjayh/.local/bin/bench socketio
2026-07-29 09:03:19,817 INFO /home/sanjayh/.local/bin/bench worker
2026-07-29 09:03:19,827 INFO /home/sanjayh/.local/bin/bench watch
2026-07-29 09:21:08,130 INFO /home/sanjayh/.local/bin/bench migrate
2026-07-29 09:21:32,468 INFO /home/sanjayh/.local/bin/bench build
2026-07-29 09:23:11,362 INFO /home/sanjayh/.local/bin/bench start
2026-07-29 09:23:11,954 INFO /home/sanjayh/.local/bin/bench schedule
2026-07-29 09:23:11,956 INFO /home/sanjayh/.local/bin/bench socketio
2026-07-29 09:23:12,014 INFO /home/sanjayh/.local/bin/bench watch
2026-07-29 09:23:12,034 INFO /home/sanjayh/.local/bin/bench serve --port 8001
2026-07-29 09:23:12,052 INFO /home/sanjayh/.local/bin/bench worker
2026-07-29 11:13:48,849 INFO /home/sanjayh/.local/bin/bench build
2026-07-29 11:15:09,422 INFO /home/sanjayh/.local/bin/bench start
2026-07-29 11:15:10,279 INFO /home/sanjayh/.local/bin/bench watch
2026-07-29 11:15:10,386 INFO /home/sanjayh/.local/bin/bench serve --port 8001
2026-07-29 11:15:10,417 INFO /home/sanjayh/.local/bin/bench schedule
2026-07-29 11:15:10,431 INFO /home/sanjayh/.local/bin/bench worker
2026-07-29 11:15:10,580 INFO /home/sanjayh/.local/bin/bench socketio
2026-07-29 11:25:44,022 INFO /home/sanjayh/.local/bin/bench start
2026-07-29 11:25:45,695 INFO /home/sanjayh/.local/bin/bench schedule
2026-07-29 11:25:45,730 INFO /home/sanjayh/.local/bin/bench socketio
2026-07-29 11:25:45,794 INFO /home/sanjayh/.local/bin/bench worker
2026-07-29 11:25:45,802 INFO /home/sanjayh/.local/bin/bench watch
2026-07-29 11:25:45,860 INFO /home/sanjayh/.local/bin/bench serve --port 8001
2026-07-29 11:25:48,585 INFO /home/sanjayh/.local/bin/bench build
2026-07-29 11:27:08,182 INFO /home/sanjayh/.local/bin/bench start
2026-07-29 11:27:08,778 INFO /home/sanjayh/.local/bin/bench schedule
2026-07-29 11:27:08,787 INFO /home/sanjayh/.local/bin/bench watch
2026-07-29 11:27:08,788 INFO /home/sanjayh/.local/bin/bench serve --port 8001
2026-07-29 11:27:08,842 INFO /home/sanjayh/.local/bin/bench worker
2026-07-29 11:27:08,849 INFO /home/sanjayh/.local/bin/bench socketio
2026-07-29 11:32:16,476 INFO /home/sanjayh/.local/bin/bench clear-cache
2026-07-29 11:32:21,338 INFO /home/sanjayh/.local/bin/bench start
2026-07-29 11:32:21,912 INFO /home/sanjayh/.local/bin/bench socketio
2026-07-29 11:32:21,943 INFO /home/sanjayh/.local/bin/bench serve --port 8001
2026-07-29 11:32:22,024 INFO /home/sanjayh/.local/bin/bench worker
2026-07-29 11:32:22,069 INFO /home/sanjayh/.local/bin/bench watch
2026-07-29 11:32:22,098 INFO /home/sanjayh/.local/bin/bench schedule
2026-07-29 12:00:01,716 INFO /home/sanjayh/.local/bin/bench --verbose --site all backup
2026-07-30 04:57:21,357 INFO /home/sanjayh/.local/bin/bench start
2026-07-30 04:57:21,816 INFO /home/sanjayh/.local/bin/bench socketio
2026-07-30 04:57:21,827 INFO /home/sanjayh/.local/bin/bench worker
2026-07-30 04:57:21,924 INFO /home/sanjayh/.local/bin/bench serve --port 8001
2026-07-30 04:57:21,927 INFO /home/sanjayh/.local/bin/bench watch
2026-07-30 04:57:21,971 INFO /home/sanjayh/.local/bin/bench schedule
2026-07-30 06:00:01,512 INFO /home/sanjayh/.local/bin/bench --verbose --site all backup
2026-07-30 06:22:59,326 INFO /home/sanjayh/.local/bin/bench build
2026-07-30 06:23:51,759 INFO /home/sanjayh/.local/bin/bench start
2026-07-30 06:23:52,947 INFO /home/sanjayh/.local/bin/bench socketio
2026-07-30 06:23:53,009 INFO /home/sanjayh/.local/bin/bench schedule
2026-07-30 06:23:53,041 INFO /home/sanjayh/.local/bin/bench worker
2026-07-30 06:23:53,056 INFO /home/sanjayh/.local/bin/bench serve --port 8001
2026-07-30 06:23:53,090 INFO /home/sanjayh/.local/bin/bench watch
2026-07-30 06:47:20,880 INFO /home/sanjayh/.local/bin/bench build
2026-07-30 06:48:36,519 INFO /home/sanjayh/.local/bin/bench start
2026-07-30 06:48:37,077 INFO /home/sanjayh/.local/bin/bench serve --port 8001
2026-07-30 06:48:37,137 INFO /home/sanjayh/.local/bin/bench socketio
2026-07-30 06:48:37,142 INFO /home/sanjayh/.local/bin/bench schedule
2026-07-30 06:48:37,257 INFO /home/sanjayh/.local/bin/bench worker
2026-07-30 06:48:37,263 INFO /home/sanjayh/.local/bin/bench watch
2026-07-31 06:09:07,873 INFO /home/sanjayh/.local/bin/bench start
2026-07-31 06:09:08,261 INFO /home/sanjayh/.local/bin/bench worker
2026-07-31 06:09:08,279 INFO /home/sanjayh/.local/bin/bench socketio
2026-07-31 06:09:08,308 INFO /home/sanjayh/.local/bin/bench serve --port 8001
2026-07-31 06:09:08,326 INFO /home/sanjayh/.local/bin/bench watch
2026-07-31 06:09:08,376 INFO /home/sanjayh/.local/bin/bench schedule
2026-07-31 06:28:04,477 INFO /home/sanjayh/.local/bin/bench build
2026-07-31 06:28:42,474 INFO /home/sanjayh/.local/bin/bench start
2026-07-31 06:28:43,046 INFO /home/sanjayh/.local/bin/bench worker
2026-07-31 06:28:43,051 INFO /home/sanjayh/.local/bin/bench socketio
2026-07-31 06:28:43,072 INFO /home/sanjayh/.local/bin/bench schedule
2026-07-31 06:28:43,121 INFO /home/sanjayh/.local/bin/bench watch
2026-07-31 06:28:43,155 INFO /home/sanjayh/.local/bin/bench serve --port 8001
2026-07-31 09:46:47,836 INFO /home/sanjayh/.local/bin/bench set-config -g server_script_enabled 1
2026-07-31 09:47:00,580 INFO /home/sanjayh/.local/bin/bench build
2026-07-31 09:47:43,041 INFO /home/sanjayh/.local/bin/bench start
2026-07-31 09:47:43,690 INFO /home/sanjayh/.local/bin/bench socketio
2026-07-31 09:47:43,718 INFO /home/sanjayh/.local/bin/bench schedule
2026-07-31 09:47:43,734 INFO /home/sanjayh/.local/bin/bench serve --port 8001
2026-07-31 09:47:43,768 INFO /home/sanjayh/.local/bin/bench watch
2026-07-31 09:47:43,807 INFO /home/sanjayh/.local/bin/bench worker
2026-07-31 10:29:48,610 INFO /home/sanjayh/.local/bin/bench build
2026-07-31 10:30:30,006 INFO /home/sanjayh/.local/bin/bench start
2026-07-31 10:30:30,634 INFO /home/sanjayh/.local/bin/bench worker
2026-07-31 10:30:30,707 INFO /home/sanjayh/.local/bin/bench watch
2026-07-31 10:30:30,778 INFO /home/sanjayh/.local/bin/bench serve --port 8001
2026-07-31 10:30:30,806 INFO /home/sanjayh/.local/bin/bench schedule
2026-07-31 10:30:30,872 INFO /home/sanjayh/.local/bin/bench socketio
2026-07-31 12:00:02,270 INFO /home/sanjayh/.local/bin/bench --verbose --site all backup
2026-07-31 13:21:19,674 INFO /home/sanjayh/.local/bin/bench build
2026-07-31 13:22:26,184 INFO /home/sanjayh/.local/bin/bench start
2026-07-31 13:22:29,027 INFO /home/sanjayh/.local/bin/bench watch
2026-07-31 13:22:29,028 INFO /home/sanjayh/.local/bin/bench serve --port 8001
2026-07-31 13:22:29,114 INFO /home/sanjayh/.local/bin/bench socketio
2026-07-31 13:22:29,129 INFO /home/sanjayh/.local/bin/bench worker
2026-07-31 13:22:29,316 INFO /home/sanjayh/.local/bin/bench schedule
2026-08-01 04:55:01,667 INFO /home/sanjayh/.local/bin/bench start
2026-08-01 04:55:02,307 INFO /home/sanjayh/.local/bin/bench socketio
2026-08-01 04:55:02,325 INFO /home/sanjayh/.local/bin/bench watch
2026-08-01 04:55:02,427 INFO /home/sanjayh/.local/bin/bench serve --port 8001
2026-08-01 04:55:02,448 INFO /home/sanjayh/.local/bin/bench schedule
2026-08-01 04:55:02,456 INFO /home/sanjayh/.local/bin/bench worker
2026-08-01 06:00:01,870 INFO /home/sanjayh/.local/bin/bench --verbose --site all backup
2026-08-01 12:00:01,566 INFO /home/sanjayh/.local/bin/bench --verbose --site all backup
2026-08-01 12:35:59,914 INFO /home/sanjayh/.local/bin/bench build
2026-08-01 12:36:58,590 INFO /home/sanjayh/.local/bin/bench start
2026-08-01 12:36:59,681 INFO /home/sanjayh/.local/bin/bench watch
2026-08-01 12:36:59,688 INFO /home/sanjayh/.local/bin/bench schedule
2026-08-01 12:36:59,688 INFO /home/sanjayh/.local/bin/bench serve --port 8001
2026-08-01 12:36:59,828 INFO /home/sanjayh/.local/bin/bench worker
2026-08-01 12:36:59,835 INFO /home/sanjayh/.local/bin/bench socketio
2026-08-01 12:54:49,548 INFO /home/sanjayh/.local/bin/bench start
2026-08-01 12:54:50,602 INFO /home/sanjayh/.local/bin/bench socketio
2026-08-01 12:54:50,662 INFO /home/sanjayh/.local/bin/bench schedule
2026-08-01 12:54:50,712 INFO /home/sanjayh/.local/bin/bench watch
2026-08-01 12:54:50,786 INFO /home/sanjayh/.local/bin/bench worker
2026-08-01 12:54:50,795 INFO /home/sanjayh/.local/bin/bench serve --port 8001
2026-08-03 05:28:49,688 INFO /home/sanjayh/.local/bin/bench start
2026-08-03 05:28:51,017 INFO /home/sanjayh/.local/bin/bench watch
2026-08-03 05:28:51,073 INFO /home/sanjayh/.local/bin/bench worker
2026-08-03 05:28:51,133 INFO /home/sanjayh/.local/bin/bench schedule
2026-08-03 05:28:51,184 INFO /home/sanjayh/.local/bin/bench socketio
2026-08-03 05:28:51,223 INFO /home/sanjayh/.local/bin/bench serve --port 8001
2026-08-03 06:00:01,760 INFO /home/sanjayh/.local/bin/bench --verbose --site all backup
2026-08-03 07:12:31,473 INFO /home/sanjayh/.local/bin/bench build
2026-08-03 07:13:17,207 INFO /home/sanjayh/.local/bin/bench start
2026-08-03 07:13:17,710 INFO /home/sanjayh/.local/bin/bench socketio
2026-08-03 07:13:17,732 INFO /home/sanjayh/.local/bin/bench worker
2026-08-03 07:13:17,736 INFO /home/sanjayh/.local/bin/bench watch
2026-08-03 07:13:17,823 INFO /home/sanjayh/.local/bin/bench serve --port 8001
2026-08-03 07:13:17,903 INFO /home/sanjayh/.local/bin/bench schedule
2026-08-03 08:20:51,988 INFO /home/sanjayh/.local/bin/bench version
2026-08-03 08:22:26,828 INFO /home/sanjayh/.local/bin/bench setup production sanjayh
2026-08-03 08:22:26,847 DEBUG sudo /home/sanjayh/.local/share/pipx/venvs/frappe-bench/bin/python -m pip install ansible
2026-08-03 08:23:25,170 DEBUG bench setup role fail2ban
2026-08-03 08:23:25,172 WARNING /home/sanjayh/.local/bin/bench setup production sanjayh executed with exit code 1
2026-08-03 08:26:21,381 INFO /usr/local/bin/bench setup production sanjayh
2026-08-03 08:26:21,386 DEBUG sudo /home/sanjayh/.local/share/pipx/venvs/frappe-bench/bin/python -m pip install ansible
2026-08-03 08:26:21,946 DEBUG bench setup role fail2ban
2026-08-03 08:26:22,174 INFO /usr/local/bin/bench setup role fail2ban
2026-08-03 08:26:22,183 WARNING /usr/local/bin/bench setup role fail2ban executed with exit code 1
2026-08-03 08:26:23,636 WARNING bench setup role fail2ban executed with exit code 1
2026-08-03 08:26:23,637 WARNING /usr/local/bin/bench setup production sanjayh executed with exit code 1
2026-08-03 08:27:22,532 INFO /home/sanjayh/.local/bin/bench --version
2026-08-03 08:27:28,533 INFO /home/sanjayh/.local/bin/bench setup role fail2ban
2026-08-03 08:27:28,533 WARNING superuser privileges required for this command
2026-08-03 08:32:47,148 INFO /usr/local/bin/bench setup production sanjayh
2026-08-03 08:32:47,158 DEBUG bench setup role fail2ban
2026-08-03 08:32:47,354 INFO /usr/local/bin/bench setup role fail2ban
2026-08-03 08:33:11,544 DEBUG bench setup role supervisor
2026-08-03 08:33:11,758 INFO /usr/local/bin/bench setup role supervisor
2026-08-03 08:33:26,475 LOG Updated supervisord.conf: 'chmod' changed from '0700                       ; sockef file mode (default 0700)' to '0760'
2026-08-03 08:33:26,476 LOG Updated supervisord.conf: 'chown' changed from '' to 'sanjayh:sanjayh'
2026-08-03 08:33:26,621 DEBUG sudo /usr/sbin/nginx -t
2026-08-03 08:33:26,664 DEBUG sudo systemctl reload nginx
2026-08-03 08:35:14,158 INFO /home/sanjayh/.local/bin/bench use site1.local
2026-08-03 08:35:59,236 INFO /home/sanjayh/.local/bin/bench config dns_multitenant
2026-08-03 08:35:59,245 WARNING /home/sanjayh/.local/bin/bench config dns_multitenant executed with exit code 2
2026-08-03 08:38:59,392 INFO /home/sanjayh/.local/bin/bench drop-site project1
2026-08-03 08:39:01,010 INFO /home/sanjayh/.local/bin/bench drop-site project
2026-08-03 08:41:39,420 INFO /home/sanjayh/.local/bin/bench drop-site site2.local
2026-08-03 08:42:12,778 INFO /home/sanjayh/.local/bin/bench drop-site doctypesite
2026-08-03 08:42:42,818 INFO /home/sanjayh/.local/bin/bench drop-site project1
2026-08-03 08:44:12,268 INFO /home/sanjayh/.local/bin/bench mariadb
2026-08-03 08:50:40,178 INFO /home/sanjayh/.local/bin/bench version
2026-08-03 08:53:04,252 INFO /usr/local/bin/bench setup production sanjayh
2026-08-03 08:53:04,276 LOG Updated supervisord.conf: 'chmod' changed from '0700                       ; sockef file mode (default 0700)' to '0760'
2026-08-03 08:53:04,276 LOG Updated supervisord.conf: 'chown' changed from '' to 'sanjayh:sanjayh'
2026-08-03 08:53:13,905 DEBUG /usr/bin/supervisorctl reread
2026-08-03 08:53:14,150 DEBUG /usr/bin/supervisorctl update
2026-08-03 08:53:14,363 DEBUG sudo /usr/sbin/nginx -t
2026-08-03 08:53:14,413 DEBUG sudo systemctl reload nginx
2026-08-03 08:53:14,601 INFO /usr/local/bin/bench socketio
2026-08-03 08:53:14,636 INFO /usr/local/bin/bench schedule
2026-08-03 08:53:14,681 INFO /usr/local/bin/bench worker --queue long,default,short
2026-08-03 08:53:14,784 INFO /usr/local/bin/bench worker --queue short,default
2026-08-03 08:54:17,852 INFO /usr/local/bin/bench setup production sanjayh
2026-08-03 08:54:17,859 LOG Updated supervisord.conf: 'chmod' changed from '0700                       ; sockef file mode (default 0700)' to '0760'
2026-08-03 08:54:17,859 LOG Updated supervisord.conf: 'chown' changed from '' to 'sanjayh:sanjayh'
2026-08-03 08:54:31,031 DEBUG /usr/bin/supervisorctl reread
2026-08-03 08:54:31,188 DEBUG /usr/bin/supervisorctl update
2026-08-03 08:54:31,360 DEBUG sudo /usr/sbin/nginx -t
2026-08-03 08:54:31,377 DEBUG sudo systemctl reload nginx
2026-08-03 08:55:24,865 INFO /home/sanjayh/.local/bin/bench mariadb
2026-08-03 08:58:59,226 INFO /home/sanjayh/.local/bin/bench mariadb
2026-08-03 09:02:40,205 INFO /home/sanjayh/.local/bin/bench drop-site project1
2026-08-03 09:03:33,416 INFO /home/sanjayh/.local/bin/bench drop-site project1 --force
2026-08-03 09:04:21,201 INFO /home/sanjayh/.local/bin/bench drop-site project --force
2026-08-03 09:05:07,660 INFO /home/sanjayh/.local/bin/bench drop-site doctypesite --force
2026-08-03 09:06:10,972 INFO /usr/local/bin/bench setup production sanjayh
2026-08-03 09:06:10,983 LOG Updated supervisord.conf: 'chmod' changed from '0700                       ; sockef file mode (default 0700)' to '0760'
2026-08-03 09:06:10,983 LOG Updated supervisord.conf: 'chown' changed from '' to 'sanjayh:sanjayh'
2026-08-03 09:06:23,878 DEBUG /usr/bin/supervisorctl reread
2026-08-03 09:06:24,027 DEBUG /usr/bin/supervisorctl update
2026-08-03 09:06:24,197 DEBUG sudo /usr/sbin/nginx -t
2026-08-03 09:06:24,213 DEBUG sudo systemctl reload nginx
2026-08-03 10:27:13,626 INFO /usr/local/bin/bench socketio
2026-08-03 10:27:16,270 INFO /usr/local/bin/bench schedule
2026-08-03 10:27:16,282 INFO /usr/local/bin/bench worker --queue short,default
2026-08-03 10:27:16,589 INFO /usr/local/bin/bench worker --queue long,default,short
2026-08-03 10:27:28,593 INFO /home/sanjayh/.local/bin/bench restart
2026-08-03 10:27:29,139 DEBUG cd /home/sanjayh/frappe16-bench && sudo supervisorctl restart frappe16-bench-web:
2026-08-03 10:27:30,197 INFO /usr/local/bin/bench socketio
2026-08-03 10:27:31,092 DEBUG cd /home/sanjayh/frappe16-bench && sudo supervisorctl restart frappe16-bench-workers:
2026-08-03 10:27:32,808 INFO /usr/local/bin/bench schedule
2026-08-03 10:27:32,820 INFO /usr/local/bin/bench worker --queue short,default
2026-08-03 10:27:32,875 INFO /usr/local/bin/bench worker --queue long,default,short
2026-08-03 12:00:02,020 INFO /home/sanjayh/.local/bin/bench --verbose --site all backup
2026-08-03 13:39:49,002 INFO /usr/local/bin/bench schedule
2026-08-03 13:39:49,061 INFO /usr/local/bin/bench socketio
2026-08-03 13:39:49,062 INFO /usr/local/bin/bench worker --queue long,default,short
2026-08-03 13:39:49,068 INFO /usr/local/bin/bench worker --queue short,default
2026-08-03 13:40:07,492 INFO /home/sanjayh/.local/bin/bench start
2026-08-04 05:02:12,503 INFO /usr/local/bin/bench worker --queue short,default
2026-08-04 05:02:12,504 INFO /usr/local/bin/bench schedule
2026-08-04 05:02:12,505 INFO /usr/local/bin/bench socketio
2026-08-04 05:02:12,505 INFO /usr/local/bin/bench worker --queue long,default,short
2026-08-04 05:05:15,458 INFO /usr/local/bin/bench setup production sanjayh
2026-08-04 05:05:15,471 LOG Updated supervisord.conf: 'chmod' changed from '0700                       ; sockef file mode (default 0700)' to '0760'
2026-08-04 05:05:15,471 LOG Updated supervisord.conf: 'chown' changed from '' to 'sanjayh:sanjayh'
2026-08-04 05:05:20,836 DEBUG /usr/bin/supervisorctl reread
2026-08-04 05:05:21,086 DEBUG /usr/bin/supervisorctl update
2026-08-04 05:05:21,238 DEBUG sudo /usr/sbin/nginx -t
2026-08-04 05:05:21,266 DEBUG sudo systemctl reload nginx
2026-08-04 06:00:02,020 INFO /home/sanjayh/.local/bin/bench --verbose --site all backup
2026-08-04 08:46:42,149 INFO /home/sanjayh/.local/bin/bench build
2026-08-04 08:58:22,961 INFO /home/sanjayh/.local/bin/bench start
2026-08-04 08:58:46,518 INFO /usr/local/bin/bench setup production sanjayh
2026-08-04 08:58:46,529 LOG Updated supervisord.conf: 'chmod' changed from '0700                       ; sockef file mode (default 0700)' to '0760'
2026-08-04 08:58:46,529 LOG Updated supervisord.conf: 'chown' changed from '' to 'sanjayh:sanjayh'
2026-08-04 08:58:50,596 DEBUG /usr/bin/supervisorctl reread
2026-08-04 08:58:50,840 DEBUG /usr/bin/supervisorctl update
2026-08-04 08:58:50,953 DEBUG sudo /usr/sbin/nginx -t
2026-08-04 08:58:50,989 DEBUG sudo systemctl reload nginx
2026-08-04 09:15:59,179 INFO /home/sanjayh/.local/bin/bench console
2026-08-04 09:20:32,930 INFO /home/sanjayh/.local/bin/bench version
2026-08-04 09:20:41,877 INFO /home/sanjayh/.local/bin/bench build
2026-08-04 09:21:05,524 INFO /home/sanjayh/.local/bin/bench clear-cache
2026-08-04 09:21:07,284 INFO /home/sanjayh/.local/bin/bench clear-website-cache
2026-08-04 09:21:08,354 INFO /home/sanjayh/.local/bin/bench migrate
2026-08-04 09:23:29,352 INFO /usr/local/bin/bench setup production sanjayh
2026-08-04 09:23:29,361 LOG Updated supervisord.conf: 'chmod' changed from '0700                       ; sockef file mode (default 0700)' to '0760'
2026-08-04 09:23:29,362 LOG Updated supervisord.conf: 'chown' changed from '' to 'sanjayh:sanjayh'
2026-08-04 09:23:36,538 DEBUG /usr/bin/supervisorctl reread
2026-08-04 09:23:36,770 DEBUG /usr/bin/supervisorctl update
2026-08-04 09:23:36,902 DEBUG sudo /usr/sbin/nginx -t
2026-08-04 09:23:36,932 DEBUG sudo systemctl reload nginx
2026-08-04 09:23:43,777 INFO /usr/local/bin/bench worker --queue long,default,short
2026-08-04 09:23:43,832 INFO /usr/local/bin/bench socketio
2026-08-04 09:23:43,843 INFO /usr/local/bin/bench schedule
2026-08-04 09:23:43,950 INFO /usr/local/bin/bench worker --queue short,default
2026-08-04 10:14:26,952 INFO /usr/local/bin/bench setup production sanjayh
2026-08-04 10:14:26,965 LOG Updated supervisord.conf: 'chmod' changed from '0700                       ; sockef file mode (default 0700)' to '0760'
2026-08-04 10:14:26,965 LOG Updated supervisord.conf: 'chown' changed from '' to 'sanjayh:sanjayh'
2026-08-04 10:14:29,616 DEBUG /usr/bin/supervisorctl reread
2026-08-04 10:14:29,870 DEBUG /usr/bin/supervisorctl update
2026-08-04 10:14:29,976 DEBUG sudo /usr/sbin/nginx -t
2026-08-04 10:14:30,023 DEBUG sudo systemctl reload nginx
2026-08-04 10:14:38,227 INFO /usr/local/bin/bench socketio
2026-08-04 10:14:38,275 INFO /usr/local/bin/bench worker --queue long,default,short
2026-08-04 10:14:38,353 INFO /usr/local/bin/bench worker --queue short,default
2026-08-04 10:14:38,397 INFO /usr/local/bin/bench schedule
2026-08-04 10:17:11,422 INFO /usr/local/bin/bench setup production sanjayh
2026-08-04 10:17:11,429 LOG Updated supervisord.conf: 'chmod' changed from '0700                       ; sockef file mode (default 0700)' to '0760'
2026-08-04 10:17:11,429 LOG Updated supervisord.conf: 'chown' changed from '' to 'sanjayh:sanjayh'
2026-08-04 10:17:15,966 DEBUG /usr/bin/supervisorctl reread
2026-08-04 10:17:16,112 DEBUG /usr/bin/supervisorctl update
2026-08-04 10:17:16,221 DEBUG sudo /usr/sbin/nginx -t
2026-08-04 10:17:16,238 DEBUG sudo systemctl reload nginx
2026-08-04 10:17:17,578 INFO /usr/local/bin/bench schedule
2026-08-04 10:17:17,660 INFO /usr/local/bin/bench worker --queue long,default,short
2026-08-04 10:17:17,685 INFO /usr/local/bin/bench socketio
2026-08-04 10:17:17,738 INFO /usr/local/bin/bench worker --queue short,default
2026-08-04 10:19:39,475 INFO /usr/local/bin/bench setup production sanjayh
2026-08-04 10:19:39,481 LOG Updated supervisord.conf: 'chmod' changed from '0700                       ; sockef file mode (default 0700)' to '0760'
2026-08-04 10:19:39,481 LOG Updated supervisord.conf: 'chown' changed from '' to 'sanjayh:sanjayh'
2026-08-04 10:19:42,785 DEBUG /usr/bin/supervisorctl reread
2026-08-04 10:19:42,894 DEBUG /usr/bin/supervisorctl update
2026-08-04 10:19:43,001 DEBUG sudo /usr/sbin/nginx -t
2026-08-04 10:19:43,016 DEBUG sudo systemctl reload nginx
2026-08-04 10:19:45,257 INFO /usr/local/bin/bench schedule
2026-08-04 10:19:45,266 INFO /usr/local/bin/bench worker --queue long,default,short
2026-08-04 10:19:45,376 INFO /usr/local/bin/bench socketio
2026-08-04 10:19:45,380 INFO /usr/local/bin/bench worker --queue short,default
2026-08-04 10:29:08,126 INFO /usr/local/bin/bench setup production sanjayh
2026-08-04 10:29:08,136 LOG Updated supervisord.conf: 'chmod' changed from '0700                       ; sockef file mode (default 0700)' to '0760'
2026-08-04 10:29:08,137 LOG Updated supervisord.conf: 'chown' changed from '' to 'sanjayh:sanjayh'
2026-08-04 10:29:12,670 DEBUG /usr/bin/supervisorctl reread
2026-08-04 10:29:12,891 DEBUG /usr/bin/supervisorctl update
2026-08-04 10:29:13,003 DEBUG sudo /usr/sbin/nginx -t
2026-08-04 10:29:13,031 DEBUG sudo systemctl reload nginx
2026-08-04 10:29:16,557 INFO /usr/local/bin/bench worker --queue short,default
2026-08-04 10:29:16,561 INFO /usr/local/bin/bench socketio
2026-08-04 10:29:16,633 INFO /usr/local/bin/bench schedule
2026-08-04 10:29:16,666 INFO /usr/local/bin/bench worker --queue long,default,short
2026-08-04 11:26:19,504 INFO /usr/local/bin/bench setup production sanjayh
2026-08-04 11:26:19,517 LOG Updated supervisord.conf: 'chmod' changed from '0700                       ; sockef file mode (default 0700)' to '0760'
2026-08-04 11:26:19,517 LOG Updated supervisord.conf: 'chown' changed from '' to 'sanjayh:sanjayh'
2026-08-04 11:26:23,335 DEBUG /usr/bin/supervisorctl reread
2026-08-04 11:26:23,610 DEBUG /usr/bin/supervisorctl update
2026-08-04 11:26:23,729 DEBUG sudo /usr/sbin/nginx -t
2026-08-04 11:26:23,776 DEBUG sudo systemctl reload nginx
2026-08-04 11:26:34,112 INFO /usr/local/bin/bench worker --queue short,default
2026-08-04 11:26:34,114 INFO /usr/local/bin/bench schedule
2026-08-04 11:26:34,178 INFO /usr/local/bin/bench worker --queue long,default,short
2026-08-04 11:26:34,217 INFO /usr/local/bin/bench socketio
2026-08-04 11:28:05,223 INFO /usr/local/bin/bench setup production sanjayh
2026-08-04 11:28:05,231 LOG Updated supervisord.conf: 'chmod' changed from '0700                       ; sockef file mode (default 0700)' to '0760'
2026-08-04 11:28:05,231 LOG Updated supervisord.conf: 'chown' changed from '' to 'sanjayh:sanjayh'
2026-08-04 11:28:10,488 DEBUG /usr/bin/supervisorctl reread
2026-08-04 11:28:10,622 DEBUG /usr/bin/supervisorctl update
2026-08-04 11:28:10,727 DEBUG sudo /usr/sbin/nginx -t
2026-08-04 11:28:10,739 DEBUG sudo systemctl reload nginx
2026-08-04 11:28:11,869 INFO /usr/local/bin/bench schedule
2026-08-04 11:28:11,940 INFO /usr/local/bin/bench socketio
2026-08-04 11:28:11,949 INFO /usr/local/bin/bench worker --queue short,default
2026-08-04 11:28:11,982 INFO /usr/local/bin/bench worker --queue long,default,short
2026-08-04 12:00:02,103 INFO /home/sanjayh/.local/bin/bench --verbose --site all backup
2026-08-05 04:51:24,739 INFO /usr/local/bin/bench schedule
2026-08-05 04:51:24,740 INFO /usr/local/bin/bench socketio
2026-08-05 04:51:24,744 INFO /usr/local/bin/bench worker --queue long,default,short
2026-08-05 04:51:24,746 INFO /usr/local/bin/bench worker --queue short,default
2026-08-05 05:09:32,978 INFO /usr/local/bin/bench setup production sanjayh
2026-08-05 05:09:32,999 LOG Updated supervisord.conf: 'chmod' changed from '0700                       ; sockef file mode (default 0700)' to '0760'
2026-08-05 05:09:32,999 LOG Updated supervisord.conf: 'chown' changed from '' to 'sanjayh:sanjayh'
2026-08-05 05:09:39,117 DEBUG /usr/bin/supervisorctl reread
2026-08-05 05:09:39,325 DEBUG /usr/bin/supervisorctl update
2026-08-05 05:09:39,428 DEBUG sudo /usr/sbin/nginx -t
2026-08-05 05:09:39,444 DEBUG sudo systemctl reload nginx
2026-08-05 05:27:50,346 INFO /home/sanjayh/.local/bin/bench clear-cache
2026-08-05 05:28:14,306 INFO /usr/local/bin/bench socketio
2026-08-05 05:28:14,307 INFO /usr/local/bin/bench schedule
2026-08-05 05:28:14,410 INFO /usr/local/bin/bench worker --queue short,default
2026-08-05 05:28:14,435 INFO /usr/local/bin/bench worker --queue long,default,short
2026-08-05 05:32:13,137 INFO /home/sanjayh/.local/bin/bench --site site1.local console
2026-08-05 05:34:04,282 INFO /home/sanjayh/.local/bin/bench --site site1.local console
2026-08-05 05:43:33,904 INFO /home/sanjayh/.local/bin/bench console
2026-08-05 05:44:09,064 INFO /home/sanjayh/.local/bin/bench --site site1.local clear-cache
2026-08-05 05:44:10,147 INFO /home/sanjayh/.local/bin/bench restart
2026-08-05 05:44:15,900 DEBUG cd /home/sanjayh/frappe16-bench && sudo supervisorctl restart frappe16-bench-web:
2026-08-05 05:44:17,869 INFO /usr/local/bin/bench socketio
2026-08-05 05:44:18,678 DEBUG cd /home/sanjayh/frappe16-bench && sudo supervisorctl restart frappe16-bench-workers:
2026-08-05 05:44:20,187 INFO /usr/local/bin/bench schedule
2026-08-05 05:44:20,236 INFO /usr/local/bin/bench worker --queue long,default,short
2026-08-05 05:44:20,329 INFO /usr/local/bin/bench worker --queue short,default
2026-08-05 05:45:57,741 INFO /home/sanjayh/.local/bin/bench console
2026-08-05 05:51:45,145 INFO /home/sanjayh/.local/bin/bench console
2026-08-05 06:00:01,990 INFO /home/sanjayh/.local/bin/bench --verbose --site all backup
2026-08-05 06:16:55,359 INFO /home/sanjayh/.local/bin/bench --site site1.local clear-cache
2026-08-05 06:16:56,968 INFO /home/sanjayh/.local/bin/bench restart
2026-08-05 06:17:02,453 DEBUG cd /home/sanjayh/frappe16-bench && sudo supervisorctl restart frappe16-bench-web:
2026-08-05 06:17:05,375 INFO /usr/local/bin/bench socketio
2026-08-05 06:17:06,212 DEBUG cd /home/sanjayh/frappe16-bench && sudo supervisorctl restart frappe16-bench-workers:
2026-08-05 06:17:06,824 INFO /usr/local/bin/bench schedule
2026-08-05 06:17:06,843 INFO /usr/local/bin/bench worker --queue long,default,short
2026-08-05 06:17:06,864 INFO /usr/local/bin/bench worker --queue short,default
2026-08-05 06:18:41,008 INFO /home/sanjayh/.local/bin/bench restart
2026-08-05 06:18:41,285 DEBUG cd /home/sanjayh/frappe16-bench && sudo supervisorctl restart frappe16-bench-web:
2026-08-05 06:18:42,221 INFO /usr/local/bin/bench socketio
2026-08-05 06:18:43,134 DEBUG cd /home/sanjayh/frappe16-bench && sudo supervisorctl restart frappe16-bench-workers:
2026-08-05 06:18:44,751 INFO /usr/local/bin/bench schedule
2026-08-05 06:18:44,762 INFO /usr/local/bin/bench worker --queue long,default,short
2026-08-05 06:18:44,780 INFO /usr/local/bin/bench worker --queue short,default
2026-08-05 06:27:07,236 INFO /home/sanjayh/.local/bin/bench --site site1.local clear-cache
2026-08-05 06:27:12,083 INFO /home/sanjayh/.local/bin/bench restart
2026-08-05 06:27:12,413 DEBUG cd /home/sanjayh/frappe16-bench && sudo supervisorctl restart frappe16-bench-web:
2026-08-05 06:27:14,654 INFO /usr/local/bin/bench socketio
2026-08-05 06:27:15,537 DEBUG cd /home/sanjayh/frappe16-bench && sudo supervisorctl restart frappe16-bench-workers:
2026-08-05 06:27:16,029 INFO /usr/local/bin/bench worker --queue long,default,short
2026-08-05 06:27:16,038 INFO /usr/local/bin/bench schedule
2026-08-05 06:27:16,085 INFO /usr/local/bin/bench worker --queue short,default
2026-08-05 06:29:38,340 INFO /home/sanjayh/.local/bin/bench console
2026-08-05 06:31:16,062 INFO /home/sanjayh/.local/bin/bench --site site1.local clear-cache
2026-08-05 06:31:17,292 INFO /home/sanjayh/.local/bin/bench restart
2026-08-05 06:31:17,606 DEBUG cd /home/sanjayh/frappe16-bench && sudo supervisorctl restart frappe16-bench-web:
2026-08-05 06:31:19,017 INFO /usr/local/bin/bench socketio
2026-08-05 06:31:19,915 DEBUG cd /home/sanjayh/frappe16-bench && sudo supervisorctl restart frappe16-bench-workers:
2026-08-05 06:31:20,380 INFO /usr/local/bin/bench worker --queue short,default
2026-08-05 06:31:20,381 INFO /usr/local/bin/bench schedule
2026-08-05 06:31:20,381 INFO /usr/local/bin/bench worker --queue long,default,short
2026-08-05 06:33:19,830 INFO /home/sanjayh/.local/bin/bench console
2026-08-05 06:43:20,529 INFO /home/sanjayh/.local/bin/bench --site site1.local clear-cache
2026-08-05 06:43:22,377 INFO /home/sanjayh/.local/bin/bench restart
2026-08-05 06:43:22,730 DEBUG cd /home/sanjayh/frappe16-bench && sudo supervisorctl restart frappe16-bench-web:
2026-08-05 06:43:24,351 INFO /usr/local/bin/bench socketio
2026-08-05 06:43:25,235 DEBUG cd /home/sanjayh/frappe16-bench && sudo supervisorctl restart frappe16-bench-workers:
2026-08-05 06:43:26,851 INFO /usr/local/bin/bench schedule
2026-08-05 06:43:26,879 INFO /usr/local/bin/bench worker --queue short,default
2026-08-05 06:43:27,016 INFO /usr/local/bin/bench worker --queue long,default,short
2026-08-05 09:12:40,655 INFO /home/sanjayh/.local/bin/bench build
2026-08-05 09:13:21,954 INFO /home/sanjayh/.local/bin/bench --site site1.local clear-cache
2026-08-05 09:13:26,623 INFO /home/sanjayh/.local/bin/bench restart
2026-08-05 09:13:37,359 DEBUG cd /home/sanjayh/frappe16-bench && sudo supervisorctl restart frappe16-bench-web:
2026-08-05 09:13:41,068 INFO /usr/local/bin/bench socketio
2026-08-05 09:13:41,867 DEBUG cd /home/sanjayh/frappe16-bench && sudo supervisorctl restart frappe16-bench-workers:
2026-08-05 09:13:43,465 INFO /usr/local/bin/bench worker --queue long,default,short
2026-08-05 09:13:43,555 INFO /usr/local/bin/bench schedule
2026-08-05 09:13:43,594 INFO /usr/local/bin/bench worker --queue short,default
2026-08-05 09:19:54,696 INFO /home/sanjayh/.local/bin/bench build
2026-08-05 09:21:20,654 INFO /home/sanjayh/.local/bin/bench --site site1.local clear-cache
2026-08-05 09:21:37,329 INFO /home/sanjayh/.local/bin/bench restart
2026-08-05 09:21:38,045 DEBUG cd /home/sanjayh/frappe16-bench && sudo supervisorctl restart frappe16-bench-web:
2026-08-05 09:21:42,003 DEBUG cd /home/sanjayh/frappe16-bench && sudo supervisorctl restart frappe16-bench-workers:
2026-08-05 09:21:43,116 INFO /usr/local/bin/bench socketio
2026-08-05 09:21:46,544 INFO /usr/local/bin/bench schedule
2026-08-05 09:21:46,553 INFO /usr/local/bin/bench worker --queue short,default
2026-08-05 09:21:46,570 INFO /usr/local/bin/bench worker --queue long,default,short
2026-08-05 10:19:07,772 INFO /home/sanjayh/.local/bin/bench build
2026-08-05 10:20:38,816 INFO /home/sanjayh/.local/bin/bench --site site1.local clear-cache
2026-08-05 10:20:45,015 INFO /home/sanjayh/.local/bin/bench restart
2026-08-05 10:20:52,293 DEBUG cd /home/sanjayh/frappe16-bench && sudo supervisorctl restart frappe16-bench-web:
2026-08-05 10:20:56,755 INFO /usr/local/bin/bench socketio
2026-08-05 10:20:57,574 DEBUG cd /home/sanjayh/frappe16-bench && sudo supervisorctl restart frappe16-bench-workers:
2026-08-05 10:21:00,434 INFO /usr/local/bin/bench worker --queue long,default,short
2026-08-05 10:21:00,492 INFO /usr/local/bin/bench schedule
2026-08-05 10:21:00,602 INFO /usr/local/bin/bench worker --queue short,default
2026-08-05 10:35:40,078 INFO /home/sanjayh/.local/bin/bench restart
2026-08-05 10:35:40,715 DEBUG cd /home/sanjayh/frappe16-bench && sudo supervisorctl restart frappe16-bench-web:
2026-08-05 10:35:44,037 INFO /usr/local/bin/bench socketio
2026-08-05 10:35:44,748 DEBUG cd /home/sanjayh/frappe16-bench && sudo supervisorctl restart frappe16-bench-workers:
2026-08-05 10:35:46,504 INFO /usr/local/bin/bench worker --queue short,default
2026-08-05 10:35:46,545 INFO /usr/local/bin/bench schedule
2026-08-05 10:35:46,586 INFO /usr/local/bin/bench worker --queue long,default,short
2026-08-05 11:19:49,669 INFO /home/sanjayh/.local/bin/bench hello
2026-08-05 11:19:59,934 INFO /home/sanjayh/.local/bin/bench help
2026-08-05 11:20:12,617 INFO /home/sanjayh/.local/bin/bench --help
2026-08-05 11:49:58,783 INFO /home/sanjayh/.local/bin/bench list-sites
2026-08-05 11:50:15,951 INFO /home/sanjayh/.local/bin/bench config dns_multitenant
2026-08-05 11:50:15,961 WARNING /home/sanjayh/.local/bin/bench config dns_multitenant executed with exit code 2
2026-08-05 11:50:26,779 INFO /home/sanjayh/.local/bin/bench config dns_multitenant off
2026-08-05 11:52:37,087 INFO /home/sanjayh/.local/bin/bench new-site testsite.local
2026-08-05 11:56:02,835 INFO /home/sanjayh/.local/bin/bench list-sites
2026-08-05 11:56:42,681 INFO /home/sanjayh/.local/bin/bench --site testsite.local set-nginx-port 82
2026-08-05 11:56:42,684 WARNING /home/sanjayh/.local/bin/bench --site testsite.local set-nginx-port 82 executed with exit code 2
2026-08-05 11:57:15,400 INFO /home/sanjayh/.local/bin/bench set-nginx-port testsite.local 82
2026-08-05 11:59:56,132 INFO /home/sanjayh/.local/bin/bench setup add-domain internal.testsite.local
2026-08-05 12:00:02,115 INFO /home/sanjayh/.local/bin/bench --verbose --site all backup
2026-08-05 12:00:43,383 INFO /home/sanjayh/.local/bin/bench --help
2026-08-05 12:00:50,097 INFO /home/sanjayh/.local/bin/bench --help
2026-08-05 12:01:40,976 INFO /home/sanjayh/.local/bin/bench setup --help
2026-08-05 12:02:50,940 INFO /home/sanjayh/.local/bin/bench setup nginx
2026-08-05 12:06:02,730 INFO /home/sanjayh/.local/bin/bench setup nginx
2026-08-05 12:06:29,259 INFO /home/sanjayh/.local/bin/bench setup reload-nginx
2026-08-05 12:06:29,269 DEBUG sudo /usr/sbin/nginx -t
2026-08-05 12:06:29,299 WARNING sudo /usr/sbin/nginx -t executed with exit code 1
2026-08-05 12:06:29,299 WARNING /home/sanjayh/.local/bin/bench setup reload-nginx executed with exit code 1
2026-08-06 05:31:36,612 INFO /usr/local/bin/bench worker --queue long,default,short
2026-08-06 05:31:36,612 INFO /usr/local/bin/bench socketio
2026-08-06 05:31:36,612 INFO /usr/local/bin/bench schedule
2026-08-06 05:31:36,616 INFO /usr/local/bin/bench worker --queue short,default
2026-08-06 05:32:01,264 INFO /home/sanjayh/.local/bin/bench --help
2026-08-06 05:36:45,622 INFO /home/sanjayh/.local/bin/bench start
2026-08-06 05:43:37,663 INFO /usr/local/bin/bench worker --queue short,default
2026-08-06 05:43:37,696 INFO /usr/local/bin/bench schedule
2026-08-06 05:43:37,727 INFO /usr/local/bin/bench socketio
2026-08-06 05:43:37,945 INFO /usr/local/bin/bench worker --queue long,default,short
2026-08-06 05:49:45,358 INFO /usr/local/bin/bench worker --queue short,default
2026-08-06 05:49:45,546 INFO /usr/local/bin/bench schedule
2026-08-06 05:49:45,664 INFO /usr/local/bin/bench socketio
2026-08-06 05:49:45,838 INFO /usr/local/bin/bench worker --queue long,default,short
2026-08-06 06:00:01,706 INFO /home/sanjayh/.local/bin/bench --verbose --site all backup
2026-08-06 06:35:13,510 INFO /usr/local/bin/bench worker --queue long,default,short
2026-08-06 06:35:13,511 INFO /usr/local/bin/bench worker --queue short,default
2026-08-06 06:35:13,511 INFO /usr/local/bin/bench socketio
2026-08-06 06:35:13,518 INFO /usr/local/bin/bench schedule
2026-08-06 06:41:31,323 INFO /usr/local/bin/bench socketio
2026-08-06 06:41:31,325 INFO /usr/local/bin/bench worker --queue short,default
2026-08-06 06:41:31,327 INFO /usr/local/bin/bench schedule
2026-08-06 06:41:31,343 INFO /usr/local/bin/bench worker --queue long,default,short
2026-08-06 06:46:35,050 INFO /usr/local/bin/bench worker --queue long,default,short
2026-08-06 06:46:35,050 INFO /usr/local/bin/bench socketio
2026-08-06 06:46:35,051 INFO /usr/local/bin/bench schedule
2026-08-06 06:46:35,073 INFO /usr/local/bin/bench worker --queue short,default
2026-08-06 06:50:10,297 INFO /home/sanjayh/.local/bin/bench --site site1.local logs
2026-08-06 07:29:24,038 INFO /home/sanjayh/.local/bin/bench --site site1.local backup --with-files
2026-08-06 07:29:56,527 INFO /home/sanjayh/.local/bin/bench --site site1.local migrate
2026-08-06 07:31:15,929 INFO /home/sanjayh/.local/bin/bench --site site1.local restore sites/site1.local/private/backups/20260806_125924-site1_local-database.sql.gz --with-public-files sites/site1.local/private/backups/20260806_125924-site1_local-files.tar --with-private-files sites/site1.local/private/backups/20260806_125924-site1_local-private-files.tar
2026-08-06 09:22:54,203 INFO /usr/local/bin/bench schedule
2026-08-06 09:22:54,203 INFO /usr/local/bin/bench worker --queue short,default
2026-08-06 09:22:54,205 INFO /usr/local/bin/bench socketio
2026-08-06 09:22:54,205 INFO /usr/local/bin/bench worker --queue long,default,short
2026-08-07 05:09:30,957 INFO /usr/local/bin/bench schedule
2026-08-07 05:09:30,960 INFO /usr/local/bin/bench worker --queue short,default
2026-08-07 05:09:30,961 INFO /usr/local/bin/bench socketio
2026-08-07 05:09:30,963 INFO /usr/local/bin/bench worker --queue long,default,short
2026-08-07 05:09:55,722 INFO /home/sanjayh/.local/bin/bench start
2026-08-07 05:56:46,205 INFO /home/sanjayh/.local/bin/bench --site site1.local console
2026-08-07 05:57:39,134 INFO /home/sanjayh/.local/bin/bench --site site1.local console
2026-08-07 06:00:02,439 INFO /home/sanjayh/.local/bin/bench --verbose --site all backup
2026-08-07 10:18:45,416 INFO /home/sanjayh/.local/bin/bench restart
2026-08-07 10:18:50,695 DEBUG cd /home/sanjayh/frappe16-bench && sudo supervisorctl restart frappe16-bench-web:
2026-08-07 10:18:57,744 INFO /usr/local/bin/bench socketio
2026-08-07 10:18:58,537 DEBUG cd /home/sanjayh/frappe16-bench && sudo supervisorctl restart frappe16-bench-workers:
2026-08-07 10:19:00,414 INFO /usr/local/bin/bench worker --queue short,default
2026-08-07 10:19:00,462 INFO /usr/local/bin/bench schedule
2026-08-07 10:19:01,052 INFO /usr/local/bin/bench worker --queue long,default,short
2026-08-07 10:23:44,231 INFO /home/sanjayh/.local/bin/bench start
2026-08-07 10:24:20,682 INFO /home/sanjayh/.local/bin/bench restart
2026-08-07 10:24:21,036 DEBUG cd /home/sanjayh/frappe16-bench && sudo supervisorctl restart frappe16-bench-web:
2026-08-07 10:24:23,077 INFO /usr/local/bin/bench socketio
2026-08-07 10:24:23,962 DEBUG cd /home/sanjayh/frappe16-bench && sudo supervisorctl restart frappe16-bench-workers:
2026-08-07 10:24:24,624 INFO /usr/local/bin/bench schedule
2026-08-07 10:24:24,629 INFO /usr/local/bin/bench worker --queue short,default
2026-08-07 10:24:24,648 INFO /usr/local/bin/bench worker --queue long,default,short
2026-08-07 12:00:02,051 INFO /home/sanjayh/.local/bin/bench --verbose --site all backup
2026-08-10 05:23:54,101 INFO /usr/local/bin/bench schedule
2026-08-10 05:23:54,103 INFO /usr/local/bin/bench worker --queue long,default,short
2026-08-10 05:23:54,091 INFO /usr/local/bin/bench socketio
2026-08-10 05:23:54,104 INFO /usr/local/bin/bench worker --queue short,default
2026-08-10 05:24:28,278 INFO /home/sanjayh/.local/bin/bench start
2026-08-10 06:00:02,024 INFO /home/sanjayh/.local/bin/bench --verbose --site all backup
2026-08-10 06:22:54,786 INFO /home/sanjayh/.local/bin/bench build
2026-08-10 06:23:22,396 INFO /home/sanjayh/.local/bin/bench restart
2026-08-10 06:23:29,899 DEBUG cd /home/sanjayh/frappe16-bench && sudo supervisorctl restart frappe16-bench-web:
2026-08-10 06:23:32,368 INFO /usr/local/bin/bench socketio
2026-08-10 06:23:33,319 DEBUG cd /home/sanjayh/frappe16-bench && sudo supervisorctl restart frappe16-bench-workers:
2026-08-10 06:23:34,006 INFO /usr/local/bin/bench worker --queue short,default
2026-08-10 06:23:34,018 INFO /usr/local/bin/bench schedule
2026-08-10 06:23:34,096 INFO /usr/local/bin/bench worker --queue long,default,short
2026-08-10 06:25:30,131 INFO /home/sanjayh/.local/bin/bench build
2026-08-10 06:26:08,340 INFO /home/sanjayh/.local/bin/bench restart
2026-08-10 06:26:08,837 DEBUG cd /home/sanjayh/frappe16-bench && sudo supervisorctl restart frappe16-bench-web:
2026-08-10 06:26:12,090 INFO /usr/local/bin/bench socketio
2026-08-10 06:26:13,008 DEBUG cd /home/sanjayh/frappe16-bench && sudo supervisorctl restart frappe16-bench-workers:
2026-08-10 06:26:14,837 INFO /usr/local/bin/bench worker --queue long,default,short
2026-08-10 06:26:14,863 INFO /usr/local/bin/bench schedule
2026-08-10 06:26:14,869 INFO /usr/local/bin/bench worker --queue short,default
2026-08-10 06:29:57,761 INFO /home/sanjayh/.local/bin/bench build
2026-08-10 06:30:52,341 INFO /home/sanjayh/.local/bin/bench restart
2026-08-10 06:30:52,737 DEBUG cd /home/sanjayh/frappe16-bench && sudo supervisorctl restart frappe16-bench-web:
2026-08-10 06:30:55,492 INFO /usr/local/bin/bench socketio
2026-08-10 06:30:56,402 DEBUG cd /home/sanjayh/frappe16-bench && sudo supervisorctl restart frappe16-bench-workers:
2026-08-10 06:30:57,025 INFO /usr/local/bin/bench schedule
2026-08-10 06:30:57,057 INFO /usr/local/bin/bench worker --queue long,default,short
2026-08-10 06:30:57,119 INFO /usr/local/bin/bench worker --queue short,default
2026-08-10 06:32:22,792 INFO /home/sanjayh/.local/bin/bench migrate
2026-08-10 06:32:40,625 INFO /home/sanjayh/.local/bin/bench build
2026-08-10 06:33:30,015 INFO /home/sanjayh/.local/bin/bench restart
2026-08-10 06:33:30,571 DEBUG cd /home/sanjayh/frappe16-bench && sudo supervisorctl restart frappe16-bench-web:
2026-08-10 06:33:32,311 INFO /usr/local/bin/bench socketio
2026-08-10 06:33:33,422 DEBUG cd /home/sanjayh/frappe16-bench && sudo supervisorctl restart frappe16-bench-workers:
2026-08-10 06:33:34,959 INFO /usr/local/bin/bench worker --queue short,default
2026-08-10 06:33:34,972 INFO /usr/local/bin/bench schedule
2026-08-10 06:33:34,990 INFO /usr/local/bin/bench worker --queue long,default,short
2026-08-10 06:35:15,861 INFO /home/sanjayh/.local/bin/bench migrate
2026-08-10 06:35:29,080 INFO /home/sanjayh/.local/bin/bench build
2026-08-10 06:36:18,017 INFO /home/sanjayh/.local/bin/bench restart
2026-08-10 06:36:18,437 DEBUG cd /home/sanjayh/frappe16-bench && sudo supervisorctl restart frappe16-bench-web:
2026-08-10 06:36:19,954 INFO /usr/local/bin/bench socketio
2026-08-10 06:36:21,354 DEBUG cd /home/sanjayh/frappe16-bench && sudo supervisorctl restart frappe16-bench-workers:
2026-08-10 06:36:23,163 INFO /usr/local/bin/bench worker --queue short,default
2026-08-10 06:36:23,186 INFO /usr/local/bin/bench worker --queue long,default,short
2026-08-10 06:36:23,190 INFO /usr/local/bin/bench schedule
2026-08-10 07:08:34,211 INFO /home/sanjayh/.local/bin/bench build
2026-08-10 07:08:56,352 INFO /home/sanjayh/.local/bin/bench --site site1.local clear-cache
2026-08-10 07:08:57,815 INFO /home/sanjayh/.local/bin/bench restart
2026-08-10 07:09:33,232 DEBUG cd /home/sanjayh/frappe16-bench && sudo supervisorctl restart frappe16-bench-web:
2026-08-10 07:09:35,264 INFO /usr/local/bin/bench socketio
2026-08-10 07:09:36,209 DEBUG cd /home/sanjayh/frappe16-bench && sudo supervisorctl restart frappe16-bench-workers:
2026-08-10 07:09:37,930 INFO /usr/local/bin/bench worker --queue long,default,short
2026-08-10 07:09:37,944 INFO /usr/local/bin/bench schedule
2026-08-10 07:09:37,953 INFO /usr/local/bin/bench worker --queue short,default
2026-08-10 07:15:32,900 INFO /home/sanjayh/.local/bin/bench build
2026-08-10 07:15:55,155 INFO /home/sanjayh/.local/bin/bench --site site1.local clear-cache
2026-08-10 07:15:56,758 INFO /home/sanjayh/.local/bin/bench restart
2026-08-10 07:15:57,118 DEBUG cd /home/sanjayh/frappe16-bench && sudo supervisorctl restart frappe16-bench-web:
2026-08-10 07:16:00,445 INFO /usr/local/bin/bench socketio
2026-08-10 07:16:01,793 DEBUG cd /home/sanjayh/frappe16-bench && sudo supervisorctl restart frappe16-bench-workers:
2026-08-10 07:16:03,258 INFO /usr/local/bin/bench worker --queue short,default
2026-08-10 07:16:03,304 INFO /usr/local/bin/bench schedule
2026-08-10 07:16:03,316 INFO /usr/local/bin/bench worker --queue long,default,short
2026-08-10 12:00:01,966 INFO /home/sanjayh/.local/bin/bench --verbose --site all backup
2026-08-10 12:53:44,635 INFO /home/sanjayh/.local/bin/bench build
2026-08-10 12:54:33,191 INFO /home/sanjayh/.local/bin/bench --site site1.local clear-cache
2026-08-11 05:04:00,325 INFO /usr/local/bin/bench socketio
2026-08-11 05:04:00,337 INFO /usr/local/bin/bench worker --queue short,default
2026-08-11 05:04:00,381 INFO /usr/local/bin/bench worker --queue long,default,short
2026-08-11 05:04:00,486 INFO /usr/local/bin/bench schedule
2026-08-11 05:12:33,925 INFO /home/sanjayh/.local/bin/bench start
2026-08-11 05:13:56,984 INFO /usr/local/bin/bench setup production sanjayh
2026-08-11 05:13:56,995 LOG Updated supervisord.conf: 'chmod' changed from '0700                       ; sockef file mode (default 0700)' to '0760'
2026-08-11 05:13:56,996 LOG Updated supervisord.conf: 'chown' changed from '' to 'sanjayh:sanjayh'
2026-08-11 05:14:02,100 DEBUG /usr/bin/supervisorctl reread
2026-08-11 05:14:02,335 DEBUG /usr/bin/supervisorctl update
2026-08-11 05:14:02,451 DEBUG sudo /usr/sbin/nginx -t
2026-08-11 05:14:02,512 DEBUG sudo systemctl reload nginx
2026-08-11 05:14:05,679 INFO /usr/local/bin/bench socketio
2026-08-11 05:14:05,705 INFO /usr/local/bin/bench worker --queue long,default,short
2026-08-11 05:14:05,741 INFO /usr/local/bin/bench schedule
2026-08-11 05:14:05,788 INFO /usr/local/bin/bench worker --queue short,default
2026-08-11 05:54:49,340 INFO /home/sanjayh/.local/bin/bench --site site1.local migrate
2026-08-11 05:55:22,143 INFO /usr/local/bin/bench schedule
2026-08-11 05:55:22,143 INFO /usr/local/bin/bench worker --queue short,default
2026-08-11 05:55:22,208 INFO /usr/local/bin/bench worker --queue long,default,short
2026-08-11 05:55:22,222 INFO /usr/local/bin/bench socketio
2026-08-11 06:00:01,588 INFO /home/sanjayh/.local/bin/bench --verbose --site all backup
2026-08-11 06:36:03,082 INFO /home/sanjayh/.local/bin/bench migrate
2026-08-11 06:36:25,136 INFO /home/sanjayh/.local/bin/bench build
2026-08-11 06:37:15,100 INFO /home/sanjayh/.local/bin/bench restart
2026-08-11 06:37:27,347 DEBUG cd /home/sanjayh/frappe16-bench && sudo supervisorctl restart frappe16-bench-web:
2026-08-11 06:37:30,570 INFO /usr/local/bin/bench socketio
2026-08-11 06:37:31,599 DEBUG cd /home/sanjayh/frappe16-bench && sudo supervisorctl restart frappe16-bench-workers:
2026-08-11 06:37:32,223 INFO /usr/local/bin/bench worker --queue long,default,short
2026-08-11 06:37:32,227 INFO /usr/local/bin/bench schedule
2026-08-11 06:37:32,283 INFO /usr/local/bin/bench worker --queue short,default
2026-08-11 08:41:59,811 INFO /home/sanjayh/.local/bin/bench config dns_multitenant
2026-08-11 08:41:59,837 WARNING /home/sanjayh/.local/bin/bench config dns_multitenant executed with exit code 2
2026-08-11 08:42:07,074 INFO /home/sanjayh/.local/bin/bench config dns_multitenant off
2026-08-11 08:48:32,803 INFO /home/sanjayh/.local/bin/bench setup nginx
2026-08-11 08:49:32,459 INFO /home/sanjayh/.local/bin/bench setup add-domain --help
2026-08-11 08:52:35,265 INFO /home/sanjayh/.local/bin/bench setup add-domain internal.testsite.local --site testsite.local
2026-08-11 08:53:27,210 INFO /home/sanjayh/.local/bin/bench setup nginx
2026-08-11 08:55:29,023 INFO /home/sanjayh/.local/bin/bench --site testsite.local show-config
2026-08-11 08:55:39,363 INFO /home/sanjayh/.local/bin/bench --version
2026-08-11 09:03:33,386 INFO /home/sanjayh/.local/bin/bench --site testsite.local set-config domain internal.testsite.local
2026-08-11 09:04:38,609 INFO /home/sanjayh/.local/bin/bench setup nginx
2026-08-11 09:06:57,720 INFO /home/sanjayh/.local/bin/bench setup nginx
2026-08-11 09:09:08,595 INFO /home/sanjayh/.local/bin/bench config dns_multitenant
2026-08-11 09:09:08,602 WARNING /home/sanjayh/.local/bin/bench config dns_multitenant executed with exit code 2
2026-08-11 10:04:37,540 INFO /home/sanjayh/.local/bin/bench restart
2026-08-11 10:04:42,278 DEBUG cd /home/sanjayh/frappe16-bench && sudo supervisorctl restart frappe16-bench-web:
2026-08-11 10:04:46,823 INFO /usr/local/bin/bench socketio
2026-08-11 10:04:48,141 DEBUG cd /home/sanjayh/frappe16-bench && sudo supervisorctl restart frappe16-bench-workers:
2026-08-11 10:04:50,181 INFO /usr/local/bin/bench worker --queue short,default
2026-08-11 10:04:50,187 INFO /usr/local/bin/bench worker --queue long,default,short
2026-08-11 10:04:50,207 INFO /usr/local/bin/bench schedule
2026-08-11 10:05:17,747 INFO /home/sanjayh/.local/bin/bench --site site1.local
2026-08-11 10:05:28,957 INFO /home/sanjayh/.local/bin/bench --site site1.local console
2026-08-11 10:18:08,564 INFO /home/sanjayh/.local/bin/bench migrate
2026-08-11 10:21:36,514 INFO /home/sanjayh/.local/bin/bench --site mysite.local clear-cache
2026-08-11 10:21:36,985 INFO /home/sanjayh/.local/bin/bench restart
2026-08-11 10:21:42,981 DEBUG cd /home/sanjayh/frappe16-bench && sudo supervisorctl restart frappe16-bench-web:
2026-08-11 10:21:45,743 INFO /usr/local/bin/bench socketio
2026-08-11 10:21:46,673 DEBUG cd /home/sanjayh/frappe16-bench && sudo supervisorctl restart frappe16-bench-workers:
2026-08-11 10:21:47,285 INFO /usr/local/bin/bench worker --queue long,default,short
2026-08-11 10:21:47,304 INFO /usr/local/bin/bench schedule
2026-08-11 10:21:47,309 INFO /usr/local/bin/bench worker --queue short,default
2026-08-11 10:22:03,081 INFO /home/sanjayh/.local/bin/bench --site site1.local clear-cache
2026-08-11 10:22:12,888 INFO /home/sanjayh/.local/bin/bench restart
2026-08-11 10:22:13,124 DEBUG cd /home/sanjayh/frappe16-bench && sudo supervisorctl restart frappe16-bench-web:
2026-08-11 10:22:14,803 INFO /usr/local/bin/bench socketio
2026-08-11 10:22:15,726 DEBUG cd /home/sanjayh/frappe16-bench && sudo supervisorctl restart frappe16-bench-workers:
2026-08-11 10:22:17,165 INFO /usr/local/bin/bench schedule
2026-08-11 10:22:17,180 INFO /usr/local/bin/bench worker --queue short,default
2026-08-11 10:22:17,186 INFO /usr/local/bin/bench worker --queue long,default,short
2026-08-11 10:24:52,611 INFO /home/sanjayh/.local/bin/bench console
2026-08-11 10:27:56,786 INFO /home/sanjayh/.local/bin/bench --site site1.local clear-cachere
2026-08-11 10:28:13,455 INFO /home/sanjayh/.local/bin/bench --site site1.local clear-cache
2026-08-11 10:28:23,699 INFO /home/sanjayh/.local/bin/bench restart
2026-08-11 10:28:24,058 DEBUG cd /home/sanjayh/frappe16-bench && sudo supervisorctl restart frappe16-bench-web:
2026-08-11 10:28:26,246 INFO /usr/local/bin/bench socketio
2026-08-11 10:28:27,082 DEBUG cd /home/sanjayh/frappe16-bench && sudo supervisorctl restart frappe16-bench-workers:
2026-08-11 10:28:28,029 INFO /usr/local/bin/bench worker --queue long,default,short
2026-08-11 10:28:28,029 INFO /usr/local/bin/bench schedule
2026-08-11 10:28:28,127 INFO /usr/local/bin/bench worker --queue short,default
2026-08-11 12:00:02,079 INFO /home/sanjayh/.local/bin/bench --verbose --site all backup
2026-08-12 04:39:21,693 INFO /usr/local/bin/bench worker --queue long,default,short
2026-08-12 04:39:21,693 INFO /usr/local/bin/bench socketio
2026-08-12 04:39:21,713 INFO /usr/local/bin/bench schedule
2026-08-12 04:39:21,774 INFO /usr/local/bin/bench worker --queue short,default
2026-08-12 04:39:57,555 INFO /home/sanjayh/.local/bin/bench start
2026-08-12 04:39:58,339 INFO /home/sanjayh/.local/bin/bench watch
2026-08-12 04:39:58,412 INFO /home/sanjayh/.local/bin/bench worker
2026-08-12 04:39:58,591 INFO /home/sanjayh/.local/bin/bench serve --port 8001
2026-08-12 05:18:40,420 INFO /home/sanjayh/.local/bin/bench build
2026-08-12 05:19:34,885 INFO /home/sanjayh/.local/bin/bench restart
2026-08-12 05:19:45,156 DEBUG cd /home/sanjayh/frappe16-bench && sudo supervisorctl restart frappe16-bench-web:
2026-08-12 05:19:50,315 INFO /usr/local/bin/bench socketio
2026-08-12 05:19:51,102 DEBUG cd /home/sanjayh/frappe16-bench && sudo supervisorctl restart frappe16-bench-workers:
2026-08-12 05:19:52,368 INFO /usr/local/bin/bench worker --queue long,default,short
2026-08-12 05:19:52,371 INFO /usr/local/bin/bench schedule
2026-08-12 05:19:52,390 INFO /usr/local/bin/bench worker --queue short,default
2026-08-12 05:21:18,444 INFO /home/sanjayh/.local/bin/bench --site site1.local build
2026-08-12 05:21:55,268 INFO /home/sanjayh/.local/bin/bench restart
2026-08-12 05:21:56,042 DEBUG cd /home/sanjayh/frappe16-bench && sudo supervisorctl restart frappe16-bench-web:
2026-08-12 05:22:03,991 DEBUG cd /home/sanjayh/frappe16-bench && sudo supervisorctl restart frappe16-bench-workers:
2026-08-12 05:22:08,723 INFO /usr/local/bin/bench socketio
2026-08-12 05:22:09,454 INFO /usr/local/bin/bench schedule
2026-08-12 05:22:09,499 INFO /usr/local/bin/bench worker --queue short,default
2026-08-12 05:22:09,511 INFO /usr/local/bin/bench worker --queue long,default,short
2026-08-12 05:25:53,232 INFO /home/sanjayh/.local/bin/bench --site site1.local build
2026-08-12 05:26:54,789 INFO /home/sanjayh/.local/bin/bench migrate
2026-08-12 06:00:02,663 INFO /home/sanjayh/.local/bin/bench --verbose --site all backup
2026-08-12 07:05:33,425 INFO /home/sanjayh/.local/bin/bench restart
2026-08-12 07:05:38,251 DEBUG cd /home/sanjayh/frappe16-bench && sudo supervisorctl restart frappe16-bench-web:
2026-08-12 07:05:44,662 INFO /usr/local/bin/bench socketio
2026-08-12 07:05:45,425 DEBUG cd /home/sanjayh/frappe16-bench && sudo supervisorctl restart frappe16-bench-workers:
2026-08-12 07:05:46,974 INFO /usr/local/bin/bench worker --queue short,default
2026-08-12 07:05:47,029 INFO /usr/local/bin/bench schedule
2026-08-12 07:05:47,289 INFO /usr/local/bin/bench worker --queue long,default,short
2026-08-12 07:06:52,058 INFO /home/sanjayh/.local/bin/bench console
2026-08-12 07:23:43,944 INFO /home/sanjayh/.local/bin/bench console
2026-08-12 09:08:41,862 INFO /home/sanjayh/.local/bin/bench console
2026-08-12 09:09:38,732 INFO /home/sanjayh/.local/bin/bench console
2026-08-12 09:24:27,545 INFO /home/sanjayh/.local/bin/bench console
2026-08-12 09:28:16,989 INFO /home/sanjayh/.local/bin/bench build
2026-08-12 09:28:59,884 INFO /home/sanjayh/.local/bin/bench restart
2026-08-12 09:29:07,749 DEBUG cd /home/sanjayh/frappe16-bench && sudo supervisorctl restart frappe16-bench-web:
2026-08-12 09:29:10,831 INFO /usr/local/bin/bench socketio
2026-08-12 09:29:11,962 DEBUG cd /home/sanjayh/frappe16-bench && sudo supervisorctl restart frappe16-bench-workers:
2026-08-12 09:29:14,401 INFO /usr/local/bin/bench worker --queue long,default,short
2026-08-12 09:29:14,411 INFO /usr/local/bin/bench worker --queue short,default
2026-08-12 09:29:14,438 INFO /usr/local/bin/bench schedule
2026-08-12 12:00:01,817 INFO /home/sanjayh/.local/bin/bench --verbose --site all backup
2026-08-12 12:54:00,828 INFO /home/sanjayh/.local/bin/bench --site site1.local mariadb
2026-08-12 13:17:24,822 INFO /home/sanjayh/.local/bin/bench build
2026-08-12 13:19:58,592 INFO /home/sanjayh/.local/bin/bench --site site1.local console
2026-08-12 13:20:47,988 INFO /home/sanjayh/.local/bin/bench restart
2026-08-12 13:20:52,816 DEBUG cd /home/sanjayh/frappe16-bench && sudo supervisorctl restart frappe16-bench-web:
2026-08-12 13:20:59,208 INFO /usr/local/bin/bench socketio
2026-08-12 13:21:00,099 DEBUG cd /home/sanjayh/frappe16-bench && sudo supervisorctl restart frappe16-bench-workers:
2026-08-12 13:21:01,171 INFO /usr/local/bin/bench worker --queue long,default,short
2026-08-12 13:21:01,237 INFO /usr/local/bin/bench worker --queue short,default
2026-08-12 13:21:01,310 INFO /usr/local/bin/bench schedule
2026-08-13 05:08:43,396 INFO /usr/local/bin/bench schedule
2026-08-13 05:08:43,399 INFO /usr/local/bin/bench socketio
2026-08-13 05:08:43,398 INFO /usr/local/bin/bench worker --queue short,default
2026-08-13 05:08:43,402 INFO /usr/local/bin/bench worker --queue long,default,short
2026-08-13 05:09:02,630 INFO /home/sanjayh/.local/bin/bench start
2026-08-13 05:10:30,018 INFO /usr/local/bin/bench setup production sanjayh
2026-08-13 05:10:30,030 LOG Updated supervisord.conf: 'chmod' changed from '0700                       ; sockef file mode (default 0700)' to '0760'
2026-08-13 05:10:30,030 LOG Updated supervisord.conf: 'chown' changed from '' to 'sanjayh:sanjayh'
2026-08-13 05:10:33,099 DEBUG /usr/bin/supervisorctl reread
2026-08-13 05:10:33,390 DEBUG /usr/bin/supervisorctl update
2026-08-13 05:10:33,550 DEBUG sudo /usr/sbin/nginx -t
2026-08-13 05:10:33,620 DEBUG sudo systemctl reload nginx
2026-08-13 05:10:36,389 INFO /usr/local/bin/bench schedule
2026-08-13 05:10:36,446 INFO /usr/local/bin/bench worker --queue long,default,short
2026-08-13 05:10:36,487 INFO /usr/local/bin/bench socketio
2026-08-13 05:10:36,527 INFO /usr/local/bin/bench worker --queue short,default
2026-08-13 05:25:26,914 INFO /usr/local/bin/bench worker --queue short,default
2026-08-13 05:25:26,914 INFO /usr/local/bin/bench schedule
2026-08-13 05:25:26,918 INFO /usr/local/bin/bench socketio
2026-08-13 05:25:26,938 INFO /usr/local/bin/bench worker --queue long,default,short
2026-08-13 05:27:30,844 INFO /usr/local/bin/bench worker --queue long,default,short
2026-08-13 05:27:30,859 INFO /usr/local/bin/bench schedule
2026-08-13 05:27:31,032 INFO /usr/local/bin/bench worker --queue short,default
2026-08-13 05:27:31,181 INFO /usr/local/bin/bench socketio
2026-08-13 06:00:02,404 INFO /home/sanjayh/.local/bin/bench --verbose --site all backup
2026-08-13 07:04:36,247 INFO /home/sanjayh/.local/bin/bench clear-cache
2026-08-13 12:00:01,676 INFO /home/sanjayh/.local/bin/bench --verbose --site all backup
2026-08-14 06:26:48,347 INFO /usr/local/bin/bench socketio
2026-08-14 06:26:48,348 INFO /usr/local/bin/bench worker --queue short,default
2026-08-14 06:26:48,352 INFO /usr/local/bin/bench worker --queue long,default,short
2026-08-14 06:26:48,360 INFO /usr/local/bin/bench schedule
2026-08-14 06:28:01,679 INFO /home/sanjayh/.local/bin/bench start
2026-08-14 06:28:06,099 INFO /home/sanjayh/.local/bin/bench migrate
2026-08-14 06:28:42,729 INFO /home/sanjayh/.local/bin/bench start
2026-08-14 06:33:20,845 INFO /home/sanjayh/.local/bin/bench restart
2026-08-14 06:33:21,229 DEBUG cd /home/sanjayh/frappe16-bench && sudo supervisorctl restart frappe16-bench-web:
2026-08-14 06:33:22,333 INFO /usr/local/bin/bench socketio
2026-08-14 06:33:23,299 DEBUG cd /home/sanjayh/frappe16-bench && sudo supervisorctl restart frappe16-bench-workers:
2026-08-14 06:33:23,750 INFO /usr/local/bin/bench schedule
2026-08-14 06:33:23,760 INFO /usr/local/bin/bench worker --queue long,default,short
2026-08-14 06:33:23,764 INFO /usr/local/bin/bench worker --queue short,default
2026-08-14 06:34:59,223 INFO /home/sanjayh/.local/bin/bench migrate
2026-08-14 06:35:13,467 INFO /home/sanjayh/.local/bin/bench restart
2026-08-14 06:35:13,764 DEBUG cd /home/sanjayh/frappe16-bench && sudo supervisorctl restart frappe16-bench-web:
2026-08-14 06:35:14,804 INFO /usr/local/bin/bench socketio
2026-08-14 06:35:15,678 DEBUG cd /home/sanjayh/frappe16-bench && sudo supervisorctl restart frappe16-bench-workers:
2026-08-14 06:35:16,315 INFO /usr/local/bin/bench worker --queue short,default
2026-08-14 06:35:16,316 INFO /usr/local/bin/bench worker --queue long,default,short
2026-08-14 06:35:16,326 INFO /usr/local/bin/bench schedule
2026-08-14 06:42:09,073 INFO /home/sanjayh/.local/bin/bench migrate
2026-08-14 06:49:46,795 INFO /home/sanjayh/.local/bin/bench migrate
2026-08-14 06:51:23,736 INFO /home/sanjayh/.local/bin/bench migrate
2026-08-14 06:57:18,702 INFO /home/sanjayh/.local/bin/bench migrate
2026-08-14 08:20:57,868 INFO /home/sanjayh/.local/bin/bench migrate
2026-08-14 11:48:53,259 INFO /home/sanjayh/.local/bin/bench migrate
2026-08-14 12:00:02,238 INFO /home/sanjayh/.local/bin/bench --verbose --site all backup
2026-08-17 05:20:33,210 INFO /usr/local/bin/bench schedule
2026-08-17 05:20:33,213 INFO /usr/local/bin/bench socketio
2026-08-17 05:20:33,215 INFO /usr/local/bin/bench worker --queue long,default,short
2026-08-17 05:20:33,216 INFO /usr/local/bin/bench worker --queue short,default
2026-08-17 05:21:12,674 INFO /home/sanjayh/.local/bin/bench start
2026-08-17 05:25:35,395 INFO /home/sanjayh/.local/bin/bench migrate
2026-08-17 05:26:52,134 INFO /home/sanjayh/.local/bin/bench restart
2026-08-17 05:26:56,934 DEBUG cd /home/sanjayh/frappe16-bench && sudo supervisorctl restart frappe16-bench-web:
2026-08-17 05:27:08,204 INFO /usr/local/bin/bench socketio
2026-08-17 05:27:09,259 DEBUG cd /home/sanjayh/frappe16-bench && sudo supervisorctl restart frappe16-bench-workers:
2026-08-17 05:27:09,954 INFO /usr/local/bin/bench worker --queue short,default
2026-08-17 05:27:09,983 INFO /usr/local/bin/bench worker --queue long,default,short
2026-08-17 05:27:10,100 INFO /usr/local/bin/bench schedule
2026-08-17 12:00:01,592 INFO /home/sanjayh/.local/bin/bench --verbose --site all backup
2026-08-18 06:00:01,711 INFO /home/sanjayh/.local/bin/bench --verbose --site all backup
2026-08-18 06:42:47,982 INFO /home/sanjayh/.local/bin/bench new-site student.local
2026-08-18 06:44:24,745 INFO /home/sanjayh/.local/bin/bench new-app student_management
2026-08-18 06:44:24,749 LOG creating new app student_management
2026-08-18 06:44:48,549 WARNING /home/sanjayh/.local/bin/bench new-app student_management executed with exit code 1
2026-08-18 06:44:52,396 INFO /home/sanjayh/.local/bin/bench new-app student_management
2026-08-18 06:44:52,401 LOG creating new app student_management
2026-08-18 06:46:36,388 LOG Installing student_management
2026-08-18 06:46:36,390 DEBUG cd /home/sanjayh/frappe16-bench && uv pip install --quiet -e /home/sanjayh/frappe16-bench/apps/student_management  --python /home/sanjayh/frappe16-bench/env/bin/python
2026-08-18 06:46:37,019 DEBUG bench build --app student_management
2026-08-18 06:46:37,132 INFO /home/sanjayh/.local/bin/bench build --app student_management
2026-08-18 06:46:48,875 DEBUG cd /home/sanjayh/frappe16-bench && sudo supervisorctl restart frappe16-bench-web:
2026-08-18 06:46:57,031 INFO /usr/local/bin/bench socketio
2026-08-18 06:46:58,116 DEBUG cd /home/sanjayh/frappe16-bench && sudo supervisorctl restart frappe16-bench-workers:
2026-08-18 06:47:02,758 INFO /usr/local/bin/bench worker --queue long,default,short
2026-08-18 06:47:07,828 INFO /usr/local/bin/bench schedule
2026-08-18 06:47:07,945 INFO /usr/local/bin/bench worker --queue short,default
2026-08-18 06:49:24,518 INFO /home/sanjayh/.local/bin/bench --site student.local install-app student_management
2026-08-18 06:49:44,082 INFO /home/sanjayh/.local/bin/bench start
2026-08-18 06:50:06,974 INFO /home/sanjayh/.local/bin/bench use student.local
2026-08-18 06:50:12,526 INFO /home/sanjayh/.local/bin/bench start
2026-08-18 06:51:14,039 INFO /usr/local/bin/bench worker --queue short,default
2026-08-18 06:51:14,066 INFO /usr/local/bin/bench socketio
2026-08-18 06:51:14,097 INFO /usr/local/bin/bench worker --queue long,default,short
2026-08-18 06:51:14,105 INFO /usr/local/bin/bench schedule
2026-08-18 06:51:24,750 INFO /home/sanjayh/.local/bin/bench setup nginx
2026-08-18 06:51:54,563 INFO /home/sanjayh/.local/bin/bench restart
2026-08-18 06:51:54,811 DEBUG cd /home/sanjayh/frappe16-bench && sudo supervisorctl restart frappe16-bench-web:
2026-08-18 06:51:55,491 INFO /usr/local/bin/bench socketio
2026-08-18 06:51:56,466 DEBUG cd /home/sanjayh/frappe16-bench && sudo supervisorctl restart frappe16-bench-workers:
2026-08-18 06:51:57,878 INFO /usr/local/bin/bench worker --queue short,default
2026-08-18 06:51:57,895 INFO /usr/local/bin/bench schedule
2026-08-18 06:51:57,900 INFO /usr/local/bin/bench worker --queue long,default,short
2026-08-18 06:53:29,171 INFO /home/sanjayh/.local/bin/bench --site student.local enable-scheduler
2026-08-18 06:53:30,879 INFO /usr/local/bin/bench schedule
2026-08-18 06:53:30,914 INFO /usr/local/bin/bench worker --queue short,default
2026-08-18 06:53:30,968 INFO /usr/local/bin/bench worker --queue long,default,short
2026-08-18 06:53:31,019 INFO /usr/local/bin/bench socketio
2026-08-18 06:53:38,623 INFO /home/sanjayh/.local/bin/bench --site student.local doctor
2026-08-18 06:53:46,589 INFO /home/sanjayh/.local/bin/bench --site student.local list-apps
2026-08-18 06:54:16,341 INFO /home/sanjayh/.local/bin/bench restart
2026-08-18 06:54:16,573 DEBUG cd /home/sanjayh/frappe16-bench && sudo supervisorctl restart frappe16-bench-web:
2026-08-18 06:54:17,289 INFO /usr/local/bin/bench socketio
2026-08-18 06:54:18,232 DEBUG cd /home/sanjayh/frappe16-bench && sudo supervisorctl restart frappe16-bench-workers:
2026-08-18 06:54:19,628 INFO /usr/local/bin/bench schedule
2026-08-18 06:54:19,633 INFO /usr/local/bin/bench worker --queue short,default
2026-08-18 06:54:19,635 INFO /usr/local/bin/bench worker --queue long,default,short
2026-08-18 06:56:19,887 INFO /home/sanjayh/.local/bin/bench restart
2026-08-18 06:56:20,132 DEBUG cd /home/sanjayh/frappe16-bench && sudo supervisorctl restart frappe16-bench-web:
2026-08-18 06:56:21,842 INFO /usr/local/bin/bench socketio
2026-08-18 06:56:22,747 DEBUG cd /home/sanjayh/frappe16-bench && sudo supervisorctl restart frappe16-bench-workers:
2026-08-18 06:56:23,050 INFO /usr/local/bin/bench worker --queue long,default,short
2026-08-18 06:56:23,052 INFO /usr/local/bin/bench worker --queue short,default
2026-08-18 06:56:23,052 INFO /usr/local/bin/bench schedule
2026-08-18 07:00:56,911 INFO /home/sanjayh/.local/bin/bench build --app frappe
2026-08-18 07:01:39,499 INFO /home/sanjayh/.local/bin/bench build --app student_management
2026-08-18 07:01:46,658 INFO /home/sanjayh/.local/bin/bench setup nginx
2026-08-18 07:02:11,668 INFO /usr/local/bin/bench socketio
2026-08-18 07:02:11,999 INFO /usr/local/bin/bench schedule
2026-08-18 07:02:12,238 INFO /usr/local/bin/bench worker --queue short,default
2026-08-18 07:02:13,430 INFO /usr/local/bin/bench worker --queue long,default,short
2026-08-18 07:02:29,856 INFO /home/sanjayh/.local/bin/bench --site student.local clear-cache
2026-08-18 07:02:31,072 INFO /home/sanjayh/.local/bin/bench --site student.local clear-website-cache
2026-08-18 07:05:15,270 INFO /home/sanjayh/.local/bin/bench --site student.local get-config db_name
2026-08-18 07:05:28,225 INFO /home/sanjayh/.local/bin/bench --site student.local list-apps
2026-08-18 07:08:24,040 INFO /home/sanjayh/.local/bin/bench --site student.local list-apps
2026-08-18 07:09:18,722 INFO /home/sanjayh/.local/bin/bench --site student.local console
2026-08-18 07:10:47,523 INFO /home/sanjayh/.local/bin/bench --site student.local console
2026-08-18 07:11:48,464 INFO /home/sanjayh/.local/bin/bench --site student.local console
2026-08-18 07:12:48,329 INFO /home/sanjayh/.local/bin/bench --site student.local clear-cache
2026-08-18 07:12:49,442 INFO /home/sanjayh/.local/bin/bench --site student.local clear-website-cache
2026-08-18 07:13:01,199 INFO /usr/local/bin/bench worker --queue short,default
2026-08-18 07:13:01,299 INFO /usr/local/bin/bench worker --queue long,default,short
2026-08-18 07:13:01,338 INFO /usr/local/bin/bench socketio
2026-08-18 07:13:01,417 INFO /usr/local/bin/bench schedule
2026-08-18 07:13:42,995 INFO /home/sanjayh/.local/bin/bench --site student.local console
2026-08-18 07:16:17,310 INFO /home/sanjayh/.local/bin/bench --site student.local console
2026-08-18 07:21:29,595 INFO /home/sanjayh/.local/bin/bench --site site1.local list-apps
2026-08-18 07:21:34,372 INFO /home/sanjayh/.local/bin/bench --site testsite.local list-apps
2026-08-18 07:21:39,892 INFO /home/sanjayh/.local/bin/bench --site student.local list-apps
2026-08-18 07:22:26,046 INFO /usr/local/bin/bench socketio
2026-08-18 07:23:03,505 INFO /usr/local/bin/bench socketio
2026-08-18 07:27:57,320 INFO /home/sanjayh/.local/bin/bench clear-cache
2026-08-18 07:27:58,421 INFO /home/sanjayh/.local/bin/bench --site student.local clear-cache
2026-08-18 07:28:00,915 INFO /usr/local/bin/bench socketio
2026-08-18 07:28:00,931 INFO /usr/local/bin/bench worker --queue short,default
2026-08-18 07:28:01,021 INFO /usr/local/bin/bench schedule
2026-08-18 07:28:01,122 INFO /usr/local/bin/bench worker --queue long,default,short
2026-08-18 07:32:05,906 INFO /usr/local/bin/bench worker --queue long,default,short
2026-08-18 07:32:05,946 INFO /usr/local/bin/bench socketio
2026-08-18 07:32:06,025 INFO /usr/local/bin/bench schedule
2026-08-18 07:32:06,082 INFO /usr/local/bin/bench worker --queue short,default
2026-08-18 07:32:13,642 INFO /usr/local/bin/bench socketio
2026-08-18 07:32:13,661 INFO /usr/local/bin/bench worker --queue long,default,short
2026-08-18 07:32:13,695 INFO /usr/local/bin/bench schedule
2026-08-18 07:32:13,792 INFO /usr/local/bin/bench worker --queue short,default
2026-08-18 08:20:11,097 INFO /home/sanjayh/.local/bin/bench --site school.local list-apps
2026-08-18 08:20:27,447 INFO /home/sanjayh/.local/bin/bench --site student.local list-apps
2026-08-18 10:31:26,311 INFO /home/sanjayh/.local/bin/bench --site student.local console
2026-08-18 10:33:22,806 INFO /home/sanjayh/.local/bin/bench --site student.local console
2026-08-18 10:36:12,431 INFO /home/sanjayh/.local/bin/bench --site site1.local console
2026-08-18 10:41:09,828 INFO /home/sanjayh/.local/bin/bench --site site1.local console
2026-08-18 10:53:03,169 INFO /home/sanjayh/.local/bin/bench --site site1.local console
2026-08-18 10:54:42,500 INFO /home/sanjayh/.local/bin/bench --site site1.local set-config developer_mode 1
2026-08-18 10:54:46,954 INFO /home/sanjayh/.local/bin/bench --site site1.local clear-cache
2026-08-18 10:55:17,526 INFO /home/sanjayh/.local/bin/bench --site site1.local export-fixtures
2026-08-18 10:55:28,048 INFO /home/sanjayh/.local/bin/bench --site site1.local console
2026-08-18 10:58:13,753 INFO /home/sanjayh/.local/bin/bench --site site1.local console
2026-08-18 11:00:10,607 INFO /home/sanjayh/.local/bin/bench --site student.local console
2026-08-18 11:01:31,783 INFO /home/sanjayh/.local/bin/bench --site site1.local backup
2026-08-18 11:02:04,026 INFO /home/sanjayh/.local/bin/bench --site site1.local console
2026-08-18 11:03:28,854 INFO /home/sanjayh/.local/bin/bench --site site1.local console
2026-08-18 11:04:53,530 INFO /home/sanjayh/.local/bin/bench --site site1.local console
2026-08-18 11:09:45,428 INFO /home/sanjayh/.local/bin/bench --site student.local console
2026-08-18 11:21:42,718 INFO /home/sanjayh/.local/bin/bench --site site1.local console
2026-08-18 11:23:41,115 INFO /home/sanjayh/.local/bin/bench --site site1.local console
2026-08-18 11:27:18,871 INFO /home/sanjayh/.local/bin/bench --help
2026-08-18 11:33:22,828 INFO /home/sanjayh/.local/bin/bench --site student.local console
2026-08-18 12:00:01,826 INFO /home/sanjayh/.local/bin/bench --verbose --site all backup
2026-08-18 12:00:40,676 INFO /home/sanjayh/.local/bin/bench --site student.local migrate
2026-08-18 12:26:43,041 INFO /home/sanjayh/.local/bin/bench restart
2026-08-18 12:26:49,596 DEBUG cd /home/sanjayh/frappe16-bench && sudo supervisorctl restart frappe16-bench-web:
2026-08-18 12:27:02,109 INFO /usr/local/bin/bench socketio
2026-08-18 12:27:02,918 DEBUG cd /home/sanjayh/frappe16-bench && sudo supervisorctl restart frappe16-bench-workers:
2026-08-18 12:27:04,747 INFO /usr/local/bin/bench schedule
2026-08-18 12:27:04,888 INFO /usr/local/bin/bench worker --queue short,default
2026-08-18 12:27:04,911 INFO /usr/local/bin/bench worker --queue long,default,short
2026-08-19 05:03:20,529 INFO /home/sanjayh/.local/bin/bench stop
2026-08-19 05:06:07,958 INFO /usr/local/bin/bench socketio
2026-08-19 05:06:07,966 INFO /usr/local/bin/bench worker --queue long,default,short
2026-08-19 05:06:07,967 INFO /usr/local/bin/bench worker --queue short,default
2026-08-19 05:06:07,972 INFO /usr/local/bin/bench schedule
2026-08-19 05:06:41,491 INFO /home/sanjayh/.local/bin/bench start
2026-08-19 05:09:22,094 INFO /usr/local/bin/bench setup production sanjayh
2026-08-19 05:09:22,140 LOG Updated supervisord.conf: 'chmod' changed from '0700                       ; sockef file mode (default 0700)' to '0760'
2026-08-19 05:09:22,140 LOG Updated supervisord.conf: 'chown' changed from '' to 'sanjayh:sanjayh'
2026-08-19 05:09:27,280 DEBUG /usr/bin/supervisorctl reread
2026-08-19 05:09:27,942 DEBUG /usr/bin/supervisorctl update
2026-08-19 05:09:28,320 DEBUG sudo /usr/sbin/nginx -t
2026-08-19 05:09:28,462 DEBUG sudo systemctl reload nginx
2026-08-19 05:09:30,982 INFO /usr/local/bin/bench schedule
2026-08-19 05:09:31,021 INFO /usr/local/bin/bench worker --queue short,default
2026-08-19 05:09:31,173 INFO /usr/local/bin/bench worker --queue long,default,short
2026-08-19 05:09:31,359 INFO /usr/local/bin/bench socketio
2026-08-19 05:18:00,227 INFO /home/sanjayh/.local/bin/bench --site student.local list-apps
2026-08-19 05:18:39,807 INFO /home/sanjayh/.local/bin/bench use student.local
2026-08-19 05:18:40,286 INFO /home/sanjayh/.local/bin/bench setup nginx
2026-08-19 05:19:55,062 INFO /home/sanjayh/.local/bin/bench config dns_multitenant
2026-08-19 05:19:55,072 WARNING /home/sanjayh/.local/bin/bench config dns_multitenant executed with exit code 2
2026-08-19 05:20:17,055 INFO /home/sanjayh/.local/bin/bench config dns_multitenant on
2026-08-19 05:20:23,987 INFO /home/sanjayh/.local/bin/bench setup nginx
2026-08-19 05:21:09,624 INFO /usr/local/bin/bench schedule
2026-08-19 05:21:09,633 INFO /usr/local/bin/bench socketio
2026-08-19 05:21:09,744 INFO /usr/local/bin/bench worker --queue short,default
2026-08-19 05:21:09,894 INFO /usr/local/bin/bench worker --queue long,default,short
2026-08-19 06:45:41,913 INFO /home/sanjayh/.local/bin/bench --site student.local install-app student management
2026-08-19 06:46:03,729 INFO /home/sanjayh/.local/bin/bench --site student.local install-app student_management
2026-08-19 06:46:19,247 INFO /home/sanjayh/.local/bin/bench --site student.local list-app
2026-08-19 06:46:23,970 INFO /home/sanjayh/.local/bin/bench --site student.local list-apps
2026-08-19 06:57:40,446 INFO /home/sanjayh/.local/bin/bench --site site1.local list-apps
2026-08-19 07:01:06,460 INFO /home/sanjayh/.local/bin/bench migrate
2026-08-19 07:03:20,241 INFO /home/sanjayh/.local/bin/bench use site1.local
2026-08-19 07:03:23,714 INFO /home/sanjayh/.local/bin/bench migrate
2026-08-19 07:05:04,351 INFO /home/sanjayh/.local/bin/bench use student.local
2026-08-19 07:05:15,877 INFO /home/sanjayh/.local/bin/bench clear-cache
2026-08-19 07:05:24,380 INFO /home/sanjayh/.local/bin/bench clear-website-cache
2026-08-19 07:07:43,866 INFO /home/sanjayh/.local/bin/bench --site student.local uninstall-app student_management
2026-08-19 07:07:59,526 INFO /home/sanjayh/.local/bin/bench clear-cache
2026-08-19 07:08:07,899 INFO /home/sanjayh/.local/bin/bench clear-website-cache
2026-08-19 07:09:02,307 INFO /home/sanjayh/.local/bin/bench --site student.local install-app student_management
2026-08-19 07:09:15,382 INFO /home/sanjayh/.local/bin/bench migrate
2026-08-19 07:16:58,342 INFO /home/sanjayh/.local/bin/bench use stie1.local
2026-08-19 07:17:08,928 INFO /home/sanjayh/.local/bin/bench use site1.local
2026-08-19 07:18:52,848 INFO /home/sanjayh/.local/bin/bench migrate
2026-08-19 07:25:01,790 INFO /home/sanjayh/.local/bin/bench console
2026-08-19 07:27:06,432 INFO /home/sanjayh/.local/bin/bench --site student.local console
2026-08-19 07:30:13,056 INFO /home/sanjayh/.local/bin/bench migrate
2026-08-19 07:30:44,087 INFO /home/sanjayh/.local/bin/bench migrate
2026-08-19 07:32:59,507 INFO /home/sanjayh/.local/bin/bench --site site1.local clear-cache
2026-08-19 07:33:03,903 INFO /home/sanjayh/.local/bin/bench --site site1.local migrate
2026-08-19 07:33:25,764 INFO /home/sanjayh/.local/bin/bench --site site1.local console
2026-08-19 07:33:46,950 INFO /home/sanjayh/.local/bin/bench --site site1.local clear-cache
2026-08-19 07:33:48,637 INFO /home/sanjayh/.local/bin/bench --site site1.local migrate
2026-08-19 08:23:48,822 INFO /home/sanjayh/.local/bin/bench --site student.local list-app
2026-08-19 08:23:55,213 INFO /home/sanjayh/.local/bin/bench --site student.local list-apps
2026-08-19 08:24:23,672 INFO /home/sanjayh/.local/bin/bench --site student.local uninstall-apps
2026-08-19 08:24:38,283 INFO /home/sanjayh/.local/bin/bench --site student.local uninstall-app student_management
2026-08-19 08:25:01,468 INFO /home/sanjayh/.local/bin/bench --site student.local install-app student_management
2026-08-19 08:25:11,704 INFO /home/sanjayh/.local/bin/bench migrate
2026-08-19 09:11:14,596 INFO /home/sanjayh/.local/bin/bench build
2026-08-19 09:12:49,410 INFO /home/sanjayh/.local/bin/bench migrate
2026-08-19 09:13:24,197 INFO /home/sanjayh/.local/bin/bench restart
2026-08-19 09:13:28,284 DEBUG cd /home/sanjayh/frappe16-bench && sudo supervisorctl restart frappe16-bench-web:
2026-08-19 09:13:34,235 INFO /usr/local/bin/bench socketio
2026-08-19 09:13:35,064 DEBUG cd /home/sanjayh/frappe16-bench && sudo supervisorctl restart frappe16-bench-workers:
2026-08-19 09:13:36,324 INFO /usr/local/bin/bench schedule
2026-08-19 09:13:36,439 INFO /usr/local/bin/bench worker --queue long,default,short
2026-08-19 09:13:36,543 INFO /usr/local/bin/bench worker --queue short,default
2026-08-19 09:15:05,689 INFO /home/sanjayh/.local/bin/bench clear-cache
2026-08-19 09:15:10,761 INFO /home/sanjayh/.local/bin/bench restart
2026-08-19 09:15:11,194 DEBUG cd /home/sanjayh/frappe16-bench && sudo supervisorctl restart frappe16-bench-web:
2026-08-19 09:15:12,338 INFO /usr/local/bin/bench socketio
2026-08-19 09:15:13,250 DEBUG cd /home/sanjayh/frappe16-bench && sudo supervisorctl restart frappe16-bench-workers:
2026-08-19 09:15:15,435 INFO /usr/local/bin/bench schedule
2026-08-19 09:15:15,644 INFO /usr/local/bin/bench worker --queue short,default
2026-08-19 09:15:15,706 INFO /usr/local/bin/bench worker --queue long,default,short
2026-08-19 09:18:48,671 INFO /home/sanjayh/.local/bin/bench clear-cache
2026-08-19 09:22:10,549 INFO /home/sanjayh/.local/bin/bench --site site1.local clear-website-cache
2026-08-19 09:22:12,111 INFO /home/sanjayh/.local/bin/bench --site site1.local clear-cache
2026-08-19 09:24:45,705 INFO /home/sanjayh/.local/bin/bench --site site1.local clear-website-cache
2026-08-19 09:24:47,497 INFO /home/sanjayh/.local/bin/bench --site site1.local clear-cache
2026-08-19 09:24:54,306 INFO /home/sanjayh/.local/bin/bench migrate
2026-08-19 09:28:12,604 INFO /home/sanjayh/.local/bin/bench migrate
2026-08-19 09:32:12,922 INFO /home/sanjayh/.local/bin/bench --site site1.local clear-website-cache
2026-08-19 09:32:14,659 INFO /home/sanjayh/.local/bin/bench --site site1.local clear-cache
2026-08-19 09:32:21,458 INFO /home/sanjayh/.local/bin/bench migrate
2026-08-19 12:00:02,085 INFO /home/sanjayh/.local/bin/bench --verbose --site all backup
2026-08-20 05:18:03,653 INFO /usr/local/bin/bench schedule
2026-08-20 05:18:03,653 INFO /usr/local/bin/bench worker --queue long,default,short
2026-08-20 05:18:03,654 INFO /usr/local/bin/bench worker --queue short,default
2026-08-20 05:18:03,671 INFO /usr/local/bin/bench socketio
2026-08-20 05:18:30,202 INFO /home/sanjayh/.local/bin/bench start
2026-08-20 05:27:11,412 INFO /home/sanjayh/.local/bin/bench migrate
2026-08-20 05:27:24,748 INFO /home/sanjayh/.local/bin/bench build
2026-08-20 05:35:27,448 INFO /home/sanjayh/.local/bin/bench clear-cache
2026-08-20 05:35:29,010 INFO /home/sanjayh/.local/bin/bench restart
2026-08-20 05:35:33,691 DEBUG cd /home/sanjayh/frappe16-bench && sudo supervisorctl restart frappe16-bench-web:
2026-08-20 05:35:37,990 INFO /usr/local/bin/bench socketio
2026-08-20 05:35:38,913 DEBUG cd /home/sanjayh/frappe16-bench && sudo supervisorctl restart frappe16-bench-workers:
2026-08-20 05:35:40,686 INFO /usr/local/bin/bench worker --queue long,default,short
2026-08-20 05:35:40,695 INFO /usr/local/bin/bench schedule
2026-08-20 05:35:40,716 INFO /usr/local/bin/bench worker --queue short,default
2026-08-20 05:39:03,951 INFO /home/sanjayh/.local/bin/bench migrate
2026-08-20 06:00:02,283 INFO /home/sanjayh/.local/bin/bench --verbose --site all backup
2026-08-20 07:12:24,844 INFO /home/sanjayh/.local/bin/bench migrate
2026-08-20 07:15:28,148 INFO /home/sanjayh/.local/bin/bench migrate
2026-08-20 07:18:12,732 INFO /home/sanjayh/.local/bin/bench build
2026-08-20 07:19:00,226 INFO /home/sanjayh/.local/bin/bench clear-cache
2026-08-20 07:19:20,889 INFO /home/sanjayh/.local/bin/bench clear-website-cache
2026-08-20 07:19:30,216 INFO /home/sanjayh/.local/bin/bench restart
2026-08-20 07:19:46,024 DEBUG cd /home/sanjayh/frappe16-bench && sudo supervisorctl restart frappe16-bench-web:
2026-08-20 07:19:52,529 INFO /usr/local/bin/bench socketio
2026-08-20 07:19:53,356 DEBUG cd /home/sanjayh/frappe16-bench && sudo supervisorctl restart frappe16-bench-workers:
2026-08-20 07:19:55,795 INFO /usr/local/bin/bench worker --queue long,default,short
2026-08-20 07:19:55,815 INFO /usr/local/bin/bench worker --queue short,default
2026-08-20 07:19:56,033 INFO /usr/local/bin/bench schedule
2026-08-20 07:23:33,249 INFO /home/sanjayh/.local/bin/bench restart
2026-08-20 07:23:33,598 DEBUG cd /home/sanjayh/frappe16-bench && sudo supervisorctl restart frappe16-bench-web:
2026-08-20 07:23:36,378 INFO /usr/local/bin/bench socketio
2026-08-20 07:23:37,094 DEBUG cd /home/sanjayh/frappe16-bench && sudo supervisorctl restart frappe16-bench-workers:
2026-08-20 07:23:38,485 INFO /usr/local/bin/bench schedule
2026-08-20 07:23:38,519 INFO /usr/local/bin/bench worker --queue short,default
2026-08-20 07:23:38,521 INFO /usr/local/bin/bench worker --queue long,default,short
2026-08-20 07:25:10,818 INFO /home/sanjayh/.local/bin/bench migrate
2026-08-20 07:33:50,334 INFO /home/sanjayh/.local/bin/bench migrate
2026-08-20 07:34:08,690 INFO /home/sanjayh/.local/bin/bench restart
2026-08-20 07:34:09,087 DEBUG cd /home/sanjayh/frappe16-bench && sudo supervisorctl restart frappe16-bench-web:
2026-08-20 07:34:15,479 INFO /usr/local/bin/bench socketio
2026-08-20 07:34:16,132 DEBUG cd /home/sanjayh/frappe16-bench && sudo supervisorctl restart frappe16-bench-workers:
2026-08-20 07:34:19,663 INFO /usr/local/bin/bench schedule
2026-08-20 07:34:19,692 INFO /usr/local/bin/bench worker --queue long,default,short
2026-08-20 07:34:19,869 INFO /usr/local/bin/bench worker --queue short,default
2026-08-21 05:00:54,954 INFO /usr/local/bin/bench schedule
2026-08-21 05:00:54,955 INFO /usr/local/bin/bench socketio
2026-08-21 05:00:54,957 INFO /usr/local/bin/bench worker --queue short,default
2026-08-21 05:00:54,964 INFO /usr/local/bin/bench worker --queue long,default,short
2026-08-21 05:04:43,709 INFO /home/sanjayh/.local/bin/bench start
2026-08-21 06:00:01,713 INFO /home/sanjayh/.local/bin/bench --verbose --site all backup
2026-08-21 06:37:08,398 INFO /home/sanjayh/.local/bin/bench migrate
2026-08-21 06:38:11,229 INFO /home/sanjayh/.local/bin/bench --site site1.local console
2026-08-21 06:41:49,680 INFO /home/sanjayh/.local/bin/bench restart
2026-08-21 06:41:55,201 DEBUG cd /home/sanjayh/frappe16-bench && sudo supervisorctl restart frappe16-bench-web:
2026-08-21 06:41:58,468 INFO /usr/local/bin/bench socketio
2026-08-21 06:41:59,319 DEBUG cd /home/sanjayh/frappe16-bench && sudo supervisorctl restart frappe16-bench-workers:
2026-08-21 06:42:01,280 INFO /usr/local/bin/bench worker --queue long,default,short
2026-08-21 06:42:01,291 INFO /usr/local/bin/bench worker --queue short,default
2026-08-21 06:42:01,297 INFO /usr/local/bin/bench schedule
2026-08-21 06:42:51,355 INFO /home/sanjayh/.local/bin/bench migrate
2026-08-21 06:48:50,761 INFO /home/sanjayh/.local/bin/bench migrate
2026-08-21 06:49:42,605 INFO /home/sanjayh/.local/bin/bench --site site1.local console
2026-08-21 06:52:28,318 INFO /home/sanjayh/.local/bin/bench migrate
2026-08-21 06:52:38,842 INFO /home/sanjayh/.local/bin/bench --site site1.local console
2026-08-21 07:08:42,150 INFO /home/sanjayh/.local/bin/bench migrate
2026-08-21 07:09:36,200 INFO /home/sanjayh/.local/bin/bench --site site1.local console
2026-08-21 07:13:43,031 INFO /home/sanjayh/.local/bin/bench migrate
2026-08-21 07:14:36,258 INFO /home/sanjayh/.local/bin/bench console
2026-08-21 07:15:48,286 INFO /home/sanjayh/.local/bin/bench migrate
2026-08-21 07:16:06,032 INFO /home/sanjayh/.local/bin/bench restart
2026-08-21 07:16:12,176 DEBUG cd /home/sanjayh/frappe16-bench && sudo supervisorctl restart frappe16-bench-web:
2026-08-21 07:16:15,691 INFO /usr/local/bin/bench socketio
2026-08-21 07:16:16,562 DEBUG cd /home/sanjayh/frappe16-bench && sudo supervisorctl restart frappe16-bench-workers:
2026-08-21 07:16:17,305 INFO /usr/local/bin/bench schedule
2026-08-21 07:16:17,339 INFO /usr/local/bin/bench worker --queue short,default
2026-08-21 07:16:17,364 INFO /usr/local/bin/bench worker --queue long,default,short
2026-08-21 07:21:16,542 INFO /home/sanjayh/.local/bin/bench restart
2026-08-21 07:21:16,827 DEBUG cd /home/sanjayh/frappe16-bench && sudo supervisorctl restart frappe16-bench-web:
2026-08-21 07:21:22,815 INFO /usr/local/bin/bench socketio
2026-08-21 07:21:24,171 DEBUG cd /home/sanjayh/frappe16-bench && sudo supervisorctl restart frappe16-bench-workers:
2026-08-21 07:21:24,728 INFO /usr/local/bin/bench worker --queue long,default,short
2026-08-21 07:21:24,752 INFO /usr/local/bin/bench schedule
2026-08-21 07:21:24,768 INFO /usr/local/bin/bench worker --queue short,default
2026-08-21 07:24:06,314 INFO /home/sanjayh/.local/bin/bench migrate
2026-08-21 07:24:45,879 INFO /home/sanjayh/.local/bin/bench --site site1.local console
2026-08-21 07:26:35,193 INFO /home/sanjayh/.local/bin/bench migrate
2026-08-21 08:42:18,733 INFO /home/sanjayh/.local/bin/bench console
2026-08-21 08:58:39,807 INFO /home/sanjayh/.local/bin/bench clear-cache
2026-08-21 08:58:49,921 INFO /home/sanjayh/.local/bin/bench build
2026-08-21 08:59:35,578 INFO /home/sanjayh/.local/bin/bench migrate
2026-08-21 10:32:24,107 INFO /usr/local/bin/bench schedule
2026-08-21 10:32:24,112 INFO /usr/local/bin/bench worker --queue long,default,short
2026-08-21 10:32:24,112 INFO /usr/local/bin/bench worker --queue short,default
2026-08-21 10:32:24,114 INFO /usr/local/bin/bench socketio
2026-08-21 10:34:59,937 INFO /home/sanjayh/.local/bin/bench start
2026-08-21 10:58:49,007 INFO /home/sanjayh/.local/bin/bench console
2026-08-21 11:02:10,491 INFO /home/sanjayh/.local/bin/bench cosole
2026-08-21 11:02:17,732 INFO /home/sanjayh/.local/bin/bench console
2026-08-21 11:17:51,727 INFO /home/sanjayh/.local/bin/bench console
2026-08-21 11:20:10,877 INFO /home/sanjayh/.local/bin/bench build --app practice_app
2026-08-21 11:20:15,314 INFO /home/sanjayh/.local/bin/bench clear-cache
2026-08-21 11:23:19,922 INFO /home/sanjayh/.local/bin/bench build --app practice_app
2026-08-21 11:23:30,322 INFO /home/sanjayh/.local/bin/bench clear-cache
2026-08-21 11:25:08,007 INFO /home/sanjayh/.local/bin/bench console
2026-08-21 11:27:58,851 INFO /home/sanjayh/.local/bin/bench clear-cache
2026-08-21 11:28:12,103 INFO /home/sanjayh/.local/bin/bench --site site1.local console
2026-08-21 11:31:03,902 INFO /home/sanjayh/.local/bin/bench build --app practice_app
2026-08-21 11:31:08,466 INFO /home/sanjayh/.local/bin/bench clear-cache
2026-08-21 11:32:05,937 INFO /home/sanjayh/.local/bin/bench console
2026-08-21 11:43:18,799 INFO /home/sanjayh/.local/bin/bench clear-cache
2026-08-21 11:43:48,811 INFO /home/sanjayh/.local/bin/bench migrate
2026-08-21 11:44:10,161 INFO /home/sanjayh/.local/bin/bench build
2026-08-21 12:31:55,957 INFO /home/sanjayh/.local/bin/bench build
2026-08-21 12:40:01,572 INFO /home/sanjayh/.local/bin/bench migrate
2026-08-21 12:40:28,185 INFO /home/sanjayh/.local/bin/bench build
2026-08-21 12:50:42,234 INFO /home/sanjayh/.local/bin/bench build --site site1.local
2026-08-21 12:51:10,281 INFO /home/sanjayh/.local/bin/bench build practice_app
2026-08-21 12:51:16,253 INFO /home/sanjayh/.local/bin/bench build -app practice_app
2026-08-21 12:52:31,329 INFO /home/sanjayh/.local/bin/bench build --app practice_app
2026-08-21 12:52:42,573 INFO /home/sanjayh/.local/bin/bench migrate
2026-08-21 12:54:57,927 INFO /home/sanjayh/.local/bin/bench clear-cache
2026-08-21 12:55:22,327 INFO /home/sanjayh/.local/bin/bench clear-website-cache
2026-08-21 12:55:31,086 INFO /home/sanjayh/.local/bin/bench restart
2026-08-21 12:55:47,620 DEBUG cd /home/sanjayh/frappe16-bench && sudo supervisorctl restart frappe16-bench-web:
2026-08-21 12:55:52,902 INFO /usr/local/bin/bench socketio
2026-08-21 12:55:53,622 DEBUG cd /home/sanjayh/frappe16-bench && sudo supervisorctl restart frappe16-bench-workers:
2026-08-21 12:55:54,874 INFO /usr/local/bin/bench worker --queue short,default
2026-08-21 12:55:55,009 INFO /usr/local/bin/bench schedule
2026-08-21 12:55:55,036 INFO /usr/local/bin/bench worker --queue long,default,short
2026-08-21 13:37:09,528 INFO /home/sanjayh/.local/bin/bench clear-cache
2026-08-21 13:37:20,216 INFO /home/sanjayh/.local/bin/bench clear-website-cache
2026-08-21 13:37:26,145 INFO /home/sanjayh/.local/bin/bench migrate
2026-08-21 13:45:38,705 INFO /home/sanjayh/.local/bin/bench --site site1.local console
2026-08-21 13:48:50,599 INFO /home/sanjayh/.local/bin/bench clear-cache
2026-08-25 04:57:55,544 INFO /usr/local/bin/bench worker --queue long,default,short
2026-08-25 04:57:55,545 INFO /usr/local/bin/bench socketio
2026-08-25 04:57:55,549 INFO /usr/local/bin/bench worker --queue short,default
2026-08-25 04:57:55,550 INFO /usr/local/bin/bench schedule
2026-08-25 04:58:24,965 INFO /home/sanjayh/.local/bin/bench start
2026-08-25 05:10:34,453 INFO /home/sanjayh/.local/bin/bench --site site1.local console
2026-08-25 05:12:36,028 INFO /home/sanjayh/.local/bin/bench --site site1.local console
2026-08-25 05:27:01,046 INFO /home/sanjayh/.local/bin/bench --site site1.local console
2026-08-25 05:35:35,803 INFO /home/sanjayh/.local/bin/bench console
2026-08-25 06:00:02,021 INFO /home/sanjayh/.local/bin/bench --verbose --site all backup
2026-08-25 09:18:26,104 INFO /home/sanjayh/.local/bin/bench build
2026-08-25 09:19:56,879 INFO /home/sanjayh/.local/bin/bench use student.local
2026-08-25 09:20:04,976 INFO /home/sanjayh/.local/bin/bench restart
2026-08-25 09:20:09,951 DEBUG cd /home/sanjayh/frappe16-bench && sudo supervisorctl restart frappe16-bench-web:
2026-08-25 09:20:12,316 INFO /usr/local/bin/bench socketio
2026-08-25 09:20:13,481 DEBUG cd /home/sanjayh/frappe16-bench && sudo supervisorctl restart frappe16-bench-workers:
2026-08-25 09:20:14,218 INFO /usr/local/bin/bench schedule
2026-08-25 09:20:14,227 INFO /usr/local/bin/bench worker --queue long,default,short
2026-08-25 09:20:14,233 INFO /usr/local/bin/bench worker --queue short,default
2026-08-25 09:20:35,506 INFO /home/sanjayh/.local/bin/bench clear-cache
2026-08-25 09:21:41,540 INFO /home/sanjayh/.local/bin/bench --site student.local list-apps
2026-08-25 09:23:28,591 INFO /home/sanjayh/.local/bin/bench build
2026-08-25 09:23:56,887 INFO /home/sanjayh/.local/bin/bench restart
2026-08-25 09:23:57,316 DEBUG cd /home/sanjayh/frappe16-bench && sudo supervisorctl restart frappe16-bench-web:
2026-08-25 09:24:00,160 INFO /usr/local/bin/bench socketio
2026-08-25 09:24:01,082 DEBUG cd /home/sanjayh/frappe16-bench && sudo supervisorctl restart frappe16-bench-workers:
2026-08-25 09:24:02,981 INFO /usr/local/bin/bench schedule
2026-08-25 09:24:02,994 INFO /usr/local/bin/bench worker --queue long,default,short
2026-08-25 09:24:03,013 INFO /usr/local/bin/bench worker --queue short,default
2026-08-25 09:24:10,626 INFO /home/sanjayh/.local/bin/bench clear-cache
2026-08-25 09:25:11,639 INFO /home/sanjayh/.local/bin/bench --site student.local console
2026-08-25 09:37:26,543 INFO /home/sanjayh/.local/bin/bench clear-cache
2026-08-25 09:37:29,172 INFO /home/sanjayh/.local/bin/bench --site student.local clear-cache
2026-08-25 09:38:34,722 INFO /home/sanjayh/.local/bin/bench build
2026-08-25 09:51:01,496 INFO /home/sanjayh/.local/bin/bench --site student.local console
2026-08-25 09:52:07,264 INFO /home/sanjayh/.local/bin/bench use site1.local
2026-08-25 09:52:10,542 INFO /home/sanjayh/.local/bin/bench build
2026-08-25 09:52:40,345 INFO /home/sanjayh/.local/bin/bench --site student.local console
2026-08-25 09:54:20,356 INFO /home/sanjayh/.local/bin/bench build
2026-08-25 09:55:15,101 INFO /home/sanjayh/.local/bin/bench --site student.local console
2026-08-25 09:55:36,755 INFO /home/sanjayh/.local/bin/bench console
2026-08-25 10:04:16,405 INFO /home/sanjayh/.local/bin/bench clear-cache
2026-08-25 10:04:28,451 INFO /home/sanjayh/.local/bin/bench website-clear-cache
2026-08-25 10:08:34,043 INFO /home/sanjayh/.local/bin/bench migrate
2026-08-25 10:09:22,984 INFO /home/sanjayh/.local/bin/bench restart
2026-08-25 10:09:28,809 DEBUG cd /home/sanjayh/frappe16-bench && sudo supervisorctl restart frappe16-bench-web:
2026-08-25 10:09:31,598 INFO /usr/local/bin/bench socketio
2026-08-25 10:09:32,426 DEBUG cd /home/sanjayh/frappe16-bench && sudo supervisorctl restart frappe16-bench-workers:
2026-08-25 10:09:33,673 INFO /usr/local/bin/bench worker --queue short,default
2026-08-25 10:09:33,844 INFO /usr/local/bin/bench worker --queue long,default,short
2026-08-25 10:09:34,064 INFO /usr/local/bin/bench schedule
2026-08-25 10:17:35,895 INFO /home/sanjayh/.local/bin/bench build
2026-08-25 10:21:45,617 INFO /home/sanjayh/.local/bin/bench build
2026-08-25 12:00:01,907 INFO /home/sanjayh/.local/bin/bench --verbose --site all backup
2026-08-26 05:19:18,635 INFO /usr/local/bin/bench worker --queue short,default
2026-08-26 05:19:18,635 INFO /usr/local/bin/bench schedule
2026-08-26 05:19:18,636 INFO /usr/local/bin/bench worker --queue long,default,short
2026-08-26 05:19:18,645 INFO /usr/local/bin/bench socketio
2026-08-26 05:19:58,913 INFO /home/sanjayh/.local/bin/bench start
2026-08-26 06:00:02,193 INFO /home/sanjayh/.local/bin/bench --verbose --site all backup
2026-08-26 06:28:57,107 INFO /home/sanjayh/.local/bin/bench migrate
2026-08-26 06:29:27,590 INFO /home/sanjayh/.local/bin/bench restart
2026-08-26 06:29:33,145 DEBUG cd /home/sanjayh/frappe16-bench && sudo supervisorctl restart frappe16-bench-web:
2026-08-26 06:29:39,565 INFO /usr/local/bin/bench socketio
2026-08-26 06:29:40,354 DEBUG cd /home/sanjayh/frappe16-bench && sudo supervisorctl restart frappe16-bench-workers:
2026-08-26 06:29:41,490 INFO /usr/local/bin/bench worker --queue long,default,short
2026-08-26 06:29:41,496 INFO /usr/local/bin/bench worker --queue short,default
2026-08-26 06:29:42,060 INFO /usr/local/bin/bench schedule
2026-08-26 06:47:34,389 INFO /home/sanjayh/.local/bin/bench migrate
2026-08-26 06:47:54,044 INFO /home/sanjayh/.local/bin/bench restart
2026-08-26 06:47:59,132 DEBUG cd /home/sanjayh/frappe16-bench && sudo supervisorctl restart frappe16-bench-web:
2026-08-26 06:48:02,531 INFO /usr/local/bin/bench socketio
2026-08-26 06:48:03,294 DEBUG cd /home/sanjayh/frappe16-bench && sudo supervisorctl restart frappe16-bench-workers:
2026-08-26 06:48:06,542 INFO /usr/local/bin/bench schedule
2026-08-26 06:48:06,564 INFO /usr/local/bin/bench worker --queue short,default
2026-08-26 06:48:06,588 INFO /usr/local/bin/bench worker --queue long,default,short
2026-08-26 06:57:23,803 INFO /home/sanjayh/.local/bin/bench migrate
2026-08-26 06:59:13,330 INFO /home/sanjayh/.local/bin/bench migrate
2026-08-26 07:06:56,794 INFO /home/sanjayh/.local/bin/bench build
2026-08-26 07:07:59,609 INFO /home/sanjayh/.local/bin/bench restart
2026-08-26 07:08:07,125 DEBUG cd /home/sanjayh/frappe16-bench && sudo supervisorctl restart frappe16-bench-web:
2026-08-26 07:08:11,367 INFO /usr/local/bin/bench socketio
2026-08-26 07:08:12,782 DEBUG cd /home/sanjayh/frappe16-bench && sudo supervisorctl restart frappe16-bench-workers:
2026-08-26 07:08:13,799 INFO /usr/local/bin/bench worker --queue long,default,short
2026-08-26 07:08:13,829 INFO /usr/local/bin/bench schedule
2026-08-26 07:08:14,136 INFO /usr/local/bin/bench worker --queue short,default
2026-08-26 07:11:18,748 INFO /home/sanjayh/.local/bin/bench console
2026-08-26 07:17:37,087 INFO /home/sanjayh/.local/bin/bench restart
2026-08-26 07:17:37,620 DEBUG cd /home/sanjayh/frappe16-bench && sudo supervisorctl restart frappe16-bench-web:
2026-08-26 07:17:40,307 INFO /usr/local/bin/bench socketio
2026-08-26 07:17:41,864 DEBUG cd /home/sanjayh/frappe16-bench && sudo supervisorctl restart frappe16-bench-workers:
2026-08-26 07:17:42,727 INFO /usr/local/bin/bench schedule
2026-08-26 07:17:42,728 INFO /usr/local/bin/bench worker --queue short,default
2026-08-26 07:17:42,772 INFO /usr/local/bin/bench worker --queue long,default,short
2026-08-26 07:25:23,996 INFO /home/sanjayh/.local/bin/bench console
2026-08-26 07:35:47,769 INFO /home/sanjayh/.local/bin/bench migrate
2026-08-26 07:36:08,605 INFO /home/sanjayh/.local/bin/bench restart
2026-08-26 07:36:14,567 DEBUG cd /home/sanjayh/frappe16-bench && sudo supervisorctl restart frappe16-bench-web:
2026-08-26 07:36:19,352 INFO /usr/local/bin/bench socketio
2026-08-26 07:36:20,125 DEBUG cd /home/sanjayh/frappe16-bench && sudo supervisorctl restart frappe16-bench-workers:
2026-08-26 07:36:21,867 INFO /usr/local/bin/bench schedule
2026-08-26 07:36:21,957 INFO /usr/local/bin/bench worker --queue long,default,short
2026-08-26 07:36:22,084 INFO /usr/local/bin/bench worker --queue short,default
2026-08-26 07:38:36,101 INFO /home/sanjayh/.local/bin/bench restart
2026-08-26 07:38:36,672 DEBUG cd /home/sanjayh/frappe16-bench && sudo supervisorctl restart frappe16-bench-web:
2026-08-26 07:38:37,826 INFO /usr/local/bin/bench socketio
2026-08-26 07:38:38,760 DEBUG cd /home/sanjayh/frappe16-bench && sudo supervisorctl restart frappe16-bench-workers:
2026-08-26 07:38:40,452 INFO /usr/local/bin/bench schedule
2026-08-26 07:38:40,456 INFO /usr/local/bin/bench worker --queue short,default
2026-08-26 07:38:40,486 INFO /usr/local/bin/bench worker --queue long,default,short
2026-08-26 09:37:55,301 INFO /home/sanjayh/.local/bin/bench migrate
2026-08-26 09:56:55,360 INFO /home/sanjayh/.local/bin/bench migrate
2026-08-26 09:57:48,514 INFO /home/sanjayh/.local/bin/bench restart
2026-08-26 09:57:51,681 DEBUG cd /home/sanjayh/frappe16-bench && sudo supervisorctl restart frappe16-bench-web:
2026-08-26 09:57:54,303 INFO /usr/local/bin/bench socketio
2026-08-26 09:57:55,244 DEBUG cd /home/sanjayh/frappe16-bench && sudo supervisorctl restart frappe16-bench-workers:
2026-08-26 09:58:00,853 INFO /usr/local/bin/bench worker --queue long,default,short
2026-08-26 09:58:00,879 INFO /usr/local/bin/bench schedule
2026-08-26 09:58:01,017 INFO /usr/local/bin/bench worker --queue short,default
2026-08-26 09:58:57,254 INFO /home/sanjayh/.local/bin/bench console
2026-08-26 12:00:02,509 INFO /home/sanjayh/.local/bin/bench --verbose --site all backup
2026-08-27 05:11:24,450 INFO /usr/local/bin/bench worker --queue short,default
2026-08-27 05:11:24,451 INFO /usr/local/bin/bench socketio
2026-08-27 05:11:24,451 INFO /usr/local/bin/bench schedule
2026-08-27 05:11:24,574 INFO /usr/local/bin/bench worker --queue long,default,short
2026-08-27 05:11:45,145 INFO /home/sanjayh/.local/bin/bench start
2026-08-27 12:00:01,596 INFO /home/sanjayh/.local/bin/bench --verbose --site all backup
2026-08-28 05:02:09,884 INFO /usr/local/bin/bench worker --queue long,default,short
2026-08-28 05:02:09,885 INFO /usr/local/bin/bench schedule
2026-08-28 05:02:09,885 INFO /usr/local/bin/bench socketio
2026-08-28 05:02:09,889 INFO /usr/local/bin/bench worker --queue short,default
2026-08-28 05:02:36,271 INFO /home/sanjayh/.local/bin/bench start
2026-08-28 06:37:44,212 INFO /home/sanjayh/.local/bin/bench clear-cache
2026-08-28 06:37:52,076 INFO /home/sanjayh/.local/bin/bench restart
2026-08-28 06:37:56,570 DEBUG cd /home/sanjayh/frappe16-bench && sudo supervisorctl restart frappe16-bench-web:
2026-08-28 06:38:01,689 INFO /usr/local/bin/bench socketio
2026-08-28 06:38:02,257 DEBUG cd /home/sanjayh/frappe16-bench && sudo supervisorctl restart frappe16-bench-workers:
2026-08-28 06:38:03,555 INFO /usr/local/bin/bench worker --queue long,default,short
2026-08-28 06:38:03,609 INFO /usr/local/bin/bench worker --queue short,default
2026-08-28 06:38:03,638 INFO /usr/local/bin/bench schedule
2026-08-28 07:11:30,708 INFO /home/sanjayh/.local/bin/bench clear-cache
2026-08-28 07:11:39,347 INFO /home/sanjayh/.local/bin/bench restart
2026-08-28 07:11:45,916 DEBUG cd /home/sanjayh/frappe16-bench && sudo supervisorctl restart frappe16-bench-web:
2026-08-28 07:11:53,505 INFO /usr/local/bin/bench socketio
2026-08-28 07:11:54,244 DEBUG cd /home/sanjayh/frappe16-bench && sudo supervisorctl restart frappe16-bench-workers:
2026-08-28 07:11:59,953 INFO /usr/local/bin/bench worker --queue short,default
2026-08-28 07:12:00,122 INFO /usr/local/bin/bench worker --queue long,default,short
2026-08-28 07:12:00,492 INFO /usr/local/bin/bench schedule
2026-08-28 09:57:05,601 INFO /home/sanjayh/.local/bin/bench clear-cache
2026-08-28 09:57:09,570 INFO /home/sanjayh/.local/bin/bench restart
2026-08-28 09:57:22,463 DEBUG cd /home/sanjayh/frappe16-bench && sudo supervisorctl restart frappe16-bench-web:
2026-08-28 09:57:27,737 INFO /usr/local/bin/bench socketio
2026-08-28 09:57:27,979 DEBUG cd /home/sanjayh/frappe16-bench && sudo supervisorctl restart frappe16-bench-workers:
2026-08-28 09:57:30,841 INFO /usr/local/bin/bench worker --queue long,default,short
2026-08-28 09:57:30,985 INFO /usr/local/bin/bench worker --queue short,default
2026-08-28 09:57:31,016 INFO /usr/local/bin/bench schedule
2026-08-28 10:03:42,272 INFO /home/sanjayh/.local/bin/bench clear-cache
2026-08-28 10:22:21,516 INFO /home/sanjayh/.local/bin/bench clear-cache
2026-08-28 10:23:36,571 INFO /home/sanjayh/.local/bin/bench --site sit1.local migrate
2026-08-28 10:23:47,650 INFO /home/sanjayh/.local/bin/bench --site site1.local migrate
2026-08-28 10:26:02,551 INFO /home/sanjayh/.local/bin/bench restart
2026-08-28 10:26:14,546 DEBUG cd /home/sanjayh/frappe16-bench && sudo supervisorctl restart frappe16-bench-web:
2026-08-28 10:26:19,304 INFO /usr/local/bin/bench socketio
2026-08-28 10:26:20,541 DEBUG cd /home/sanjayh/frappe16-bench && sudo supervisorctl restart frappe16-bench-workers:
2026-08-28 10:26:22,581 INFO /usr/local/bin/bench worker --queue short,default
2026-08-28 10:26:22,662 INFO /usr/local/bin/bench schedule
2026-08-28 10:26:22,664 INFO /usr/local/bin/bench worker --queue long,default,short
2026-08-28 12:00:01,708 INFO /home/sanjayh/.local/bin/bench --verbose --site all backup
2026-08-28 12:40:49,897 INFO /home/sanjayh/.local/bin/bench --site site1.local migrate
2026-08-28 12:41:14,818 INFO /home/sanjayh/.local/bin/bench restart
2026-08-28 12:41:20,428 DEBUG cd /home/sanjayh/frappe16-bench && sudo supervisorctl restart frappe16-bench-web:
2026-08-28 12:41:30,486 INFO /usr/local/bin/bench socketio
2026-08-28 12:41:31,307 DEBUG cd /home/sanjayh/frappe16-bench && sudo supervisorctl restart frappe16-bench-workers:
2026-08-28 12:41:32,682 INFO /usr/local/bin/bench schedule
2026-08-28 12:41:32,688 INFO /usr/local/bin/bench worker --queue short,default
2026-08-28 12:41:32,713 INFO /usr/local/bin/bench worker --queue long,default,short
2026-08-28 12:50:24,553 INFO /home/sanjayh/.local/bin/bench build
2026-08-28 12:51:32,076 INFO /home/sanjayh/.local/bin/bench migrate
2026-08-28 12:51:53,208 INFO /home/sanjayh/.local/bin/bench restart
2026-08-28 12:51:53,883 DEBUG cd /home/sanjayh/frappe16-bench && sudo supervisorctl restart frappe16-bench-web:
2026-08-28 12:51:56,490 INFO /usr/local/bin/bench socketio
2026-08-28 12:51:57,639 DEBUG cd /home/sanjayh/frappe16-bench && sudo supervisorctl restart frappe16-bench-workers:
2026-08-28 12:51:59,553 INFO /usr/local/bin/bench worker --queue long,default,short
2026-08-28 12:51:59,578 INFO /usr/local/bin/bench schedule
2026-08-28 12:51:59,681 INFO /usr/local/bin/bench worker --queue short,default
2026-08-28 13:02:59,913 INFO /home/sanjayh/.local/bin/bench migrate
2026-08-28 13:03:26,194 INFO /home/sanjayh/.local/bin/bench clear-cache
2026-08-28 13:07:38,003 INFO /home/sanjayh/.local/bin/bench clear-cache
2026-08-28 13:07:42,058 INFO /home/sanjayh/.local/bin/bench migrate
2026-08-28 13:08:39,718 INFO /home/sanjayh/.local/bin/bench console
2026-08-28 13:39:17,223 INFO /home/sanjayh/.local/bin/bench console
2026-08-28 13:52:15,961 INFO /home/sanjayh/.local/bin/bench mariadb
2026-08-29 05:03:49,960 INFO /usr/local/bin/bench schedule
2026-08-29 05:03:49,960 INFO /usr/local/bin/bench worker --queue long,default,short
2026-08-29 05:03:49,964 INFO /usr/local/bin/bench worker --queue short,default
2026-08-29 05:03:49,966 INFO /usr/local/bin/bench socketio
2026-08-29 05:04:31,749 INFO /home/sanjayh/.local/bin/bench start
2026-08-29 05:46:11,050 INFO /home/sanjayh/.local/bin/bench clear-cache
2026-08-29 05:46:16,781 INFO /home/sanjayh/.local/bin/bench migrate
2026-08-29 10:25:30,592 INFO /home/sanjayh/.local/bin/bench export-fixtures
2026-08-29 12:00:02,127 INFO /home/sanjayh/.local/bin/bench --verbose --site all backup
2026-09-02 07:21:12,474 INFO /usr/local/bin/bench socketio
2026-09-02 07:21:12,474 INFO /usr/local/bin/bench worker --queue long,default,short
2026-09-02 07:21:12,491 INFO /usr/local/bin/bench schedule
2026-09-02 07:21:12,518 INFO /usr/local/bin/bench worker --queue short,default
2026-09-02 07:23:11,498 INFO /home/sanjayh/.local/bin/bench start
2026-09-02 09:58:56,978 INFO /home/sanjayh/.local/bin/bench run-tests --app practice_app
2026-09-02 09:59:11,059 INFO /home/sanjayh/.local/bin/bench --site site1.local set-config allow_tests true
2026-09-02 09:59:14,044 INFO /home/sanjayh/.local/bin/bench run-tests --app practice_app
2026-09-02 10:18:46,652 INFO /home/sanjayh/.local/bin/bench run-tests --app practiec_app
2026-09-02 11:01:40,847 INFO /home/sanjayh/.local/bin/bench restart
2026-09-02 11:01:47,851 DEBUG cd /home/sanjayh/frappe16-bench && sudo supervisorctl restart frappe16-bench-web:
2026-09-02 11:01:56,405 INFO /usr/local/bin/bench socketio
2026-09-02 11:01:57,314 DEBUG cd /home/sanjayh/frappe16-bench && sudo supervisorctl restart frappe16-bench-workers:
2026-09-02 11:01:59,110 INFO /usr/local/bin/bench schedule
2026-09-02 11:01:59,150 INFO /usr/local/bin/bench worker --queue short,default
2026-09-02 11:01:59,320 INFO /usr/local/bin/bench worker --queue long,default,short
2026-09-02 11:04:19,943 INFO /home/sanjayh/.local/bin/bench version
2026-09-02 11:05:51,153 INFO /home/sanjayh/.local/bin/bench restart
2026-09-02 11:05:51,595 DEBUG cd /home/sanjayh/frappe16-bench && sudo supervisorctl restart frappe16-bench-web:
2026-09-02 11:05:54,913 INFO /usr/local/bin/bench socketio
2026-09-02 11:05:55,977 DEBUG cd /home/sanjayh/frappe16-bench && sudo supervisorctl restart frappe16-bench-workers:
2026-09-02 11:05:56,622 INFO /usr/local/bin/bench worker --queue long,default,short
2026-09-02 11:05:56,656 INFO /usr/local/bin/bench schedule
2026-09-02 11:05:56,659 INFO /usr/local/bin/bench worker --queue short,default
