17665:C 03 Aug 2026 08:53:14.329 # WARNING Memory overcommit must be enabled! Without it, a background save or replication may fail under low memory condition. Being disabled, it can also cause failures without low memory condition, see https://github.com/jemalloc/jemalloc/issues/1328. To fix this issue add 'vm.overcommit_memory = 1' to /etc/sysctl.conf and then reboot or run the command 'sysctl vm.overcommit_memory=1' for this to take effect.
17665:C 03 Aug 2026 08:53:14.329 * oO0OoO0OoO0Oo Redis is starting oO0OoO0OoO0Oo
17665:C 03 Aug 2026 08:53:14.329 * Redis version=8.0.5, bits=64, commit=00000000, modified=0, pid=17665, just started
17665:C 03 Aug 2026 08:53:14.329 * Configuration loaded
17665:M 03 Aug 2026 08:53:14.330 * Increased maximum number of open files to 10032 (it was originally set to 1024).
17665:M 03 Aug 2026 08:53:14.330 * monotonic clock: POSIX clock_gettime
17665:M 03 Aug 2026 08:53:14.333 * Running mode=standalone, port=11001.
17665:M 03 Aug 2026 08:53:14.334 * Server initialized
17665:M 03 Aug 2026 08:53:14.336 * Loading RDB produced by version 8.0.5
17665:M 03 Aug 2026 08:53:14.336 * RDB age 1981 seconds
17665:M 03 Aug 2026 08:53:14.336 * RDB memory usage when created 1.75 Mb
17665:M 03 Aug 2026 08:53:14.338 * Done loading RDB, keys loaded: 11, keys expired: 98.
17665:M 03 Aug 2026 08:53:14.338 * DB loaded from disk: 0.004 seconds
17665:M 03 Aug 2026 08:53:14.338 * Ready to accept connections tcp
17665:M 03 Aug 2026 08:58:15.042 * 100 changes in 300 seconds. Saving...
17665:M 03 Aug 2026 08:58:15.043 * Background saving started by pid 18109
18109:C 03 Aug 2026 08:58:15.059 * DB saved on disk
18109:C 03 Aug 2026 08:58:15.060 * Fork CoW for RDB: current 0 MB, peak 0 MB, average 0 MB
17665:M 03 Aug 2026 08:58:15.144 * Background saving terminated with success
17665:M 03 Aug 2026 09:03:16.099 * 100 changes in 300 seconds. Saving...
17665:M 03 Aug 2026 09:03:16.100 * Background saving started by pid 18665
18665:C 03 Aug 2026 09:03:16.120 * DB saved on disk
18665:C 03 Aug 2026 09:03:16.122 * Fork CoW for RDB: current 0 MB, peak 0 MB, average 0 MB
17665:M 03 Aug 2026 09:03:16.201 * Background saving terminated with success
17665:M 03 Aug 2026 09:08:17.023 * 100 changes in 300 seconds. Saving...
17665:M 03 Aug 2026 09:08:17.025 * Background saving started by pid 18928
18928:C 03 Aug 2026 09:08:17.041 * DB saved on disk
18928:C 03 Aug 2026 09:08:17.042 * Fork CoW for RDB: current 0 MB, peak 0 MB, average 0 MB
17665:M 03 Aug 2026 09:08:17.126 * Background saving terminated with success
17665:M 03 Aug 2026 09:13:18.081 * 100 changes in 300 seconds. Saving...
17665:M 03 Aug 2026 09:13:18.083 * Background saving started by pid 19560
19560:C 03 Aug 2026 09:13:18.103 * DB saved on disk
19560:C 03 Aug 2026 09:13:18.104 * Fork CoW for RDB: current 0 MB, peak 0 MB, average 0 MB
17665:M 03 Aug 2026 09:13:18.184 * Background saving terminated with success
17665:M 03 Aug 2026 09:18:19.031 * 100 changes in 300 seconds. Saving...
17665:M 03 Aug 2026 09:18:19.034 * Background saving started by pid 19684
19684:C 03 Aug 2026 09:18:19.047 * DB saved on disk
19684:C 03 Aug 2026 09:18:19.048 * Fork CoW for RDB: current 0 MB, peak 0 MB, average 0 MB
17665:M 03 Aug 2026 09:18:19.137 * Background saving terminated with success
17665:M 03 Aug 2026 09:23:20.100 * 100 changes in 300 seconds. Saving...
17665:M 03 Aug 2026 09:23:20.102 * Background saving started by pid 19894
19894:C 03 Aug 2026 09:23:20.116 * DB saved on disk
19894:C 03 Aug 2026 09:23:20.117 * Fork CoW for RDB: current 0 MB, peak 0 MB, average 0 MB
17665:M 03 Aug 2026 09:23:20.203 * Background saving terminated with success
17665:M 03 Aug 2026 09:28:21.032 * 100 changes in 300 seconds. Saving...
17665:M 03 Aug 2026 09:28:21.034 * Background saving started by pid 19966
19966:C 03 Aug 2026 09:28:21.050 * DB saved on disk
19966:C 03 Aug 2026 09:28:21.051 * Fork CoW for RDB: current 0 MB, peak 0 MB, average 0 MB
17665:M 03 Aug 2026 09:28:21.135 * Background saving terminated with success
17665:M 03 Aug 2026 09:33:22.058 * 100 changes in 300 seconds. Saving...
17665:M 03 Aug 2026 09:33:22.062 * Background saving started by pid 20084
20084:C 03 Aug 2026 09:33:22.082 * DB saved on disk
20084:C 03 Aug 2026 09:33:22.083 * Fork CoW for RDB: current 0 MB, peak 0 MB, average 0 MB
17665:M 03 Aug 2026 09:33:22.164 * Background saving terminated with success
17665:M 03 Aug 2026 09:38:23.007 * 100 changes in 300 seconds. Saving...
17665:M 03 Aug 2026 09:38:23.009 * Background saving started by pid 20130
20130:C 03 Aug 2026 09:38:23.028 * DB saved on disk
20130:C 03 Aug 2026 09:38:23.030 * Fork CoW for RDB: current 0 MB, peak 0 MB, average 0 MB
17665:M 03 Aug 2026 09:38:23.111 * Background saving terminated with success
17665:M 03 Aug 2026 09:43:29.315 * 100 changes in 300 seconds. Saving...
17665:M 03 Aug 2026 09:43:30.207 * Background saving started by pid 20182
20182:C 03 Aug 2026 09:43:31.514 * DB saved on disk
20182:C 03 Aug 2026 09:43:31.515 * Fork CoW for RDB: current 1 MB, peak 1 MB, average 0 MB
17665:M 03 Aug 2026 09:43:31.516 * Background saving terminated with success
17665:M 03 Aug 2026 09:48:32.030 * 100 changes in 300 seconds. Saving...
17665:M 03 Aug 2026 09:48:32.085 * Background saving started by pid 20297
20297:C 03 Aug 2026 09:48:32.325 * DB saved on disk
20297:C 03 Aug 2026 09:48:32.326 * Fork CoW for RDB: current 1 MB, peak 1 MB, average 0 MB
17665:M 03 Aug 2026 09:48:32.387 * Background saving terminated with success
17665:M 03 Aug 2026 09:53:33.076 * 100 changes in 300 seconds. Saving...
17665:M 03 Aug 2026 09:53:33.078 * Background saving started by pid 20345
20345:C 03 Aug 2026 09:53:33.093 * DB saved on disk
20345:C 03 Aug 2026 09:53:33.094 * Fork CoW for RDB: current 0 MB, peak 0 MB, average 0 MB
17665:M 03 Aug 2026 09:53:33.179 * Background saving terminated with success
17665:M 03 Aug 2026 09:58:34.065 * 100 changes in 300 seconds. Saving...
17665:M 03 Aug 2026 09:58:34.074 * Background saving started by pid 20415
20415:C 03 Aug 2026 09:58:34.110 * DB saved on disk
20415:C 03 Aug 2026 09:58:34.112 * Fork CoW for RDB: current 0 MB, peak 0 MB, average 0 MB
17665:M 03 Aug 2026 09:58:34.176 * Background saving terminated with success
17665:M 03 Aug 2026 10:03:35.047 * 100 changes in 300 seconds. Saving...
17665:M 03 Aug 2026 10:03:35.049 * Background saving started by pid 20520
20520:C 03 Aug 2026 10:03:35.069 * DB saved on disk
20520:C 03 Aug 2026 10:03:35.070 * Fork CoW for RDB: current 0 MB, peak 0 MB, average 0 MB
17665:M 03 Aug 2026 10:03:35.151 * Background saving terminated with success
17665:M 03 Aug 2026 10:08:36.043 * 100 changes in 300 seconds. Saving...
17665:M 03 Aug 2026 10:08:36.050 * Background saving started by pid 20567
20567:C 03 Aug 2026 10:08:36.105 * DB saved on disk
20567:C 03 Aug 2026 10:08:36.106 * Fork CoW for RDB: current 0 MB, peak 0 MB, average 0 MB
17665:M 03 Aug 2026 10:08:36.152 * Background saving terminated with success
17665:M 03 Aug 2026 10:13:37.065 * 100 changes in 300 seconds. Saving...
17665:M 03 Aug 2026 10:13:37.066 * Background saving started by pid 20627
20627:C 03 Aug 2026 10:13:37.082 * DB saved on disk
20627:C 03 Aug 2026 10:13:37.083 * Fork CoW for RDB: current 0 MB, peak 0 MB, average 0 MB
17665:M 03 Aug 2026 10:13:37.167 * Background saving terminated with success
17665:M 03 Aug 2026 10:18:38.044 * 100 changes in 300 seconds. Saving...
17665:M 03 Aug 2026 10:18:38.046 * Background saving started by pid 20700
20700:C 03 Aug 2026 10:18:38.063 * DB saved on disk
20700:C 03 Aug 2026 10:18:38.065 * Fork CoW for RDB: current 0 MB, peak 0 MB, average 0 MB
17665:M 03 Aug 2026 10:18:38.147 * Background saving terminated with success
17665:M 03 Aug 2026 10:23:39.035 * 100 changes in 300 seconds. Saving...
17665:M 03 Aug 2026 10:23:39.038 * Background saving started by pid 20754
20754:C 03 Aug 2026 10:23:39.055 * DB saved on disk
20754:C 03 Aug 2026 10:23:39.057 * Fork CoW for RDB: current 0 MB, peak 0 MB, average 0 MB
17665:M 03 Aug 2026 10:23:39.139 * Background saving terminated with success
17665:M 03 Aug 2026 10:28:40.052 * 100 changes in 300 seconds. Saving...
17665:M 03 Aug 2026 10:28:40.054 * Background saving started by pid 20945
20945:C 03 Aug 2026 10:28:40.069 * DB saved on disk
20945:C 03 Aug 2026 10:28:40.070 * Fork CoW for RDB: current 0 MB, peak 0 MB, average 0 MB
17665:M 03 Aug 2026 10:28:40.155 * Background saving terminated with success
17665:M 03 Aug 2026 10:33:41.072 * 100 changes in 300 seconds. Saving...
17665:M 03 Aug 2026 10:33:41.075 * Background saving started by pid 21082
21082:C 03 Aug 2026 10:33:41.098 * DB saved on disk
21082:C 03 Aug 2026 10:33:41.099 * Fork CoW for RDB: current 0 MB, peak 0 MB, average 0 MB
17665:M 03 Aug 2026 10:33:41.177 * Background saving terminated with success
17665:M 03 Aug 2026 10:38:42.074 * 100 changes in 300 seconds. Saving...
17665:M 03 Aug 2026 10:38:42.076 * Background saving started by pid 21172
21172:C 03 Aug 2026 10:38:42.095 * DB saved on disk
21172:C 03 Aug 2026 10:38:42.096 * Fork CoW for RDB: current 0 MB, peak 0 MB, average 0 MB
17665:M 03 Aug 2026 10:38:42.177 * Background saving terminated with success
17665:M 03 Aug 2026 10:43:43.095 * 100 changes in 300 seconds. Saving...
17665:M 03 Aug 2026 10:43:43.097 * Background saving started by pid 21233
21233:C 03 Aug 2026 10:43:44.538 * DB saved on disk
21233:C 03 Aug 2026 10:43:44.540 * Fork CoW for RDB: current 1 MB, peak 1 MB, average 1 MB
17665:M 03 Aug 2026 10:43:44.610 * Background saving terminated with success
17665:M 03 Aug 2026 10:48:45.098 * 100 changes in 300 seconds. Saving...
17665:M 03 Aug 2026 10:48:45.101 * Background saving started by pid 21313
21313:C 03 Aug 2026 10:48:45.119 * DB saved on disk
21313:C 03 Aug 2026 10:48:45.121 * Fork CoW for RDB: current 0 MB, peak 0 MB, average 0 MB
17665:M 03 Aug 2026 10:48:45.203 * Background saving terminated with success
17665:M 03 Aug 2026 10:53:46.035 * 100 changes in 300 seconds. Saving...
17665:M 03 Aug 2026 10:53:46.036 * Background saving started by pid 21365
21365:C 03 Aug 2026 10:53:46.054 * DB saved on disk
21365:C 03 Aug 2026 10:53:46.054 * Fork CoW for RDB: current 0 MB, peak 0 MB, average 0 MB
17665:M 03 Aug 2026 10:53:46.138 * Background saving terminated with success
17665:M 03 Aug 2026 10:58:59.375 * 100 changes in 300 seconds. Saving...
17665:M 03 Aug 2026 10:58:59.379 * Background saving started by pid 21416
21416:C 03 Aug 2026 10:58:59.480 * DB saved on disk
21416:C 03 Aug 2026 10:58:59.481 * Fork CoW for RDB: current 1 MB, peak 1 MB, average 0 MB
17665:M 03 Aug 2026 10:58:59.581 * Background saving terminated with success
17665:M 03 Aug 2026 11:06:22.290 * 100 changes in 300 seconds. Saving...
17665:M 03 Aug 2026 11:06:22.314 * Background saving started by pid 21491
21491:C 03 Aug 2026 11:06:22.688 * DB saved on disk
21491:C 03 Aug 2026 11:06:22.689 * Fork CoW for RDB: current 1 MB, peak 1 MB, average 0 MB
17665:M 03 Aug 2026 11:06:22.766 * Background saving terminated with success
17665:M 03 Aug 2026 11:11:23.076 * 100 changes in 300 seconds. Saving...
17665:M 03 Aug 2026 11:11:23.080 * Background saving started by pid 21566
21566:C 03 Aug 2026 11:11:23.108 * DB saved on disk
21566:C 03 Aug 2026 11:11:23.109 * Fork CoW for RDB: current 0 MB, peak 0 MB, average 0 MB
17665:M 03 Aug 2026 11:11:23.182 * Background saving terminated with success
17665:M 03 Aug 2026 11:16:24.073 * 100 changes in 300 seconds. Saving...
17665:M 03 Aug 2026 11:16:24.076 * Background saving started by pid 21650
21650:C 03 Aug 2026 11:16:24.094 * DB saved on disk
21650:C 03 Aug 2026 11:16:24.095 * Fork CoW for RDB: current 0 MB, peak 0 MB, average 0 MB
17665:M 03 Aug 2026 11:16:24.177 * Background saving terminated with success
17665:M 03 Aug 2026 11:21:25.089 * 100 changes in 300 seconds. Saving...
17665:M 03 Aug 2026 11:21:25.090 * Background saving started by pid 21710
21710:C 03 Aug 2026 11:21:25.102 * DB saved on disk
21710:C 03 Aug 2026 11:21:25.102 * Fork CoW for RDB: current 0 MB, peak 0 MB, average 0 MB
17665:M 03 Aug 2026 11:21:25.190 * Background saving terminated with success
17665:M 03 Aug 2026 11:26:26.067 * 100 changes in 300 seconds. Saving...
17665:M 03 Aug 2026 11:26:26.069 * Background saving started by pid 21778
21778:C 03 Aug 2026 11:26:26.500 * DB saved on disk
21778:C 03 Aug 2026 11:26:26.500 * Fork CoW for RDB: current 1 MB, peak 1 MB, average 1 MB
17665:M 03 Aug 2026 11:26:26.574 * Background saving terminated with success
17665:M 03 Aug 2026 11:31:27.031 * 100 changes in 300 seconds. Saving...
17665:M 03 Aug 2026 11:31:27.033 * Background saving started by pid 21833
21833:C 03 Aug 2026 11:31:27.047 * DB saved on disk
21833:C 03 Aug 2026 11:31:27.048 * Fork CoW for RDB: current 0 MB, peak 0 MB, average 0 MB
17665:M 03 Aug 2026 11:31:27.133 * Background saving terminated with success
17665:M 03 Aug 2026 11:36:28.067 * 100 changes in 300 seconds. Saving...
17665:M 03 Aug 2026 11:36:28.069 * Background saving started by pid 21961
21961:C 03 Aug 2026 11:36:28.079 * DB saved on disk
21961:C 03 Aug 2026 11:36:28.079 * Fork CoW for RDB: current 0 MB, peak 0 MB, average 0 MB
17665:M 03 Aug 2026 11:36:28.170 * Background saving terminated with success
17665:M 03 Aug 2026 11:41:29.027 * 100 changes in 300 seconds. Saving...
17665:M 03 Aug 2026 11:41:29.027 * Background saving started by pid 22313
22313:C 03 Aug 2026 11:41:29.052 * DB saved on disk
22313:C 03 Aug 2026 11:41:29.052 * Fork CoW for RDB: current 0 MB, peak 0 MB, average 0 MB
17665:M 03 Aug 2026 11:41:29.128 * Background saving terminated with success
17665:M 03 Aug 2026 11:46:30.085 * 100 changes in 300 seconds. Saving...
17665:M 03 Aug 2026 11:46:30.087 * Background saving started by pid 22814
22814:C 03 Aug 2026 11:46:30.100 * DB saved on disk
22814:C 03 Aug 2026 11:46:30.100 * Fork CoW for RDB: current 0 MB, peak 0 MB, average 0 MB
17665:M 03 Aug 2026 11:46:30.187 * Background saving terminated with success
17665:M 03 Aug 2026 11:51:31.062 * 100 changes in 300 seconds. Saving...
17665:M 03 Aug 2026 11:51:31.088 * Background saving started by pid 30161
30161:C 03 Aug 2026 11:51:31.209 * DB saved on disk
30161:C 03 Aug 2026 11:51:31.212 * Fork CoW for RDB: current 1 MB, peak 1 MB, average 0 MB
17665:M 03 Aug 2026 11:51:31.290 * Background saving terminated with success
17665:M 03 Aug 2026 11:56:32.066 * 100 changes in 300 seconds. Saving...
17665:M 03 Aug 2026 11:56:32.068 * Background saving started by pid 30239
30239:C 03 Aug 2026 11:56:32.081 * DB saved on disk
30239:C 03 Aug 2026 11:56:32.081 * Fork CoW for RDB: current 0 MB, peak 0 MB, average 0 MB
17665:M 03 Aug 2026 11:56:32.169 * Background saving terminated with success
17665:M 03 Aug 2026 12:01:33.037 * 100 changes in 300 seconds. Saving...
17665:M 03 Aug 2026 12:01:33.043 * Background saving started by pid 30337
30337:C 03 Aug 2026 12:01:33.060 * DB saved on disk
30337:C 03 Aug 2026 12:01:33.060 * Fork CoW for RDB: current 0 MB, peak 0 MB, average 0 MB
17665:M 03 Aug 2026 12:01:33.144 * Background saving terminated with success
17665:M 03 Aug 2026 12:06:34.087 * 100 changes in 300 seconds. Saving...
17665:M 03 Aug 2026 12:06:34.090 * Background saving started by pid 30389
30389:C 03 Aug 2026 12:06:34.104 * DB saved on disk
30389:C 03 Aug 2026 12:06:34.105 * Fork CoW for RDB: current 0 MB, peak 0 MB, average 0 MB
17665:M 03 Aug 2026 12:06:34.191 * Background saving terminated with success
17665:M 03 Aug 2026 12:11:35.074 * 100 changes in 300 seconds. Saving...
17665:M 03 Aug 2026 12:11:35.075 * Background saving started by pid 30479
30479:C 03 Aug 2026 12:11:35.088 * DB saved on disk
30479:C 03 Aug 2026 12:11:35.089 * Fork CoW for RDB: current 0 MB, peak 0 MB, average 0 MB
17665:M 03 Aug 2026 12:11:35.176 * Background saving terminated with success
385:C 03 Aug 2026 13:39:47.805 # WARNING Memory overcommit must be enabled! Without it, a background save or replication may fail under low memory condition. Being disabled, it can also cause failures without low memory condition, see https://github.com/jemalloc/jemalloc/issues/1328. To fix this issue add 'vm.overcommit_memory = 1' to /etc/sysctl.conf and then reboot or run the command 'sysctl vm.overcommit_memory=1' for this to take effect.
385:C 03 Aug 2026 13:39:47.839 * oO0OoO0OoO0Oo Redis is starting oO0OoO0OoO0Oo
385:C 03 Aug 2026 13:39:47.839 * Redis version=8.0.5, bits=64, commit=00000000, modified=0, pid=385, just started
385:C 03 Aug 2026 13:39:47.839 * Configuration loaded
385:M 03 Aug 2026 13:39:47.867 * Increased maximum number of open files to 10032 (it was originally set to 1024).
385:M 03 Aug 2026 13:39:47.867 * monotonic clock: POSIX clock_gettime
385:M 03 Aug 2026 13:39:47.873 * Running mode=standalone, port=11001.
385:M 03 Aug 2026 13:39:47.925 * Server initialized
385:M 03 Aug 2026 13:39:47.928 * Loading RDB produced by version 8.0.5
385:M 03 Aug 2026 13:39:47.928 * RDB age 5292 seconds
385:M 03 Aug 2026 13:39:47.928 * RDB memory usage when created 1.59 Mb
385:M 03 Aug 2026 13:39:47.929 * Done loading RDB, keys loaded: 8, keys expired: 12.
385:M 03 Aug 2026 13:39:47.929 * DB loaded from disk: 0.003 seconds
385:M 03 Aug 2026 13:39:47.929 * Ready to accept connections tcp
385:M 04 Aug 2026 04:50:29.655 * 1 changes in 3600 seconds. Saving...
385:M 04 Aug 2026 04:50:29.656 * Background saving started by pid 1315
385:signal-handler (1785819030) Received SIGTERM scheduling shutdown...
385:M 04 Aug 2026 04:50:30.348 * User requested shutdown...
385:M 04 Aug 2026 04:50:30.348 # There is a child saving an .rdb. Killing it!
385:M 04 Aug 2026 04:50:30.372 * Saving the final RDB snapshot before exiting.
1315:signal-handler (1785819031) Received SIGUSR1 in child, exiting now.
385:M 04 Aug 2026 04:50:31.517 * DB saved on disk
385:M 04 Aug 2026 04:50:31.517 * Removing the pid file.
385:M 04 Aug 2026 04:50:31.518 # Redis is now ready to exit, bye bye...
438:C 04 Aug 2026 05:02:11.148 # WARNING Memory overcommit must be enabled! Without it, a background save or replication may fail under low memory condition. Being disabled, it can also cause failures without low memory condition, see https://github.com/jemalloc/jemalloc/issues/1328. To fix this issue add 'vm.overcommit_memory = 1' to /etc/sysctl.conf and then reboot or run the command 'sysctl vm.overcommit_memory=1' for this to take effect.
438:C 04 Aug 2026 05:02:11.148 * oO0OoO0OoO0Oo Redis is starting oO0OoO0OoO0Oo
438:C 04 Aug 2026 05:02:11.148 * Redis version=8.0.5, bits=64, commit=00000000, modified=0, pid=438, just started
438:C 04 Aug 2026 05:02:11.148 * Configuration loaded
438:M 04 Aug 2026 05:02:11.149 * Increased maximum number of open files to 10032 (it was originally set to 1024).
438:M 04 Aug 2026 05:02:11.149 * monotonic clock: POSIX clock_gettime
438:M 04 Aug 2026 05:02:11.158 * Running mode=standalone, port=11001.
438:M 04 Aug 2026 05:02:11.164 * Server initialized
438:M 04 Aug 2026 05:02:11.176 * Loading RDB produced by version 8.0.5
438:M 04 Aug 2026 05:02:11.176 * RDB age 701 seconds
438:M 04 Aug 2026 05:02:11.176 * RDB memory usage when created 1.47 Mb
438:M 04 Aug 2026 05:02:11.176 * Done loading RDB, keys loaded: 5, keys expired: 0.
438:M 04 Aug 2026 05:02:11.176 * DB loaded from disk: 0.012 seconds
438:M 04 Aug 2026 05:02:11.176 * Ready to accept connections tcp
438:M 04 Aug 2026 05:07:12.054 * 100 changes in 300 seconds. Saving...
438:M 04 Aug 2026 05:07:12.058 * Background saving started by pid 1721
1721:C 04 Aug 2026 05:07:12.069 * DB saved on disk
1721:C 04 Aug 2026 05:07:12.070 * Fork CoW for RDB: current 0 MB, peak 0 MB, average 0 MB
438:M 04 Aug 2026 05:07:12.159 * Background saving terminated with success
438:M 04 Aug 2026 05:12:13.073 * 100 changes in 300 seconds. Saving...
438:M 04 Aug 2026 05:12:13.075 * Background saving started by pid 1867
1867:C 04 Aug 2026 05:12:13.092 * DB saved on disk
1867:C 04 Aug 2026 05:12:13.093 * Fork CoW for RDB: current 0 MB, peak 0 MB, average 0 MB
438:M 04 Aug 2026 05:12:13.176 * Background saving terminated with success
438:M 04 Aug 2026 05:17:24.400 * 100 changes in 300 seconds. Saving...
438:M 04 Aug 2026 05:17:24.402 * Background saving started by pid 1912
1912:C 04 Aug 2026 05:17:24.418 * DB saved on disk
1912:C 04 Aug 2026 05:17:24.419 * Fork CoW for RDB: current 0 MB, peak 0 MB, average 0 MB
438:M 04 Aug 2026 05:17:24.503 * Background saving terminated with success
438:M 04 Aug 2026 05:25:21.232 * 100 changes in 300 seconds. Saving...
438:M 04 Aug 2026 05:25:21.234 * Background saving started by pid 2004
2004:C 04 Aug 2026 05:25:21.264 * DB saved on disk
2004:C 04 Aug 2026 05:25:21.265 * Fork CoW for RDB: current 0 MB, peak 0 MB, average 0 MB
438:M 04 Aug 2026 05:25:21.335 * Background saving terminated with success
438:M 04 Aug 2026 05:30:22.003 * 100 changes in 300 seconds. Saving...
438:M 04 Aug 2026 05:30:22.004 * Background saving started by pid 2077
2077:C 04 Aug 2026 05:30:22.015 * DB saved on disk
2077:C 04 Aug 2026 05:30:22.016 * Fork CoW for RDB: current 0 MB, peak 0 MB, average 0 MB
438:M 04 Aug 2026 05:30:22.105 * Background saving terminated with success
438:M 04 Aug 2026 05:35:23.052 * 100 changes in 300 seconds. Saving...
438:M 04 Aug 2026 05:35:23.054 * Background saving started by pid 2162
2162:C 04 Aug 2026 05:35:23.072 * DB saved on disk
2162:C 04 Aug 2026 05:35:23.073 * Fork CoW for RDB: current 0 MB, peak 0 MB, average 0 MB
438:M 04 Aug 2026 05:35:23.155 * Background saving terminated with success
438:M 04 Aug 2026 05:58:14.285 * 100 changes in 300 seconds. Saving...
438:M 04 Aug 2026 05:58:14.304 * Background saving started by pid 2170
2170:C 04 Aug 2026 05:58:15.389 * DB saved on disk
2170:C 04 Aug 2026 05:58:15.405 * Fork CoW for RDB: current 1 MB, peak 1 MB, average 1 MB
438:M 04 Aug 2026 05:58:15.434 * Background saving terminated with success
438:M 04 Aug 2026 06:08:08.433 * 100 changes in 300 seconds. Saving...
438:M 04 Aug 2026 06:08:08.466 * Background saving started by pid 2313
2313:C 04 Aug 2026 06:08:08.610 * DB saved on disk
2313:C 04 Aug 2026 06:08:08.611 * Fork CoW for RDB: current 1 MB, peak 1 MB, average 1 MB
438:M 04 Aug 2026 06:08:08.684 * Background saving terminated with success
438:M 04 Aug 2026 06:13:09.063 * 100 changes in 300 seconds. Saving...
438:M 04 Aug 2026 06:13:09.064 * Background saving started by pid 2374
2374:C 04 Aug 2026 06:13:09.080 * DB saved on disk
2374:C 04 Aug 2026 06:13:09.081 * Fork CoW for RDB: current 0 MB, peak 0 MB, average 0 MB
438:M 04 Aug 2026 06:13:09.166 * Background saving terminated with success
438:M 04 Aug 2026 06:18:10.017 * 100 changes in 300 seconds. Saving...
438:M 04 Aug 2026 06:18:10.019 * Background saving started by pid 2434
2434:C 04 Aug 2026 06:18:10.035 * DB saved on disk
2434:C 04 Aug 2026 06:18:10.037 * Fork CoW for RDB: current 0 MB, peak 0 MB, average 0 MB
438:M 04 Aug 2026 06:18:10.120 * Background saving terminated with success
438:M 04 Aug 2026 06:23:11.037 * 100 changes in 300 seconds. Saving...
438:M 04 Aug 2026 06:23:11.039 * Background saving started by pid 2475
2475:C 04 Aug 2026 06:23:11.055 * DB saved on disk
2475:C 04 Aug 2026 06:23:11.056 * Fork CoW for RDB: current 0 MB, peak 0 MB, average 0 MB
438:M 04 Aug 2026 06:23:11.140 * Background saving terminated with success
438:M 04 Aug 2026 06:28:12.058 * 100 changes in 300 seconds. Saving...
438:M 04 Aug 2026 06:28:12.061 * Background saving started by pid 2526
2526:C 04 Aug 2026 06:28:12.073 * DB saved on disk
2526:C 04 Aug 2026 06:28:12.074 * Fork CoW for RDB: current 0 MB, peak 0 MB, average 0 MB
438:M 04 Aug 2026 06:28:12.162 * Background saving terminated with success
438:M 04 Aug 2026 06:33:13.075 * 100 changes in 300 seconds. Saving...
438:M 04 Aug 2026 06:33:13.076 * Background saving started by pid 2618
2618:C 04 Aug 2026 06:33:13.092 * DB saved on disk
2618:C 04 Aug 2026 06:33:13.094 * Fork CoW for RDB: current 0 MB, peak 0 MB, average 0 MB
438:M 04 Aug 2026 06:33:13.178 * Background saving terminated with success
438:M 04 Aug 2026 06:38:14.045 * 100 changes in 300 seconds. Saving...
438:M 04 Aug 2026 06:38:14.046 * Background saving started by pid 2659
2659:C 04 Aug 2026 06:38:14.055 * DB saved on disk
2659:C 04 Aug 2026 06:38:14.056 * Fork CoW for RDB: current 0 MB, peak 0 MB, average 0 MB
438:M 04 Aug 2026 06:38:14.147 * Background saving terminated with success
438:M 04 Aug 2026 06:43:15.073 * 100 changes in 300 seconds. Saving...
438:M 04 Aug 2026 06:43:15.074 * Background saving started by pid 2726
2726:C 04 Aug 2026 06:43:15.090 * DB saved on disk
2726:C 04 Aug 2026 06:43:15.092 * Fork CoW for RDB: current 0 MB, peak 0 MB, average 0 MB
438:M 04 Aug 2026 06:43:15.175 * Background saving terminated with success
438:M 04 Aug 2026 06:48:16.043 * 100 changes in 300 seconds. Saving...
438:M 04 Aug 2026 06:48:16.044 * Background saving started by pid 2827
2827:C 04 Aug 2026 06:48:16.059 * DB saved on disk
2827:C 04 Aug 2026 06:48:16.060 * Fork CoW for RDB: current 0 MB, peak 0 MB, average 0 MB
438:M 04 Aug 2026 06:48:16.146 * Background saving terminated with success
438:M 04 Aug 2026 06:56:56.482 * 100 changes in 300 seconds. Saving...
438:M 04 Aug 2026 06:56:56.491 * Background saving started by pid 2867
2867:C 04 Aug 2026 06:56:56.499 * DB saved on disk
2867:C 04 Aug 2026 06:56:56.500 * Fork CoW for RDB: current 0 MB, peak 0 MB, average 0 MB
438:M 04 Aug 2026 06:56:56.592 * Background saving terminated with success
438:M 04 Aug 2026 07:01:57.007 * 100 changes in 300 seconds. Saving...
438:M 04 Aug 2026 07:01:57.009 * Background saving started by pid 2942
2942:C 04 Aug 2026 07:01:57.028 * DB saved on disk
2942:C 04 Aug 2026 07:01:57.029 * Fork CoW for RDB: current 0 MB, peak 0 MB, average 0 MB
438:M 04 Aug 2026 07:01:57.110 * Background saving terminated with success
438:M 04 Aug 2026 07:06:58.030 * 100 changes in 300 seconds. Saving...
438:M 04 Aug 2026 07:06:58.032 * Background saving started by pid 2979
2979:C 04 Aug 2026 07:06:58.046 * DB saved on disk
2979:C 04 Aug 2026 07:06:58.047 * Fork CoW for RDB: current 0 MB, peak 0 MB, average 0 MB
438:M 04 Aug 2026 07:06:58.133 * Background saving terminated with success
438:M 04 Aug 2026 07:11:59.059 * 100 changes in 300 seconds. Saving...
438:M 04 Aug 2026 07:11:59.061 * Background saving started by pid 3030
3030:C 04 Aug 2026 07:11:59.096 * DB saved on disk
3030:C 04 Aug 2026 07:11:59.097 * Fork CoW for RDB: current 0 MB, peak 0 MB, average 0 MB
438:M 04 Aug 2026 07:11:59.162 * Background saving terminated with success
438:M 04 Aug 2026 07:23:16.676 * 100 changes in 300 seconds. Saving...
438:M 04 Aug 2026 07:23:16.677 * Background saving started by pid 3071
3071:C 04 Aug 2026 07:23:16.782 * DB saved on disk
3071:C 04 Aug 2026 07:23:16.783 * Fork CoW for RDB: current 1 MB, peak 1 MB, average 1 MB
438:M 04 Aug 2026 07:23:16.879 * Background saving terminated with success
438:M 04 Aug 2026 07:28:17.079 * 100 changes in 300 seconds. Saving...
438:M 04 Aug 2026 07:28:17.080 * Background saving started by pid 3178
3178:C 04 Aug 2026 07:28:17.090 * DB saved on disk
3178:C 04 Aug 2026 07:28:17.091 * Fork CoW for RDB: current 0 MB, peak 0 MB, average 0 MB
438:M 04 Aug 2026 07:28:17.181 * Background saving terminated with success
438:M 04 Aug 2026 07:33:18.023 * 100 changes in 300 seconds. Saving...
438:M 04 Aug 2026 07:33:18.025 * Background saving started by pid 3279
3279:C 04 Aug 2026 07:33:18.041 * DB saved on disk
3279:C 04 Aug 2026 07:33:18.043 * Fork CoW for RDB: current 0 MB, peak 0 MB, average 0 MB
438:M 04 Aug 2026 07:33:18.126 * Background saving terminated with success
438:M 04 Aug 2026 08:02:11.666 * 100 changes in 300 seconds. Saving...
438:M 04 Aug 2026 08:02:11.682 * Background saving started by pid 3313
3313:C 04 Aug 2026 08:02:11.747 * DB saved on disk
3313:C 04 Aug 2026 08:02:11.748 * Fork CoW for RDB: current 1 MB, peak 1 MB, average 0 MB
438:M 04 Aug 2026 08:02:11.789 * Background saving terminated with success
438:M 04 Aug 2026 08:07:12.011 * 100 changes in 300 seconds. Saving...
438:M 04 Aug 2026 08:07:12.019 * Background saving started by pid 3392
3392:C 04 Aug 2026 08:07:12.044 * DB saved on disk
3392:C 04 Aug 2026 08:07:12.046 * Fork CoW for RDB: current 0 MB, peak 0 MB, average 0 MB
438:M 04 Aug 2026 08:07:12.120 * Background saving terminated with success
438:M 04 Aug 2026 08:19:40.105 * 100 changes in 300 seconds. Saving...
438:M 04 Aug 2026 08:19:40.107 * Background saving started by pid 3429
3429:C 04 Aug 2026 08:19:40.199 * DB saved on disk
3429:C 04 Aug 2026 08:19:40.200 * Fork CoW for RDB: current 0 MB, peak 0 MB, average 0 MB
438:M 04 Aug 2026 08:19:40.217 * Background saving terminated with success
438:M 04 Aug 2026 08:24:41.084 * 100 changes in 300 seconds. Saving...
438:M 04 Aug 2026 08:24:41.085 * Background saving started by pid 3501
3501:C 04 Aug 2026 08:24:41.106 * DB saved on disk
3501:C 04 Aug 2026 08:24:41.107 * Fork CoW for RDB: current 0 MB, peak 0 MB, average 0 MB
438:M 04 Aug 2026 08:24:41.187 * Background saving terminated with success
438:M 04 Aug 2026 08:32:09.543 * 100 changes in 300 seconds. Saving...
438:M 04 Aug 2026 08:32:09.544 * Background saving started by pid 3545
3545:C 04 Aug 2026 08:32:09.557 * DB saved on disk
3545:C 04 Aug 2026 08:32:09.558 * Fork CoW for RDB: current 0 MB, peak 0 MB, average 0 MB
438:M 04 Aug 2026 08:32:09.646 * Background saving terminated with success
438:M 04 Aug 2026 08:37:10.030 * 100 changes in 300 seconds. Saving...
438:M 04 Aug 2026 08:37:10.032 * Background saving started by pid 4226
4226:C 04 Aug 2026 08:37:10.045 * DB saved on disk
4226:C 04 Aug 2026 08:37:10.046 * Fork CoW for RDB: current 0 MB, peak 0 MB, average 0 MB
438:M 04 Aug 2026 08:37:10.133 * Background saving terminated with success
438:M 04 Aug 2026 08:42:11.096 * 100 changes in 300 seconds. Saving...
438:M 04 Aug 2026 08:42:11.098 * Background saving started by pid 11318
11318:C 04 Aug 2026 08:42:11.113 * DB saved on disk
11318:C 04 Aug 2026 08:42:11.115 * Fork CoW for RDB: current 0 MB, peak 0 MB, average 0 MB
438:M 04 Aug 2026 08:42:11.199 * Background saving terminated with success
438:M 04 Aug 2026 08:47:12.065 * 100 changes in 300 seconds. Saving...
438:M 04 Aug 2026 08:47:12.084 * Background saving started by pid 11655
11655:C 04 Aug 2026 08:47:12.104 * DB saved on disk
11655:C 04 Aug 2026 08:47:12.105 * Fork CoW for RDB: current 0 MB, peak 0 MB, average 0 MB
438:M 04 Aug 2026 08:47:12.196 * Background saving terminated with success
438:M 04 Aug 2026 08:52:13.016 * 100 changes in 300 seconds. Saving...
438:M 04 Aug 2026 08:52:13.018 * Background saving started by pid 11785
11785:C 04 Aug 2026 08:52:13.032 * DB saved on disk
11785:C 04 Aug 2026 08:52:13.034 * Fork CoW for RDB: current 0 MB, peak 0 MB, average 0 MB
438:M 04 Aug 2026 08:52:13.119 * Background saving terminated with success
438:M 04 Aug 2026 09:00:07.180 * 100 changes in 300 seconds. Saving...
438:M 04 Aug 2026 09:00:07.181 * Background saving started by pid 11909
11909:C 04 Aug 2026 09:00:07.214 * DB saved on disk
11909:C 04 Aug 2026 09:00:07.215 * Fork CoW for RDB: current 0 MB, peak 0 MB, average 0 MB
438:M 04 Aug 2026 09:00:07.281 * Background saving terminated with success
438:M 04 Aug 2026 09:05:08.034 * 100 changes in 300 seconds. Saving...
438:M 04 Aug 2026 09:05:08.037 * Background saving started by pid 11998
11998:C 04 Aug 2026 09:05:08.046 * DB saved on disk
11998:C 04 Aug 2026 09:05:08.047 * Fork CoW for RDB: current 0 MB, peak 0 MB, average 0 MB
438:M 04 Aug 2026 09:05:08.137 * Background saving terminated with success
438:M 04 Aug 2026 09:10:09.038 * 100 changes in 300 seconds. Saving...
438:M 04 Aug 2026 09:10:09.041 * Background saving started by pid 12159
12159:C 04 Aug 2026 09:10:09.059 * DB saved on disk
12159:C 04 Aug 2026 09:10:09.060 * Fork CoW for RDB: current 0 MB, peak 0 MB, average 0 MB
438:M 04 Aug 2026 09:10:09.143 * Background saving terminated with success
438:M 04 Aug 2026 09:15:10.066 * 100 changes in 300 seconds. Saving...
438:M 04 Aug 2026 09:15:10.069 * Background saving started by pid 12460
12460:C 04 Aug 2026 09:15:10.082 * DB saved on disk
12460:C 04 Aug 2026 09:15:10.083 * Fork CoW for RDB: current 0 MB, peak 0 MB, average 0 MB
438:M 04 Aug 2026 09:15:10.170 * Background saving terminated with success
438:M 04 Aug 2026 09:20:11.016 * 100 changes in 300 seconds. Saving...
438:M 04 Aug 2026 09:20:11.017 * Background saving started by pid 12569
12569:C 04 Aug 2026 09:20:11.026 * DB saved on disk
12569:C 04 Aug 2026 09:20:11.027 * Fork CoW for RDB: current 0 MB, peak 0 MB, average 0 MB
438:M 04 Aug 2026 09:20:11.117 * Background saving terminated with success
438:signal-handler (1785835417) Received SIGTERM scheduling shutdown...
438:M 04 Aug 2026 09:23:37.517 * User requested shutdown...
438:M 04 Aug 2026 09:23:37.517 * Saving the final RDB snapshot before exiting.
438:M 04 Aug 2026 09:23:37.529 * DB saved on disk
438:M 04 Aug 2026 09:23:37.530 * Removing the pid file.
438:M 04 Aug 2026 09:23:37.531 # Redis is now ready to exit, bye bye...
12832:C 04 Aug 2026 09:23:43.567 # WARNING Memory overcommit must be enabled! Without it, a background save or replication may fail under low memory condition. Being disabled, it can also cause failures without low memory condition, see https://github.com/jemalloc/jemalloc/issues/1328. To fix this issue add 'vm.overcommit_memory = 1' to /etc/sysctl.conf and then reboot or run the command 'sysctl vm.overcommit_memory=1' for this to take effect.
12832:C 04 Aug 2026 09:23:43.568 * oO0OoO0OoO0Oo Redis is starting oO0OoO0OoO0Oo
12832:C 04 Aug 2026 09:23:43.568 * Redis version=8.0.5, bits=64, commit=00000000, modified=0, pid=12832, just started
12832:C 04 Aug 2026 09:23:43.568 * Configuration loaded
12832:M 04 Aug 2026 09:23:43.571 * Increased maximum number of open files to 10032 (it was originally set to 1024).
12832:M 04 Aug 2026 09:23:43.571 * monotonic clock: POSIX clock_gettime
12832:M 04 Aug 2026 09:23:43.578 * Running mode=standalone, port=11001.
12832:M 04 Aug 2026 09:23:43.581 * Server initialized
12832:M 04 Aug 2026 09:23:43.582 * Loading RDB produced by version 8.0.5
12832:M 04 Aug 2026 09:23:43.582 * RDB age 6 seconds
12832:M 04 Aug 2026 09:23:43.582 * RDB memory usage when created 1.63 Mb
12832:M 04 Aug 2026 09:23:43.583 * Done loading RDB, keys loaded: 33, keys expired: 0.
12832:M 04 Aug 2026 09:23:43.583 * DB loaded from disk: 0.001 seconds
12832:M 04 Aug 2026 09:23:43.583 * Ready to accept connections tcp
12832:M 04 Aug 2026 09:28:44.000 * 100 changes in 300 seconds. Saving...
12832:M 04 Aug 2026 09:28:44.003 * Background saving started by pid 12995
12995:C 04 Aug 2026 09:28:44.012 * DB saved on disk
12995:C 04 Aug 2026 09:28:44.012 * Fork CoW for RDB: current 0 MB, peak 0 MB, average 0 MB
12832:M 04 Aug 2026 09:28:44.103 * Background saving terminated with success
12832:M 04 Aug 2026 09:33:45.063 * 100 changes in 300 seconds. Saving...
12832:M 04 Aug 2026 09:33:45.064 * Background saving started by pid 13100
13100:C 04 Aug 2026 09:33:45.080 * DB saved on disk
13100:C 04 Aug 2026 09:33:45.081 * Fork CoW for RDB: current 0 MB, peak 0 MB, average 0 MB
12832:M 04 Aug 2026 09:33:45.165 * Background saving terminated with success
12832:M 04 Aug 2026 09:38:46.042 * 100 changes in 300 seconds. Saving...
12832:M 04 Aug 2026 09:38:46.044 * Background saving started by pid 13164
13164:C 04 Aug 2026 09:38:46.058 * DB saved on disk
13164:C 04 Aug 2026 09:38:46.059 * Fork CoW for RDB: current 0 MB, peak 0 MB, average 0 MB
12832:M 04 Aug 2026 09:38:46.144 * Background saving terminated with success
12832:M 04 Aug 2026 09:43:47.039 * 100 changes in 300 seconds. Saving...
12832:M 04 Aug 2026 09:43:47.041 * Background saving started by pid 13223
13223:C 04 Aug 2026 09:43:47.055 * DB saved on disk
13223:C 04 Aug 2026 09:43:47.056 * Fork CoW for RDB: current 0 MB, peak 0 MB, average 0 MB
12832:M 04 Aug 2026 09:43:47.142 * Background saving terminated with success
12832:M 04 Aug 2026 09:48:48.005 * 100 changes in 300 seconds. Saving...
12832:M 04 Aug 2026 09:48:48.011 * Background saving started by pid 13343
13343:C 04 Aug 2026 09:48:48.026 * DB saved on disk
13343:C 04 Aug 2026 09:48:48.027 * Fork CoW for RDB: current 0 MB, peak 0 MB, average 0 MB
12832:M 04 Aug 2026 09:48:48.112 * Background saving terminated with success
12832:M 04 Aug 2026 09:53:49.064 * 100 changes in 300 seconds. Saving...
12832:M 04 Aug 2026 09:53:49.066 * Background saving started by pid 13396
13396:C 04 Aug 2026 09:53:49.079 * DB saved on disk
13396:C 04 Aug 2026 09:53:49.079 * Fork CoW for RDB: current 0 MB, peak 0 MB, average 0 MB
12832:M 04 Aug 2026 09:53:49.167 * Background saving terminated with success
12832:M 04 Aug 2026 09:58:50.004 * 100 changes in 300 seconds. Saving...
12832:M 04 Aug 2026 09:58:50.004 * Background saving started by pid 13452
13452:C 04 Aug 2026 09:58:50.013 * DB saved on disk
13452:C 04 Aug 2026 09:58:50.014 * Fork CoW for RDB: current 0 MB, peak 0 MB, average 0 MB
12832:M 04 Aug 2026 09:58:50.105 * Background saving terminated with success
12832:M 04 Aug 2026 10:03:51.058 * 100 changes in 300 seconds. Saving...
12832:M 04 Aug 2026 10:03:51.060 * Background saving started by pid 13523
13523:C 04 Aug 2026 10:03:51.091 * DB saved on disk
13523:C 04 Aug 2026 10:03:51.092 * Fork CoW for RDB: current 0 MB, peak 0 MB, average 0 MB
12832:M 04 Aug 2026 10:03:51.163 * Background saving terminated with success
12832:M 04 Aug 2026 10:08:52.026 * 100 changes in 300 seconds. Saving...
12832:M 04 Aug 2026 10:08:52.027 * Background saving started by pid 13739
13739:C 04 Aug 2026 10:08:52.039 * DB saved on disk
13739:C 04 Aug 2026 10:08:52.039 * Fork CoW for RDB: current 0 MB, peak 0 MB, average 0 MB
12832:M 04 Aug 2026 10:08:52.128 * Background saving terminated with success
12832:M 04 Aug 2026 10:13:53.040 * 100 changes in 300 seconds. Saving...
12832:M 04 Aug 2026 10:13:53.042 * Background saving started by pid 14005
14005:C 04 Aug 2026 10:13:53.051 * DB saved on disk
14005:C 04 Aug 2026 10:13:53.052 * Fork CoW for RDB: current 0 MB, peak 0 MB, average 0 MB
12832:M 04 Aug 2026 10:13:53.143 * Background saving terminated with success
12832:signal-handler (1785838473) Received SIGTERM scheduling shutdown...
12832:M 04 Aug 2026 10:14:33.864 * User requested shutdown...
12832:M 04 Aug 2026 10:14:33.864 * Saving the final RDB snapshot before exiting.
12832:M 04 Aug 2026 10:14:33.872 * DB saved on disk
12832:M 04 Aug 2026 10:14:33.872 * Removing the pid file.
12832:M 04 Aug 2026 10:14:33.873 # Redis is now ready to exit, bye bye...
14048:C 04 Aug 2026 10:14:38.110 # WARNING Memory overcommit must be enabled! Without it, a background save or replication may fail under low memory condition. Being disabled, it can also cause failures without low memory condition, see https://github.com/jemalloc/jemalloc/issues/1328. To fix this issue add 'vm.overcommit_memory = 1' to /etc/sysctl.conf and then reboot or run the command 'sysctl vm.overcommit_memory=1' for this to take effect.
14048:C 04 Aug 2026 10:14:38.110 * oO0OoO0OoO0Oo Redis is starting oO0OoO0OoO0Oo
14048:C 04 Aug 2026 10:14:38.110 * Redis version=8.0.5, bits=64, commit=00000000, modified=0, pid=14048, just started
14048:C 04 Aug 2026 10:14:38.110 * Configuration loaded
14048:M 04 Aug 2026 10:14:38.111 * Increased maximum number of open files to 10032 (it was originally set to 1024).
14048:M 04 Aug 2026 10:14:38.111 * monotonic clock: POSIX clock_gettime
14048:M 04 Aug 2026 10:14:38.120 * Running mode=standalone, port=11001.
14048:M 04 Aug 2026 10:14:38.126 * Server initialized
14048:M 04 Aug 2026 10:14:38.126 * Loading RDB produced by version 8.0.5
14048:M 04 Aug 2026 10:14:38.126 * RDB age 5 seconds
14048:M 04 Aug 2026 10:14:38.126 * RDB memory usage when created 1.47 Mb
14048:M 04 Aug 2026 10:14:38.128 * Done loading RDB, keys loaded: 22, keys expired: 0.
14048:M 04 Aug 2026 10:14:38.128 * DB loaded from disk: 0.002 seconds
14048:M 04 Aug 2026 10:14:38.128 * Ready to accept connections tcp
14048:signal-handler (1785838636) Received SIGTERM scheduling shutdown...
14048:M 04 Aug 2026 10:17:16.678 * User requested shutdown...
14048:M 04 Aug 2026 10:17:16.678 * Saving the final RDB snapshot before exiting.
14048:M 04 Aug 2026 10:17:16.698 * DB saved on disk
14048:M 04 Aug 2026 10:17:16.698 * Removing the pid file.
14048:M 04 Aug 2026 10:17:16.698 # Redis is now ready to exit, bye bye...
14313:C 04 Aug 2026 10:17:17.408 # WARNING Memory overcommit must be enabled! Without it, a background save or replication may fail under low memory condition. Being disabled, it can also cause failures without low memory condition, see https://github.com/jemalloc/jemalloc/issues/1328. To fix this issue add 'vm.overcommit_memory = 1' to /etc/sysctl.conf and then reboot or run the command 'sysctl vm.overcommit_memory=1' for this to take effect.
14313:C 04 Aug 2026 10:17:17.408 * oO0OoO0OoO0Oo Redis is starting oO0OoO0OoO0Oo
14313:C 04 Aug 2026 10:17:17.408 * Redis version=8.0.5, bits=64, commit=00000000, modified=0, pid=14313, just started
14313:C 04 Aug 2026 10:17:17.408 * Configuration loaded
14313:M 04 Aug 2026 10:17:17.408 * Increased maximum number of open files to 10032 (it was originally set to 1024).
14313:M 04 Aug 2026 10:17:17.408 * monotonic clock: POSIX clock_gettime
14313:M 04 Aug 2026 10:17:17.409 * Running mode=standalone, port=11001.
14313:M 04 Aug 2026 10:17:17.409 * Server initialized
14313:M 04 Aug 2026 10:17:17.410 * Loading RDB produced by version 8.0.5
14313:M 04 Aug 2026 10:17:17.410 * RDB age 1 seconds
14313:M 04 Aug 2026 10:17:17.410 * RDB memory usage when created 1.58 Mb
14313:M 04 Aug 2026 10:17:17.417 * Done loading RDB, keys loaded: 36, keys expired: 0.
14313:M 04 Aug 2026 10:17:17.417 * DB loaded from disk: 0.008 seconds
14313:M 04 Aug 2026 10:17:17.417 * Ready to accept connections tcp
14313:signal-handler (1785838783) Received SIGTERM scheduling shutdown...
14313:M 04 Aug 2026 10:19:43.419 * User requested shutdown...
14313:M 04 Aug 2026 10:19:43.419 * Saving the final RDB snapshot before exiting.
14313:M 04 Aug 2026 10:19:43.437 * DB saved on disk
14313:M 04 Aug 2026 10:19:43.437 * Removing the pid file.
14313:M 04 Aug 2026 10:19:43.437 # Redis is now ready to exit, bye bye...
14700:C 04 Aug 2026 10:19:45.006 # WARNING Memory overcommit must be enabled! Without it, a background save or replication may fail under low memory condition. Being disabled, it can also cause failures without low memory condition, see https://github.com/jemalloc/jemalloc/issues/1328. To fix this issue add 'vm.overcommit_memory = 1' to /etc/sysctl.conf and then reboot or run the command 'sysctl vm.overcommit_memory=1' for this to take effect.
14700:C 04 Aug 2026 10:19:45.007 * oO0OoO0OoO0Oo Redis is starting oO0OoO0OoO0Oo
14700:C 04 Aug 2026 10:19:45.007 * Redis version=8.0.5, bits=64, commit=00000000, modified=0, pid=14700, just started
14700:C 04 Aug 2026 10:19:45.007 * Configuration loaded
14700:M 04 Aug 2026 10:19:45.008 * Increased maximum number of open files to 10032 (it was originally set to 1024).
14700:M 04 Aug 2026 10:19:45.008 * monotonic clock: POSIX clock_gettime
14700:M 04 Aug 2026 10:19:45.012 * Running mode=standalone, port=11001.
14700:M 04 Aug 2026 10:19:45.016 * Server initialized
14700:M 04 Aug 2026 10:19:45.016 * Loading RDB produced by version 8.0.5
14700:M 04 Aug 2026 10:19:45.016 * RDB age 2 seconds
14700:M 04 Aug 2026 10:19:45.016 * RDB memory usage when created 1.25 Mb
14700:M 04 Aug 2026 10:19:45.017 * Done loading RDB, keys loaded: 36, keys expired: 0.
14700:M 04 Aug 2026 10:19:45.017 * DB loaded from disk: 0.001 seconds
14700:M 04 Aug 2026 10:19:45.017 * Ready to accept connections tcp
14700:M 04 Aug 2026 10:24:46.029 * 100 changes in 300 seconds. Saving...
14700:M 04 Aug 2026 10:24:46.034 * Background saving started by pid 14856
14856:C 04 Aug 2026 10:24:46.047 * DB saved on disk
14856:C 04 Aug 2026 10:24:46.047 * Fork CoW for RDB: current 0 MB, peak 0 MB, average 0 MB
14700:M 04 Aug 2026 10:24:46.135 * Background saving terminated with success
14700:signal-handler (1785839353) Received SIGTERM scheduling shutdown...
14700:M 04 Aug 2026 10:29:13.574 * User requested shutdown...
14700:M 04 Aug 2026 10:29:13.574 * Saving the final RDB snapshot before exiting.
14700:M 04 Aug 2026 10:29:13.588 * DB saved on disk
14700:M 04 Aug 2026 10:29:13.588 * Removing the pid file.
14700:M 04 Aug 2026 10:29:13.589 # Redis is now ready to exit, bye bye...
14983:C 04 Aug 2026 10:29:16.321 # WARNING Memory overcommit must be enabled! Without it, a background save or replication may fail under low memory condition. Being disabled, it can also cause failures without low memory condition, see https://github.com/jemalloc/jemalloc/issues/1328. To fix this issue add 'vm.overcommit_memory = 1' to /etc/sysctl.conf and then reboot or run the command 'sysctl vm.overcommit_memory=1' for this to take effect.
14983:C 04 Aug 2026 10:29:16.322 * oO0OoO0OoO0Oo Redis is starting oO0OoO0OoO0Oo
14983:C 04 Aug 2026 10:29:16.322 * Redis version=8.0.5, bits=64, commit=00000000, modified=0, pid=14983, just started
14983:C 04 Aug 2026 10:29:16.322 * Configuration loaded
14983:M 04 Aug 2026 10:29:16.327 * Increased maximum number of open files to 10032 (it was originally set to 1024).
14983:M 04 Aug 2026 10:29:16.327 * monotonic clock: POSIX clock_gettime
14983:M 04 Aug 2026 10:29:16.336 * Running mode=standalone, port=11001.
14983:M 04 Aug 2026 10:29:16.348 * Server initialized
14983:M 04 Aug 2026 10:29:16.352 * Loading RDB produced by version 8.0.5
14983:M 04 Aug 2026 10:29:16.352 * RDB age 3 seconds
14983:M 04 Aug 2026 10:29:16.352 * RDB memory usage when created 1.51 Mb
14983:M 04 Aug 2026 10:29:16.352 * Done loading RDB, keys loaded: 22, keys expired: 0.
14983:M 04 Aug 2026 10:29:16.352 * DB loaded from disk: 0.005 seconds
14983:M 04 Aug 2026 10:29:16.352 * Ready to accept connections tcp
14983:M 04 Aug 2026 10:34:17.053 * 100 changes in 300 seconds. Saving...
14983:M 04 Aug 2026 10:34:17.054 * Background saving started by pid 15166
15166:C 04 Aug 2026 10:34:17.068 * DB saved on disk
15166:C 04 Aug 2026 10:34:17.068 * Fork CoW for RDB: current 0 MB, peak 0 MB, average 0 MB
14983:M 04 Aug 2026 10:34:17.155 * Background saving terminated with success
14983:M 04 Aug 2026 10:39:18.086 * 100 changes in 300 seconds. Saving...
14983:M 04 Aug 2026 10:39:18.089 * Background saving started by pid 15221
15221:C 04 Aug 2026 10:39:18.109 * DB saved on disk
15221:C 04 Aug 2026 10:39:18.110 * Fork CoW for RDB: current 0 MB, peak 0 MB, average 0 MB
14983:M 04 Aug 2026 10:39:18.191 * Background saving terminated with success
14983:M 04 Aug 2026 10:44:19.048 * 100 changes in 300 seconds. Saving...
14983:M 04 Aug 2026 10:44:19.050 * Background saving started by pid 15278
15278:C 04 Aug 2026 10:44:19.065 * DB saved on disk
15278:C 04 Aug 2026 10:44:19.066 * Fork CoW for RDB: current 0 MB, peak 0 MB, average 0 MB
14983:M 04 Aug 2026 10:44:19.151 * Background saving terminated with success
14983:M 04 Aug 2026 10:49:20.035 * 100 changes in 300 seconds. Saving...
14983:M 04 Aug 2026 10:49:20.038 * Background saving started by pid 15358
15358:C 04 Aug 2026 10:49:20.053 * DB saved on disk
15358:C 04 Aug 2026 10:49:20.054 * Fork CoW for RDB: current 0 MB, peak 0 MB, average 0 MB
14983:M 04 Aug 2026 10:49:20.139 * Background saving terminated with success
14983:M 04 Aug 2026 10:54:21.064 * 100 changes in 300 seconds. Saving...
14983:M 04 Aug 2026 10:54:21.066 * Background saving started by pid 15393
15393:C 04 Aug 2026 10:54:21.080 * DB saved on disk
15393:C 04 Aug 2026 10:54:21.081 * Fork CoW for RDB: current 0 MB, peak 0 MB, average 0 MB
14983:M 04 Aug 2026 10:54:21.167 * Background saving terminated with success
14983:M 04 Aug 2026 10:59:22.034 * 100 changes in 300 seconds. Saving...
14983:M 04 Aug 2026 10:59:22.034 * Background saving started by pid 15420
15420:C 04 Aug 2026 10:59:22.056 * DB saved on disk
15420:C 04 Aug 2026 10:59:22.056 * Fork CoW for RDB: current 0 MB, peak 0 MB, average 0 MB
14983:M 04 Aug 2026 10:59:22.135 * Background saving terminated with success
14983:M 04 Aug 2026 11:04:23.065 * 100 changes in 300 seconds. Saving...
14983:M 04 Aug 2026 11:04:23.071 * Background saving started by pid 15478
15478:C 04 Aug 2026 11:04:23.084 * DB saved on disk
15478:C 04 Aug 2026 11:04:23.085 * Fork CoW for RDB: current 0 MB, peak 0 MB, average 0 MB
14983:M 04 Aug 2026 11:04:23.172 * Background saving terminated with success
14983:M 04 Aug 2026 11:09:24.071 * 100 changes in 300 seconds. Saving...
14983:M 04 Aug 2026 11:09:24.072 * Background saving started by pid 15505
15505:C 04 Aug 2026 11:09:24.085 * DB saved on disk
15505:C 04 Aug 2026 11:09:24.086 * Fork CoW for RDB: current 0 MB, peak 0 MB, average 0 MB
14983:M 04 Aug 2026 11:09:24.174 * Background saving terminated with success
14983:M 04 Aug 2026 11:14:25.023 * 100 changes in 300 seconds. Saving...
14983:M 04 Aug 2026 11:14:25.024 * Background saving started by pid 15668
15668:C 04 Aug 2026 11:14:25.038 * DB saved on disk
15668:C 04 Aug 2026 11:14:25.038 * Fork CoW for RDB: current 0 MB, peak 0 MB, average 0 MB
14983:M 04 Aug 2026 11:14:25.125 * Background saving terminated with success
14983:M 04 Aug 2026 11:19:26.012 * 100 changes in 300 seconds. Saving...
14983:M 04 Aug 2026 11:19:26.017 * Background saving started by pid 15739
15739:C 04 Aug 2026 11:19:26.035 * DB saved on disk
15739:C 04 Aug 2026 11:19:26.036 * Fork CoW for RDB: current 0 MB, peak 0 MB, average 0 MB
14983:M 04 Aug 2026 11:19:26.118 * Background saving terminated with success
14983:M 04 Aug 2026 11:24:27.003 * 100 changes in 300 seconds. Saving...
14983:M 04 Aug 2026 11:24:27.006 * Background saving started by pid 15800
15800:C 04 Aug 2026 11:24:27.015 * DB saved on disk
15800:C 04 Aug 2026 11:24:27.015 * Fork CoW for RDB: current 0 MB, peak 0 MB, average 0 MB
14983:M 04 Aug 2026 11:24:27.107 * Background saving terminated with success
14983:signal-handler (1785842784) Received SIGTERM scheduling shutdown...
14983:M 04 Aug 2026 11:26:24.408 * User requested shutdown...
14983:M 04 Aug 2026 11:26:24.408 * Saving the final RDB snapshot before exiting.
14983:M 04 Aug 2026 11:26:24.494 * DB saved on disk
14983:M 04 Aug 2026 11:26:24.494 * Removing the pid file.
14983:M 04 Aug 2026 11:26:24.494 # Redis is now ready to exit, bye bye...
15872:C 04 Aug 2026 11:26:33.695 # WARNING Memory overcommit must be enabled! Without it, a background save or replication may fail under low memory condition. Being disabled, it can also cause failures without low memory condition, see https://github.com/jemalloc/jemalloc/issues/1328. To fix this issue add 'vm.overcommit_memory = 1' to /etc/sysctl.conf and then reboot or run the command 'sysctl vm.overcommit_memory=1' for this to take effect.
15872:C 04 Aug 2026 11:26:33.697 * oO0OoO0OoO0Oo Redis is starting oO0OoO0OoO0Oo
15872:C 04 Aug 2026 11:26:33.697 * Redis version=8.0.5, bits=64, commit=00000000, modified=0, pid=15872, just started
15872:C 04 Aug 2026 11:26:33.697 * Configuration loaded
15872:M 04 Aug 2026 11:26:33.700 * Increased maximum number of open files to 10032 (it was originally set to 1024).
15872:M 04 Aug 2026 11:26:33.700 * monotonic clock: POSIX clock_gettime
15872:M 04 Aug 2026 11:26:33.711 * Running mode=standalone, port=11001.
15872:M 04 Aug 2026 11:26:33.725 * Server initialized
15872:M 04 Aug 2026 11:26:33.726 * Loading RDB produced by version 8.0.5
15872:M 04 Aug 2026 11:26:33.726 * RDB age 9 seconds
15872:M 04 Aug 2026 11:26:33.726 * RDB memory usage when created 1.55 Mb
15872:M 04 Aug 2026 11:26:33.728 * Done loading RDB, keys loaded: 18, keys expired: 0.
15872:M 04 Aug 2026 11:26:33.728 * DB loaded from disk: 0.002 seconds
15872:M 04 Aug 2026 11:26:33.728 * Ready to accept connections tcp
15872:signal-handler (1785842891) Received SIGTERM scheduling shutdown...
15872:M 04 Aug 2026 11:28:11.136 * User requested shutdown...
15872:M 04 Aug 2026 11:28:11.136 * Saving the final RDB snapshot before exiting.
15872:M 04 Aug 2026 11:28:11.150 * DB saved on disk
15872:M 04 Aug 2026 11:28:11.151 * Removing the pid file.
15872:M 04 Aug 2026 11:28:11.151 # Redis is now ready to exit, bye bye...
16059:C 04 Aug 2026 11:28:11.692 # WARNING Memory overcommit must be enabled! Without it, a background save or replication may fail under low memory condition. Being disabled, it can also cause failures without low memory condition, see https://github.com/jemalloc/jemalloc/issues/1328. To fix this issue add 'vm.overcommit_memory = 1' to /etc/sysctl.conf and then reboot or run the command 'sysctl vm.overcommit_memory=1' for this to take effect.
16059:C 04 Aug 2026 11:28:11.692 * oO0OoO0OoO0Oo Redis is starting oO0OoO0OoO0Oo
16059:C 04 Aug 2026 11:28:11.692 * Redis version=8.0.5, bits=64, commit=00000000, modified=0, pid=16059, just started
16059:C 04 Aug 2026 11:28:11.692 * Configuration loaded
16059:M 04 Aug 2026 11:28:11.693 * Increased maximum number of open files to 10032 (it was originally set to 1024).
16059:M 04 Aug 2026 11:28:11.693 * monotonic clock: POSIX clock_gettime
16059:M 04 Aug 2026 11:28:11.694 * Running mode=standalone, port=11001.
16059:M 04 Aug 2026 11:28:11.694 * Server initialized
16059:M 04 Aug 2026 11:28:11.694 * Loading RDB produced by version 8.0.5
16059:M 04 Aug 2026 11:28:11.694 * RDB age 0 seconds
16059:M 04 Aug 2026 11:28:11.694 * RDB memory usage when created 1.52 Mb
16059:M 04 Aug 2026 11:28:11.695 * Done loading RDB, keys loaded: 18, keys expired: 0.
16059:M 04 Aug 2026 11:28:11.695 * DB loaded from disk: 0.000 seconds
16059:M 04 Aug 2026 11:28:11.695 * Ready to accept connections tcp
16059:M 04 Aug 2026 11:33:12.095 * 100 changes in 300 seconds. Saving...
16059:M 04 Aug 2026 11:33:12.098 * Background saving started by pid 16313
16313:C 04 Aug 2026 11:33:12.113 * DB saved on disk
16313:C 04 Aug 2026 11:33:12.114 * Fork CoW for RDB: current 0 MB, peak 0 MB, average 0 MB
16059:M 04 Aug 2026 11:33:12.199 * Background saving terminated with success
16059:M 04 Aug 2026 11:38:13.002 * 100 changes in 300 seconds. Saving...
16059:M 04 Aug 2026 11:38:13.011 * Background saving started by pid 16414
16414:C 04 Aug 2026 11:38:13.031 * DB saved on disk
16414:C 04 Aug 2026 11:38:13.032 * Fork CoW for RDB: current 0 MB, peak 0 MB, average 0 MB
16059:M 04 Aug 2026 11:38:13.113 * Background saving terminated with success
16059:M 04 Aug 2026 11:43:14.097 * 100 changes in 300 seconds. Saving...
16059:M 04 Aug 2026 11:43:14.098 * Background saving started by pid 16456
16456:C 04 Aug 2026 11:43:14.111 * DB saved on disk
16456:C 04 Aug 2026 11:43:14.112 * Fork CoW for RDB: current 0 MB, peak 0 MB, average 0 MB
16059:M 04 Aug 2026 11:43:14.199 * Background saving terminated with success
16059:M 04 Aug 2026 11:48:15.015 * 100 changes in 300 seconds. Saving...
16059:M 04 Aug 2026 11:48:15.016 * Background saving started by pid 16506
16506:C 04 Aug 2026 11:48:15.024 * DB saved on disk
16506:C 04 Aug 2026 11:48:15.025 * Fork CoW for RDB: current 0 MB, peak 0 MB, average 0 MB
16059:M 04 Aug 2026 11:48:15.116 * Background saving terminated with success
16059:M 04 Aug 2026 11:53:16.098 * 100 changes in 300 seconds. Saving...
16059:M 04 Aug 2026 11:53:16.099 * Background saving started by pid 16553
16553:C 04 Aug 2026 11:53:16.111 * DB saved on disk
16553:C 04 Aug 2026 11:53:16.112 * Fork CoW for RDB: current 0 MB, peak 0 MB, average 0 MB
16059:M 04 Aug 2026 11:53:16.200 * Background saving terminated with success
16059:M 04 Aug 2026 11:58:17.079 * 100 changes in 300 seconds. Saving...
16059:M 04 Aug 2026 11:58:17.079 * Background saving started by pid 16572
16572:C 04 Aug 2026 11:58:17.095 * DB saved on disk
16572:C 04 Aug 2026 11:58:17.096 * Fork CoW for RDB: current 0 MB, peak 0 MB, average 0 MB
16059:M 04 Aug 2026 11:58:17.180 * Background saving terminated with success
16059:M 04 Aug 2026 12:03:18.081 * 100 changes in 300 seconds. Saving...
16059:M 04 Aug 2026 12:03:18.085 * Background saving started by pid 16638
16638:C 04 Aug 2026 12:03:18.097 * DB saved on disk
16638:C 04 Aug 2026 12:03:18.098 * Fork CoW for RDB: current 0 MB, peak 0 MB, average 0 MB
16059:M 04 Aug 2026 12:03:18.187 * Background saving terminated with success
16059:M 04 Aug 2026 12:34:01.949 * 100 changes in 300 seconds. Saving...
16059:M 04 Aug 2026 12:34:01.950 * Background saving started by pid 16689
16689:C 04 Aug 2026 12:34:02.171 * DB saved on disk
16689:C 04 Aug 2026 12:34:02.172 * Fork CoW for RDB: current 1 MB, peak 1 MB, average 1 MB
16059:M 04 Aug 2026 12:34:02.274 * Background saving terminated with success
16059:M 04 Aug 2026 12:39:03.092 * 100 changes in 300 seconds. Saving...
16059:M 04 Aug 2026 12:39:03.094 * Background saving started by pid 16789
16789:C 04 Aug 2026 12:39:03.112 * DB saved on disk
16789:C 04 Aug 2026 12:39:03.114 * Fork CoW for RDB: current 0 MB, peak 0 MB, average 0 MB
16059:M 04 Aug 2026 12:39:03.195 * Background saving terminated with success
16059:M 04 Aug 2026 12:44:04.081 * 100 changes in 300 seconds. Saving...
16059:M 04 Aug 2026 12:44:04.083 * Background saving started by pid 16852
16852:C 04 Aug 2026 12:44:04.109 * DB saved on disk
16852:C 04 Aug 2026 12:44:04.110 * Fork CoW for RDB: current 0 MB, peak 0 MB, average 0 MB
16059:M 04 Aug 2026 12:44:04.184 * Background saving terminated with success
16059:M 04 Aug 2026 12:49:05.053 * 100 changes in 300 seconds. Saving...
16059:M 04 Aug 2026 12:49:05.054 * Background saving started by pid 16913
16913:C 04 Aug 2026 12:49:05.075 * DB saved on disk
16913:C 04 Aug 2026 12:49:05.077 * Fork CoW for RDB: current 0 MB, peak 0 MB, average 0 MB
16059:M 04 Aug 2026 12:49:05.156 * Background saving terminated with success
16059:M 04 Aug 2026 12:54:06.034 * 100 changes in 300 seconds. Saving...
16059:M 04 Aug 2026 12:54:06.035 * Background saving started by pid 16984
16984:C 04 Aug 2026 12:54:06.069 * DB saved on disk
16984:C 04 Aug 2026 12:54:06.070 * Fork CoW for RDB: current 0 MB, peak 0 MB, average 0 MB
16059:M 04 Aug 2026 12:54:06.136 * Background saving terminated with success
16059:M 04 Aug 2026 12:59:07.005 * 100 changes in 300 seconds. Saving...
16059:M 04 Aug 2026 12:59:07.007 * Background saving started by pid 17029
17029:C 04 Aug 2026 12:59:07.025 * DB saved on disk
17029:C 04 Aug 2026 12:59:07.026 * Fork CoW for RDB: current 0 MB, peak 0 MB, average 0 MB
16059:M 04 Aug 2026 12:59:07.108 * Background saving terminated with success
16059:M 04 Aug 2026 13:04:08.003 * 100 changes in 300 seconds. Saving...
16059:M 04 Aug 2026 13:04:08.005 * Background saving started by pid 17108
17108:C 04 Aug 2026 13:04:08.020 * DB saved on disk
17108:C 04 Aug 2026 13:04:08.022 * Fork CoW for RDB: current 0 MB, peak 0 MB, average 0 MB
16059:M 04 Aug 2026 13:04:08.106 * Background saving terminated with success
16059:M 04 Aug 2026 13:09:09.007 * 100 changes in 300 seconds. Saving...
16059:M 04 Aug 2026 13:09:09.008 * Background saving started by pid 17151
17151:C 04 Aug 2026 13:09:09.021 * DB saved on disk
17151:C 04 Aug 2026 13:09:09.022 * Fork CoW for RDB: current 0 MB, peak 0 MB, average 0 MB
16059:M 04 Aug 2026 13:09:09.110 * Background saving terminated with success
16059:M 04 Aug 2026 13:14:10.098 * 100 changes in 300 seconds. Saving...
16059:M 04 Aug 2026 13:14:10.100 * Background saving started by pid 17196
17196:C 04 Aug 2026 13:14:10.115 * DB saved on disk
17196:C 04 Aug 2026 13:14:10.116 * Fork CoW for RDB: current 0 MB, peak 0 MB, average 0 MB
16059:M 04 Aug 2026 13:14:10.201 * Background saving terminated with success
16059:M 04 Aug 2026 13:19:11.039 * 100 changes in 300 seconds. Saving...
16059:M 04 Aug 2026 13:19:11.041 * Background saving started by pid 17267
17267:C 04 Aug 2026 13:19:11.060 * DB saved on disk
17267:C 04 Aug 2026 13:19:11.061 * Fork CoW for RDB: current 0 MB, peak 0 MB, average 0 MB
16059:M 04 Aug 2026 13:19:11.142 * Background saving terminated with success
16059:M 04 Aug 2026 13:24:12.091 * 100 changes in 300 seconds. Saving...
16059:M 04 Aug 2026 13:24:12.093 * Background saving started by pid 17489
17489:C 04 Aug 2026 13:24:12.109 * DB saved on disk
17489:C 04 Aug 2026 13:24:12.111 * Fork CoW for RDB: current 0 MB, peak 0 MB, average 0 MB
16059:M 04 Aug 2026 13:24:12.194 * Background saving terminated with success
16059:M 04 Aug 2026 13:29:13.096 * 100 changes in 300 seconds. Saving...
16059:M 04 Aug 2026 13:29:13.097 * Background saving started by pid 17532
17532:C 04 Aug 2026 13:29:13.114 * DB saved on disk
17532:C 04 Aug 2026 13:29:13.115 * Fork CoW for RDB: current 0 MB, peak 0 MB, average 0 MB
16059:M 04 Aug 2026 13:29:13.199 * Background saving terminated with success
16059:M 04 Aug 2026 13:34:14.023 * 100 changes in 300 seconds. Saving...
16059:M 04 Aug 2026 13:34:14.025 * Background saving started by pid 17636
17636:C 04 Aug 2026 13:34:14.056 * DB saved on disk
17636:C 04 Aug 2026 13:34:14.058 * Fork CoW for RDB: current 0 MB, peak 0 MB, average 0 MB
16059:M 04 Aug 2026 13:34:14.126 * Background saving terminated with success
16059:M 04 Aug 2026 13:39:15.062 * 100 changes in 300 seconds. Saving...
16059:M 04 Aug 2026 13:39:15.064 * Background saving started by pid 18171
18171:C 04 Aug 2026 13:39:15.086 * DB saved on disk
18171:C 04 Aug 2026 13:39:15.087 * Fork CoW for RDB: current 0 MB, peak 0 MB, average 0 MB
16059:M 04 Aug 2026 13:39:15.165 * Background saving terminated with success
16059:signal-handler (1785850943) Received SIGTERM scheduling shutdown...
16059:M 04 Aug 2026 13:42:23.629 * User requested shutdown...
16059:M 04 Aug 2026 13:42:23.629 * Saving the final RDB snapshot before exiting.
16059:M 04 Aug 2026 13:42:23.639 * DB saved on disk
16059:M 04 Aug 2026 13:42:23.639 * Removing the pid file.
16059:M 04 Aug 2026 13:42:23.640 # Redis is now ready to exit, bye bye...
379:C 05 Aug 2026 04:51:24.238 # WARNING Memory overcommit must be enabled! Without it, a background save or replication may fail under low memory condition. Being disabled, it can also cause failures without low memory condition, see https://github.com/jemalloc/jemalloc/issues/1328. To fix this issue add 'vm.overcommit_memory = 1' to /etc/sysctl.conf and then reboot or run the command 'sysctl vm.overcommit_memory=1' for this to take effect.
379:C 05 Aug 2026 04:51:24.238 * oO0OoO0OoO0Oo Redis is starting oO0OoO0OoO0Oo
379:C 05 Aug 2026 04:51:24.238 * Redis version=8.0.5, bits=64, commit=00000000, modified=0, pid=379, just started
379:C 05 Aug 2026 04:51:24.238 * Configuration loaded
379:M 05 Aug 2026 04:51:24.239 * Increased maximum number of open files to 10032 (it was originally set to 1024).
379:M 05 Aug 2026 04:51:24.239 * monotonic clock: POSIX clock_gettime
379:M 05 Aug 2026 04:51:24.241 * Running mode=standalone, port=11001.
379:M 05 Aug 2026 04:51:24.241 * Server initialized
379:M 05 Aug 2026 04:51:24.250 * Loading RDB produced by version 8.0.5
379:M 05 Aug 2026 04:51:24.250 * RDB age 54541 seconds
379:M 05 Aug 2026 04:51:24.250 * RDB memory usage when created 1.51 Mb
379:M 05 Aug 2026 04:51:24.250 * Done loading RDB, keys loaded: 5, keys expired: 14.
379:M 05 Aug 2026 04:51:24.250 * DB loaded from disk: 0.009 seconds
379:M 05 Aug 2026 04:51:24.250 * Ready to accept connections tcp
379:M 05 Aug 2026 04:56:25.065 * 100 changes in 300 seconds. Saving...
379:M 05 Aug 2026 04:56:25.068 * Background saving started by pid 1527
1527:C 05 Aug 2026 04:56:25.081 * DB saved on disk
1527:C 05 Aug 2026 04:56:25.081 * Fork CoW for RDB: current 0 MB, peak 0 MB, average 0 MB
379:M 05 Aug 2026 04:56:25.169 * Background saving terminated with success
379:M 05 Aug 2026 05:01:26.084 * 100 changes in 300 seconds. Saving...
379:M 05 Aug 2026 05:01:26.085 * Background saving started by pid 1650
1650:C 05 Aug 2026 05:01:26.092 * DB saved on disk
1650:C 05 Aug 2026 05:01:26.092 * Fork CoW for RDB: current 0 MB, peak 0 MB, average 0 MB
379:M 05 Aug 2026 05:01:26.185 * Background saving terminated with success
379:M 05 Aug 2026 05:06:27.074 * 100 changes in 300 seconds. Saving...
379:M 05 Aug 2026 05:06:27.081 * Background saving started by pid 1701
1701:C 05 Aug 2026 05:06:27.101 * DB saved on disk
1701:C 05 Aug 2026 05:06:27.102 * Fork CoW for RDB: current 0 MB, peak 0 MB, average 0 MB
379:M 05 Aug 2026 05:06:27.182 * Background saving terminated with success
379:M 05 Aug 2026 05:11:28.057 * 100 changes in 300 seconds. Saving...
379:M 05 Aug 2026 05:11:28.059 * Background saving started by pid 1862
1862:C 05 Aug 2026 05:11:28.107 * DB saved on disk
1862:C 05 Aug 2026 05:11:28.108 * Fork CoW for RDB: current 0 MB, peak 0 MB, average 0 MB
379:M 05 Aug 2026 05:11:28.160 * Background saving terminated with success
379:M 05 Aug 2026 05:16:29.007 * 100 changes in 300 seconds. Saving...
379:M 05 Aug 2026 05:16:29.009 * Background saving started by pid 1950
1950:C 05 Aug 2026 05:16:29.021 * DB saved on disk
1950:C 05 Aug 2026 05:16:29.021 * Fork CoW for RDB: current 0 MB, peak 0 MB, average 0 MB
379:M 05 Aug 2026 05:16:29.109 * Background saving terminated with success
379:M 05 Aug 2026 05:21:30.073 * 100 changes in 300 seconds. Saving...
379:M 05 Aug 2026 05:21:30.074 * Background saving started by pid 2005
2005:C 05 Aug 2026 05:21:30.084 * DB saved on disk
2005:C 05 Aug 2026 05:21:30.085 * Fork CoW for RDB: current 0 MB, peak 0 MB, average 0 MB
379:M 05 Aug 2026 05:21:30.175 * Background saving terminated with success
379:M 05 Aug 2026 05:26:31.002 * 100 changes in 300 seconds. Saving...
379:M 05 Aug 2026 05:26:31.007 * Background saving started by pid 2590
2590:C 05 Aug 2026 05:26:31.028 * DB saved on disk
2590:C 05 Aug 2026 05:26:31.029 * Fork CoW for RDB: current 0 MB, peak 0 MB, average 0 MB
379:M 05 Aug 2026 05:26:31.109 * Background saving terminated with success
379:signal-handler (1785907689) Received SIGTERM scheduling shutdown...
379:M 05 Aug 2026 05:28:10.022 * User requested shutdown...
379:M 05 Aug 2026 05:28:10.024 * Saving the final RDB snapshot before exiting.
379:M 05 Aug 2026 05:28:10.058 * DB saved on disk
379:M 05 Aug 2026 05:28:10.058 * Removing the pid file.
379:M 05 Aug 2026 05:28:10.058 # Redis is now ready to exit, bye bye...
9440:C 05 Aug 2026 05:28:14.127 # WARNING Memory overcommit must be enabled! Without it, a background save or replication may fail under low memory condition. Being disabled, it can also cause failures without low memory condition, see https://github.com/jemalloc/jemalloc/issues/1328. To fix this issue add 'vm.overcommit_memory = 1' to /etc/sysctl.conf and then reboot or run the command 'sysctl vm.overcommit_memory=1' for this to take effect.
9440:C 05 Aug 2026 05:28:14.128 * oO0OoO0OoO0Oo Redis is starting oO0OoO0OoO0Oo
9440:C 05 Aug 2026 05:28:14.128 * Redis version=8.0.5, bits=64, commit=00000000, modified=0, pid=9440, just started
9440:C 05 Aug 2026 05:28:14.128 * Configuration loaded
9440:M 05 Aug 2026 05:28:14.130 * Increased maximum number of open files to 10032 (it was originally set to 1024).
9440:M 05 Aug 2026 05:28:14.131 * monotonic clock: POSIX clock_gettime
9440:M 05 Aug 2026 05:28:14.136 * Running mode=standalone, port=11001.
9440:M 05 Aug 2026 05:28:14.141 * Server initialized
9440:M 05 Aug 2026 05:28:14.142 * Loading RDB produced by version 8.0.5
9440:M 05 Aug 2026 05:28:14.142 * RDB age 4 seconds
9440:M 05 Aug 2026 05:28:14.142 * RDB memory usage when created 1.57 Mb
9440:M 05 Aug 2026 05:28:14.142 * Done loading RDB, keys loaded: 18, keys expired: 0.
9440:M 05 Aug 2026 05:28:14.142 * DB loaded from disk: 0.001 seconds
9440:M 05 Aug 2026 05:28:14.142 * Ready to accept connections tcp
9440:M 05 Aug 2026 05:33:15.019 * 100 changes in 300 seconds. Saving...
9440:M 05 Aug 2026 05:33:15.020 * Background saving started by pid 9644
9644:C 05 Aug 2026 05:33:15.028 * DB saved on disk
9644:C 05 Aug 2026 05:33:15.029 * Fork CoW for RDB: current 0 MB, peak 0 MB, average 0 MB
9440:M 05 Aug 2026 05:33:15.121 * Background saving terminated with success
9440:M 05 Aug 2026 05:38:16.038 * 100 changes in 300 seconds. Saving...
9440:M 05 Aug 2026 05:38:16.040 * Background saving started by pid 9753
9753:C 05 Aug 2026 05:38:16.067 * DB saved on disk
9753:C 05 Aug 2026 05:38:16.068 * Fork CoW for RDB: current 0 MB, peak 0 MB, average 0 MB
9440:M 05 Aug 2026 05:38:16.141 * Background saving terminated with success
9440:M 05 Aug 2026 05:43:17.033 * 100 changes in 300 seconds. Saving...
9440:M 05 Aug 2026 05:43:17.035 * Background saving started by pid 9816
9816:C 05 Aug 2026 05:43:17.045 * DB saved on disk
9816:C 05 Aug 2026 05:43:17.046 * Fork CoW for RDB: current 0 MB, peak 0 MB, average 0 MB
9440:M 05 Aug 2026 05:43:17.136 * Background saving terminated with success
9440:M 05 Aug 2026 05:48:18.072 * 100 changes in 300 seconds. Saving...
9440:M 05 Aug 2026 05:48:18.074 * Background saving started by pid 10171
10171:C 05 Aug 2026 05:48:18.085 * DB saved on disk
10171:C 05 Aug 2026 05:48:18.085 * Fork CoW for RDB: current 0 MB, peak 0 MB, average 0 MB
9440:M 05 Aug 2026 05:48:18.175 * Background saving terminated with success
9440:M 05 Aug 2026 05:53:19.051 * 100 changes in 300 seconds. Saving...
9440:M 05 Aug 2026 05:53:19.052 * Background saving started by pid 10243
10243:C 05 Aug 2026 05:53:19.060 * DB saved on disk
10243:C 05 Aug 2026 05:53:19.061 * Fork CoW for RDB: current 0 MB, peak 0 MB, average 0 MB
9440:M 05 Aug 2026 05:53:19.152 * Background saving terminated with success
9440:M 05 Aug 2026 05:58:20.096 * 100 changes in 300 seconds. Saving...
9440:M 05 Aug 2026 05:58:20.106 * Background saving started by pid 10304
10304:C 05 Aug 2026 05:58:20.117 * DB saved on disk
10304:C 05 Aug 2026 05:58:20.117 * Fork CoW for RDB: current 0 MB, peak 0 MB, average 0 MB
9440:M 05 Aug 2026 05:58:20.207 * Background saving terminated with success
9440:M 05 Aug 2026 06:03:21.049 * 100 changes in 300 seconds. Saving...
9440:M 05 Aug 2026 06:03:21.050 * Background saving started by pid 10633
10633:C 05 Aug 2026 06:03:21.066 * DB saved on disk
10633:C 05 Aug 2026 06:03:21.067 * Fork CoW for RDB: current 0 MB, peak 0 MB, average 0 MB
9440:M 05 Aug 2026 06:03:21.151 * Background saving terminated with success
9440:M 05 Aug 2026 06:08:22.047 * 100 changes in 300 seconds. Saving...
9440:M 05 Aug 2026 06:08:22.047 * Background saving started by pid 10722
10722:C 05 Aug 2026 06:08:22.057 * DB saved on disk
10722:C 05 Aug 2026 06:08:22.057 * Fork CoW for RDB: current 0 MB, peak 0 MB, average 0 MB
9440:M 05 Aug 2026 06:08:22.148 * Background saving terminated with success
9440:M 05 Aug 2026 06:13:23.049 * 100 changes in 300 seconds. Saving...
9440:M 05 Aug 2026 06:13:23.051 * Background saving started by pid 10749
10749:C 05 Aug 2026 06:13:23.066 * DB saved on disk
10749:C 05 Aug 2026 06:13:23.067 * Fork CoW for RDB: current 0 MB, peak 0 MB, average 0 MB
9440:M 05 Aug 2026 06:13:23.153 * Background saving terminated with success
9440:M 05 Aug 2026 06:18:24.079 * 100 changes in 300 seconds. Saving...
9440:M 05 Aug 2026 06:18:24.084 * Background saving started by pid 11377
11377:C 05 Aug 2026 06:18:24.112 * DB saved on disk
11377:C 05 Aug 2026 06:18:24.113 * Fork CoW for RDB: current 0 MB, peak 0 MB, average 0 MB
9440:M 05 Aug 2026 06:18:24.185 * Background saving terminated with success
9440:M 05 Aug 2026 06:23:25.043 * 100 changes in 300 seconds. Saving...
9440:M 05 Aug 2026 06:23:25.044 * Background saving started by pid 11503
11503:C 05 Aug 2026 06:23:25.060 * DB saved on disk
11503:C 05 Aug 2026 06:23:25.060 * Fork CoW for RDB: current 0 MB, peak 0 MB, average 0 MB
9440:M 05 Aug 2026 06:23:25.146 * Background saving terminated with success
9440:M 05 Aug 2026 06:28:26.040 * 100 changes in 300 seconds. Saving...
9440:M 05 Aug 2026 06:28:26.042 * Background saving started by pid 11811
11811:C 05 Aug 2026 06:28:26.051 * DB saved on disk
11811:C 05 Aug 2026 06:28:26.052 * Fork CoW for RDB: current 0 MB, peak 0 MB, average 0 MB
9440:M 05 Aug 2026 06:28:26.143 * Background saving terminated with success
9440:M 05 Aug 2026 06:33:27.067 * 100 changes in 300 seconds. Saving...
9440:M 05 Aug 2026 06:33:27.068 * Background saving started by pid 12069
12069:C 05 Aug 2026 06:33:27.080 * DB saved on disk
12069:C 05 Aug 2026 06:33:27.080 * Fork CoW for RDB: current 0 MB, peak 0 MB, average 0 MB
9440:M 05 Aug 2026 06:33:27.169 * Background saving terminated with success
9440:M 05 Aug 2026 06:38:28.043 * 100 changes in 300 seconds. Saving...
9440:M 05 Aug 2026 06:38:28.047 * Background saving started by pid 12159
12159:C 05 Aug 2026 06:38:28.057 * DB saved on disk
12159:C 05 Aug 2026 06:38:28.057 * Fork CoW for RDB: current 0 MB, peak 0 MB, average 0 MB
9440:M 05 Aug 2026 06:38:28.148 * Background saving terminated with success
9440:M 05 Aug 2026 06:43:29.009 * 100 changes in 300 seconds. Saving...
9440:M 05 Aug 2026 06:43:29.010 * Background saving started by pid 12425
12425:C 05 Aug 2026 06:43:29.020 * DB saved on disk
12425:C 05 Aug 2026 06:43:29.020 * Fork CoW for RDB: current 0 MB, peak 0 MB, average 0 MB
9440:M 05 Aug 2026 06:43:29.111 * Background saving terminated with success
9440:M 05 Aug 2026 06:48:30.009 * 100 changes in 300 seconds. Saving...
9440:M 05 Aug 2026 06:48:30.011 * Background saving started by pid 12522
12522:C 05 Aug 2026 06:48:30.021 * DB saved on disk
12522:C 05 Aug 2026 06:48:30.021 * Fork CoW for RDB: current 0 MB, peak 0 MB, average 0 MB
9440:M 05 Aug 2026 06:48:30.112 * Background saving terminated with success
9440:M 05 Aug 2026 06:53:31.052 * 100 changes in 300 seconds. Saving...
9440:M 05 Aug 2026 06:53:31.055 * Background saving started by pid 12542
12542:C 05 Aug 2026 06:53:31.072 * DB saved on disk
12542:C 05 Aug 2026 06:53:31.073 * Fork CoW for RDB: current 0 MB, peak 0 MB, average 0 MB
9440:M 05 Aug 2026 06:53:31.156 * Background saving terminated with success
9440:M 05 Aug 2026 06:58:32.036 * 100 changes in 300 seconds. Saving...
9440:M 05 Aug 2026 06:58:32.038 * Background saving started by pid 12586
12586:C 05 Aug 2026 06:58:32.054 * DB saved on disk
12586:C 05 Aug 2026 06:58:32.055 * Fork CoW for RDB: current 0 MB, peak 0 MB, average 0 MB
9440:M 05 Aug 2026 06:58:32.139 * Background saving terminated with success
9440:M 05 Aug 2026 07:03:33.016 * 100 changes in 300 seconds. Saving...
9440:M 05 Aug 2026 07:03:33.017 * Background saving started by pid 12623
12623:C 05 Aug 2026 07:03:33.029 * DB saved on disk
12623:C 05 Aug 2026 07:03:33.029 * Fork CoW for RDB: current 0 MB, peak 0 MB, average 0 MB
9440:M 05 Aug 2026 07:03:33.118 * Background saving terminated with success
9440:M 05 Aug 2026 07:08:34.092 * 100 changes in 300 seconds. Saving...
9440:M 05 Aug 2026 07:08:34.093 * Background saving started by pid 12662
12662:C 05 Aug 2026 07:08:34.106 * DB saved on disk
12662:C 05 Aug 2026 07:08:34.106 * Fork CoW for RDB: current 0 MB, peak 0 MB, average 0 MB
9440:M 05 Aug 2026 07:08:34.195 * Background saving terminated with success
9440:M 05 Aug 2026 07:13:35.082 * 100 changes in 300 seconds. Saving...
9440:M 05 Aug 2026 07:13:35.087 * Background saving started by pid 12685
12685:C 05 Aug 2026 07:13:35.097 * DB saved on disk
12685:C 05 Aug 2026 07:13:35.098 * Fork CoW for RDB: current 0 MB, peak 0 MB, average 0 MB
9440:M 05 Aug 2026 07:13:35.188 * Background saving terminated with success
9440:M 05 Aug 2026 07:18:36.092 * 100 changes in 300 seconds. Saving...
9440:M 05 Aug 2026 07:18:36.096 * Background saving started by pid 12726
12726:C 05 Aug 2026 07:18:36.113 * DB saved on disk
12726:C 05 Aug 2026 07:18:36.114 * Fork CoW for RDB: current 0 MB, peak 0 MB, average 0 MB
9440:M 05 Aug 2026 07:18:36.197 * Background saving terminated with success
9440:M 05 Aug 2026 07:23:37.049 * 100 changes in 300 seconds. Saving...
9440:M 05 Aug 2026 07:23:37.196 * Background saving started by pid 12748
12748:C 05 Aug 2026 07:23:37.278 * DB saved on disk
12748:C 05 Aug 2026 07:23:37.279 * Fork CoW for RDB: current 0 MB, peak 0 MB, average 0 MB
9440:M 05 Aug 2026 07:23:37.298 * Background saving terminated with success
9440:M 05 Aug 2026 07:28:38.008 * 100 changes in 300 seconds. Saving...
9440:M 05 Aug 2026 07:28:38.009 * Background saving started by pid 12806
12806:C 05 Aug 2026 07:28:38.021 * DB saved on disk
12806:C 05 Aug 2026 07:28:38.022 * Fork CoW for RDB: current 0 MB, peak 0 MB, average 0 MB
9440:M 05 Aug 2026 07:28:38.110 * Background saving terminated with success
9440:M 05 Aug 2026 07:33:39.017 * 100 changes in 300 seconds. Saving...
9440:M 05 Aug 2026 07:33:39.020 * Background saving started by pid 13001
13001:C 05 Aug 2026 07:33:39.034 * DB saved on disk
13001:C 05 Aug 2026 07:33:39.034 * Fork CoW for RDB: current 0 MB, peak 0 MB, average 0 MB
9440:M 05 Aug 2026 07:33:39.122 * Background saving terminated with success
9440:M 05 Aug 2026 07:38:40.057 * 100 changes in 300 seconds. Saving...
9440:M 05 Aug 2026 07:38:40.059 * Background saving started by pid 13018
13018:C 05 Aug 2026 07:38:40.073 * DB saved on disk
13018:C 05 Aug 2026 07:38:40.073 * Fork CoW for RDB: current 0 MB, peak 0 MB, average 0 MB
9440:M 05 Aug 2026 07:38:40.160 * Background saving terminated with success
9440:M 05 Aug 2026 08:19:34.856 * 100 changes in 300 seconds. Saving...
9440:M 05 Aug 2026 08:19:35.377 * Background saving started by pid 13042
13042:C 05 Aug 2026 08:19:36.692 * DB saved on disk
13042:C 05 Aug 2026 08:19:36.693 * Fork CoW for RDB: current 1 MB, peak 1 MB, average 1 MB
9440:M 05 Aug 2026 08:19:36.792 * Background saving terminated with success
9440:M 05 Aug 2026 08:24:37.007 * 100 changes in 300 seconds. Saving...
9440:M 05 Aug 2026 08:24:37.009 * Background saving started by pid 13134
13134:C 05 Aug 2026 08:24:37.024 * DB saved on disk
13134:C 05 Aug 2026 08:24:37.025 * Fork CoW for RDB: current 0 MB, peak 0 MB, average 0 MB
9440:M 05 Aug 2026 08:24:37.111 * Background saving terminated with success
9440:M 05 Aug 2026 08:29:38.064 * 100 changes in 300 seconds. Saving...
9440:M 05 Aug 2026 08:29:38.066 * Background saving started by pid 13175
13175:C 05 Aug 2026 08:29:38.084 * DB saved on disk
13175:C 05 Aug 2026 08:29:38.085 * Fork CoW for RDB: current 0 MB, peak 0 MB, average 0 MB
9440:M 05 Aug 2026 08:29:38.167 * Background saving terminated with success
9440:M 05 Aug 2026 08:34:39.059 * 100 changes in 300 seconds. Saving...
9440:M 05 Aug 2026 08:34:39.075 * Background saving started by pid 13264
13264:C 05 Aug 2026 08:34:39.121 * DB saved on disk
13264:C 05 Aug 2026 08:34:39.122 * Fork CoW for RDB: current 0 MB, peak 0 MB, average 0 MB
9440:M 05 Aug 2026 08:34:39.177 * Background saving terminated with success
9440:M 05 Aug 2026 08:39:40.065 * 100 changes in 300 seconds. Saving...
9440:M 05 Aug 2026 08:39:40.066 * Background saving started by pid 13328
13328:C 05 Aug 2026 08:39:40.074 * DB saved on disk
13328:C 05 Aug 2026 08:39:40.075 * Fork CoW for RDB: current 0 MB, peak 0 MB, average 0 MB
9440:M 05 Aug 2026 08:39:40.167 * Background saving terminated with success
9440:M 05 Aug 2026 08:44:41.093 * 100 changes in 300 seconds. Saving...
9440:M 05 Aug 2026 08:44:41.099 * Background saving started by pid 13382
13382:C 05 Aug 2026 08:44:41.120 * DB saved on disk
13382:C 05 Aug 2026 08:44:41.121 * Fork CoW for RDB: current 0 MB, peak 0 MB, average 0 MB
9440:M 05 Aug 2026 08:44:41.200 * Background saving terminated with success
9440:M 05 Aug 2026 08:49:42.001 * 100 changes in 300 seconds. Saving...
9440:M 05 Aug 2026 08:49:42.003 * Background saving started by pid 13439
13439:C 05 Aug 2026 08:49:42.021 * DB saved on disk
13439:C 05 Aug 2026 08:49:42.023 * Fork CoW for RDB: current 0 MB, peak 0 MB, average 0 MB
9440:M 05 Aug 2026 08:49:42.104 * Background saving terminated with success
9440:M 05 Aug 2026 08:54:43.011 * 100 changes in 300 seconds. Saving...
9440:M 05 Aug 2026 08:54:43.013 * Background saving started by pid 13490
13490:C 05 Aug 2026 08:54:43.047 * DB saved on disk
13490:C 05 Aug 2026 08:54:43.048 * Fork CoW for RDB: current 0 MB, peak 0 MB, average 0 MB
9440:M 05 Aug 2026 08:54:43.114 * Background saving terminated with success
9440:M 05 Aug 2026 09:01:01.878 * 100 changes in 300 seconds. Saving...
9440:M 05 Aug 2026 09:01:02.279 * Background saving started by pid 13518
13518:C 05 Aug 2026 09:01:06.896 * DB saved on disk
13518:C 05 Aug 2026 09:01:06.897 * Fork CoW for RDB: current 1 MB, peak 1 MB, average 0 MB
9440:M 05 Aug 2026 09:01:07.996 * Background saving terminated with success
9440:M 05 Aug 2026 09:06:08.010 * 100 changes in 300 seconds. Saving...
9440:M 05 Aug 2026 09:06:08.018 * Background saving started by pid 13719
13719:C 05 Aug 2026 09:06:08.047 * DB saved on disk
13719:C 05 Aug 2026 09:06:08.048 * Fork CoW for RDB: current 0 MB, peak 0 MB, average 0 MB
9440:M 05 Aug 2026 09:06:08.120 * Background saving terminated with success
9440:M 05 Aug 2026 09:11:09.091 * 100 changes in 300 seconds. Saving...
9440:M 05 Aug 2026 09:11:09.093 * Background saving started by pid 14053
14053:C 05 Aug 2026 09:11:09.125 * DB saved on disk
14053:C 05 Aug 2026 09:11:09.127 * Fork CoW for RDB: current 0 MB, peak 0 MB, average 0 MB
9440:M 05 Aug 2026 09:11:09.195 * Background saving terminated with success
9440:M 05 Aug 2026 09:16:10.098 * 100 changes in 300 seconds. Saving...
9440:M 05 Aug 2026 09:16:10.101 * Background saving started by pid 14587
14587:C 05 Aug 2026 09:16:10.124 * DB saved on disk
14587:C 05 Aug 2026 09:16:10.125 * Fork CoW for RDB: current 0 MB, peak 0 MB, average 0 MB
9440:M 05 Aug 2026 09:16:10.203 * Background saving terminated with success
9440:M 05 Aug 2026 09:21:11.047 * 100 changes in 300 seconds. Saving...
9440:M 05 Aug 2026 09:21:11.058 * Background saving started by pid 15073
15073:C 05 Aug 2026 09:21:11.101 * DB saved on disk
15073:C 05 Aug 2026 09:21:11.102 * Fork CoW for RDB: current 0 MB, peak 0 MB, average 0 MB
9440:M 05 Aug 2026 09:21:11.159 * Background saving terminated with success
9440:M 05 Aug 2026 09:26:12.050 * 100 changes in 300 seconds. Saving...
9440:M 05 Aug 2026 09:26:12.052 * Background saving started by pid 15230
15230:C 05 Aug 2026 09:26:12.072 * DB saved on disk
15230:C 05 Aug 2026 09:26:12.073 * Fork CoW for RDB: current 0 MB, peak 0 MB, average 0 MB
9440:M 05 Aug 2026 09:26:12.153 * Background saving terminated with success
9440:M 05 Aug 2026 09:31:13.075 * 100 changes in 300 seconds. Saving...
9440:M 05 Aug 2026 09:31:13.077 * Background saving started by pid 15269
15269:C 05 Aug 2026 09:31:13.094 * DB saved on disk
15269:C 05 Aug 2026 09:31:13.095 * Fork CoW for RDB: current 0 MB, peak 0 MB, average 0 MB
9440:M 05 Aug 2026 09:31:13.178 * Background saving terminated with success
9440:M 05 Aug 2026 09:36:14.079 * 100 changes in 300 seconds. Saving...
9440:M 05 Aug 2026 09:36:14.080 * Background saving started by pid 15377
15377:C 05 Aug 2026 09:36:14.105 * DB saved on disk
15377:C 05 Aug 2026 09:36:14.106 * Fork CoW for RDB: current 0 MB, peak 0 MB, average 0 MB
9440:M 05 Aug 2026 09:36:14.182 * Background saving terminated with success
9440:M 05 Aug 2026 09:41:15.049 * 100 changes in 300 seconds. Saving...
9440:M 05 Aug 2026 09:41:15.050 * Background saving started by pid 15422
15422:C 05 Aug 2026 09:41:15.063 * DB saved on disk
15422:C 05 Aug 2026 09:41:15.063 * Fork CoW for RDB: current 0 MB, peak 0 MB, average 0 MB
9440:M 05 Aug 2026 09:41:15.151 * Background saving terminated with success
9440:M 05 Aug 2026 09:46:16.031 * 100 changes in 300 seconds. Saving...
9440:M 05 Aug 2026 09:46:16.033 * Background saving started by pid 15486
15486:C 05 Aug 2026 09:46:16.059 * DB saved on disk
15486:C 05 Aug 2026 09:46:16.060 * Fork CoW for RDB: current 0 MB, peak 0 MB, average 0 MB
9440:M 05 Aug 2026 09:46:16.134 * Background saving terminated with success
9440:M 05 Aug 2026 09:51:17.092 * 100 changes in 300 seconds. Saving...
9440:M 05 Aug 2026 09:51:17.093 * Background saving started by pid 15549
15549:C 05 Aug 2026 09:51:17.114 * DB saved on disk
15549:C 05 Aug 2026 09:51:17.115 * Fork CoW for RDB: current 0 MB, peak 0 MB, average 0 MB
9440:M 05 Aug 2026 09:51:17.194 * Background saving terminated with success
9440:M 05 Aug 2026 09:56:18.019 * 100 changes in 300 seconds. Saving...
9440:M 05 Aug 2026 09:56:18.021 * Background saving started by pid 15608
15608:C 05 Aug 2026 09:56:18.040 * DB saved on disk
15608:C 05 Aug 2026 09:56:18.042 * Fork CoW for RDB: current 0 MB, peak 0 MB, average 0 MB
9440:M 05 Aug 2026 09:56:18.123 * Background saving terminated with success
9440:M 05 Aug 2026 10:01:19.064 * 100 changes in 300 seconds. Saving...
9440:M 05 Aug 2026 10:01:19.066 * Background saving started by pid 15691
15691:C 05 Aug 2026 10:01:19.088 * DB saved on disk
15691:C 05 Aug 2026 10:01:19.090 * Fork CoW for RDB: current 0 MB, peak 0 MB, average 0 MB
9440:M 05 Aug 2026 10:01:19.167 * Background saving terminated with success
9440:M 05 Aug 2026 10:06:20.085 * 100 changes in 300 seconds. Saving...
9440:M 05 Aug 2026 10:06:20.089 * Background saving started by pid 15733
15733:C 05 Aug 2026 10:06:20.106 * DB saved on disk
15733:C 05 Aug 2026 10:06:20.108 * Fork CoW for RDB: current 0 MB, peak 0 MB, average 0 MB
9440:M 05 Aug 2026 10:06:20.190 * Background saving terminated with success
9440:M 05 Aug 2026 10:11:21.081 * 100 changes in 300 seconds. Saving...
9440:M 05 Aug 2026 10:11:21.120 * Background saving started by pid 16033
16033:C 05 Aug 2026 10:11:21.192 * DB saved on disk
16033:C 05 Aug 2026 10:11:21.194 * Fork CoW for RDB: current 0 MB, peak 0 MB, average 0 MB
9440:M 05 Aug 2026 10:11:21.222 * Background saving terminated with success
9440:M 05 Aug 2026 10:16:22.063 * 100 changes in 300 seconds. Saving...
9440:M 05 Aug 2026 10:16:22.779 * Background saving started by pid 16226
16226:C 05 Aug 2026 10:16:24.301 * DB saved on disk
16226:C 05 Aug 2026 10:16:24.303 * Fork CoW for RDB: current 1 MB, peak 1 MB, average 1 MB
9440:M 05 Aug 2026 10:16:24.394 * Background saving terminated with success
9440:M 05 Aug 2026 10:21:25.052 * 100 changes in 300 seconds. Saving...
9440:M 05 Aug 2026 10:21:25.055 * Background saving started by pid 23426
23426:C 05 Aug 2026 10:21:25.065 * DB saved on disk
23426:C 05 Aug 2026 10:21:25.066 * Fork CoW for RDB: current 0 MB, peak 0 MB, average 0 MB
9440:M 05 Aug 2026 10:21:25.156 * Background saving terminated with success
9440:M 05 Aug 2026 10:26:26.062 * 100 changes in 300 seconds. Saving...
9440:M 05 Aug 2026 10:26:26.066 * Background saving started by pid 23486
23486:C 05 Aug 2026 10:26:26.085 * DB saved on disk
23486:C 05 Aug 2026 10:26:26.086 * Fork CoW for RDB: current 0 MB, peak 0 MB, average 0 MB
9440:M 05 Aug 2026 10:26:26.168 * Background saving terminated with success
9440:M 05 Aug 2026 10:31:27.095 * 100 changes in 300 seconds. Saving...
9440:M 05 Aug 2026 10:31:27.097 * Background saving started by pid 23532
23532:C 05 Aug 2026 10:31:27.119 * DB saved on disk
23532:C 05 Aug 2026 10:31:27.120 * Fork CoW for RDB: current 0 MB, peak 0 MB, average 0 MB
9440:M 05 Aug 2026 10:31:27.198 * Background saving terminated with success
9440:M 05 Aug 2026 10:36:28.055 * 100 changes in 300 seconds. Saving...
9440:M 05 Aug 2026 10:36:28.060 * Background saving started by pid 23715
23715:C 05 Aug 2026 10:36:28.094 * DB saved on disk
23715:C 05 Aug 2026 10:36:28.096 * Fork CoW for RDB: current 0 MB, peak 0 MB, average 0 MB
9440:M 05 Aug 2026 10:36:28.162 * Background saving terminated with success
9440:M 05 Aug 2026 10:41:29.014 * 100 changes in 300 seconds. Saving...
9440:M 05 Aug 2026 10:41:29.016 * Background saving started by pid 23765
23765:C 05 Aug 2026 10:41:29.036 * DB saved on disk
23765:C 05 Aug 2026 10:41:29.038 * Fork CoW for RDB: current 0 MB, peak 0 MB, average 0 MB
9440:M 05 Aug 2026 10:41:29.117 * Background saving terminated with success
9440:M 05 Aug 2026 10:46:30.081 * 100 changes in 300 seconds. Saving...
9440:M 05 Aug 2026 10:46:30.083 * Background saving started by pid 23801
23801:C 05 Aug 2026 10:46:30.102 * DB saved on disk
23801:C 05 Aug 2026 10:46:30.104 * Fork CoW for RDB: current 0 MB, peak 0 MB, average 0 MB
9440:M 05 Aug 2026 10:46:30.185 * Background saving terminated with success
9440:M 05 Aug 2026 10:51:31.093 * 100 changes in 300 seconds. Saving...
9440:M 05 Aug 2026 10:51:31.095 * Background saving started by pid 23892
23892:C 05 Aug 2026 10:51:31.117 * DB saved on disk
23892:C 05 Aug 2026 10:51:31.118 * Fork CoW for RDB: current 0 MB, peak 0 MB, average 0 MB
9440:M 05 Aug 2026 10:51:31.196 * Background saving terminated with success
9440:M 05 Aug 2026 11:00:19.785 * 100 changes in 300 seconds. Saving...
9440:M 05 Aug 2026 11:00:19.785 * Background saving started by pid 23921
23921:C 05 Aug 2026 11:00:19.797 * DB saved on disk
23921:C 05 Aug 2026 11:00:19.798 * Fork CoW for RDB: current 1 MB, peak 1 MB, average 0 MB
9440:M 05 Aug 2026 11:00:19.886 * Background saving terminated with success
9440:M 05 Aug 2026 11:05:20.039 * 100 changes in 300 seconds. Saving...
9440:M 05 Aug 2026 11:05:20.047 * Background saving started by pid 23989
23989:C 05 Aug 2026 11:05:20.072 * DB saved on disk
23989:C 05 Aug 2026 11:05:20.073 * Fork CoW for RDB: current 0 MB, peak 0 MB, average 0 MB
9440:M 05 Aug 2026 11:05:20.148 * Background saving terminated with success
9440:M 05 Aug 2026 11:10:21.072 * 100 changes in 300 seconds. Saving...
9440:M 05 Aug 2026 11:10:21.078 * Background saving started by pid 24034
24034:C 05 Aug 2026 11:10:21.100 * DB saved on disk
24034:C 05 Aug 2026 11:10:21.101 * Fork CoW for RDB: current 0 MB, peak 0 MB, average 0 MB
9440:M 05 Aug 2026 11:10:21.179 * Background saving terminated with success
9440:M 05 Aug 2026 11:15:22.005 * 100 changes in 300 seconds. Saving...
9440:M 05 Aug 2026 11:15:22.009 * Background saving started by pid 24090
24090:C 05 Aug 2026 11:15:22.031 * DB saved on disk
24090:C 05 Aug 2026 11:15:22.033 * Fork CoW for RDB: current 0 MB, peak 0 MB, average 0 MB
9440:M 05 Aug 2026 11:15:22.110 * Background saving terminated with success
9440:M 05 Aug 2026 11:20:23.049 * 100 changes in 300 seconds. Saving...
9440:M 05 Aug 2026 11:20:23.059 * Background saving started by pid 24388
24388:C 05 Aug 2026 11:20:23.078 * DB saved on disk
24388:C 05 Aug 2026 11:20:23.079 * Fork CoW for RDB: current 0 MB, peak 0 MB, average 0 MB
9440:M 05 Aug 2026 11:20:23.161 * Background saving terminated with success
9440:M 05 Aug 2026 11:25:24.067 * 100 changes in 300 seconds. Saving...
9440:M 05 Aug 2026 11:25:24.070 * Background saving started by pid 24428
24428:C 05 Aug 2026 11:25:24.085 * DB saved on disk
24428:C 05 Aug 2026 11:25:24.087 * Fork CoW for RDB: current 0 MB, peak 0 MB, average 0 MB
9440:M 05 Aug 2026 11:25:24.171 * Background saving terminated with success
9440:M 05 Aug 2026 11:30:25.091 * 100 changes in 300 seconds. Saving...
9440:M 05 Aug 2026 11:30:25.092 * Background saving started by pid 24505
24505:C 05 Aug 2026 11:30:25.102 * DB saved on disk
24505:C 05 Aug 2026 11:30:25.103 * Fork CoW for RDB: current 0 MB, peak 0 MB, average 0 MB
9440:M 05 Aug 2026 11:30:25.193 * Background saving terminated with success
9440:M 05 Aug 2026 11:35:26.091 * 100 changes in 300 seconds. Saving...
9440:M 05 Aug 2026 11:35:26.094 * Background saving started by pid 24602
24602:C 05 Aug 2026 11:35:26.117 * DB saved on disk
24602:C 05 Aug 2026 11:35:26.119 * Fork CoW for RDB: current 0 MB, peak 0 MB, average 0 MB
9440:M 05 Aug 2026 11:35:26.195 * Background saving terminated with success
9440:M 05 Aug 2026 11:40:27.018 * 100 changes in 300 seconds. Saving...
9440:M 05 Aug 2026 11:40:27.020 * Background saving started by pid 24664
24664:C 05 Aug 2026 11:40:27.038 * DB saved on disk
24664:C 05 Aug 2026 11:40:27.039 * Fork CoW for RDB: current 0 MB, peak 0 MB, average 0 MB
9440:M 05 Aug 2026 11:40:27.122 * Background saving terminated with success
9440:M 05 Aug 2026 11:45:28.047 * 100 changes in 300 seconds. Saving...
9440:M 05 Aug 2026 11:45:28.048 * Background saving started by pid 24705
24705:C 05 Aug 2026 11:45:28.059 * DB saved on disk
24705:C 05 Aug 2026 11:45:28.060 * Fork CoW for RDB: current 0 MB, peak 0 MB, average 0 MB
9440:M 05 Aug 2026 11:45:28.149 * Background saving terminated with success
9440:M 05 Aug 2026 11:50:29.028 * 100 changes in 300 seconds. Saving...
9440:M 05 Aug 2026 11:50:29.028 * Background saving started by pid 24833
24833:C 05 Aug 2026 11:50:29.065 * DB saved on disk
24833:C 05 Aug 2026 11:50:29.066 * Fork CoW for RDB: current 0 MB, peak 0 MB, average 0 MB
9440:M 05 Aug 2026 11:50:29.129 * Background saving terminated with success
9440:M 05 Aug 2026 11:55:30.017 * 100 changes in 300 seconds. Saving...
9440:M 05 Aug 2026 11:55:30.017 * Background saving started by pid 24915
24915:C 05 Aug 2026 11:55:30.027 * DB saved on disk
24915:C 05 Aug 2026 11:55:30.028 * Fork CoW for RDB: current 0 MB, peak 0 MB, average 0 MB
9440:M 05 Aug 2026 11:55:30.118 * Background saving terminated with success
9440:M 05 Aug 2026 12:00:31.091 * 100 changes in 300 seconds. Saving...
9440:M 05 Aug 2026 12:00:31.093 * Background saving started by pid 25115
25115:C 05 Aug 2026 12:00:31.105 * DB saved on disk
25115:C 05 Aug 2026 12:00:31.106 * Fork CoW for RDB: current 0 MB, peak 0 MB, average 0 MB
9440:M 05 Aug 2026 12:00:31.193 * Background saving terminated with success
9440:M 05 Aug 2026 12:05:32.053 * 100 changes in 300 seconds. Saving...
9440:M 05 Aug 2026 12:05:32.054 * Background saving started by pid 25270
25270:C 05 Aug 2026 12:05:32.063 * DB saved on disk
25270:C 05 Aug 2026 12:05:32.063 * Fork CoW for RDB: current 0 MB, peak 0 MB, average 0 MB
9440:M 05 Aug 2026 12:05:32.155 * Background saving terminated with success
9440:M 05 Aug 2026 12:10:33.090 * 100 changes in 300 seconds. Saving...
9440:M 05 Aug 2026 12:10:33.091 * Background saving started by pid 25394
25394:C 05 Aug 2026 12:10:33.101 * DB saved on disk
25394:C 05 Aug 2026 12:10:33.101 * Fork CoW for RDB: current 0 MB, peak 0 MB, average 0 MB
9440:M 05 Aug 2026 12:10:33.191 * Background saving terminated with success
9440:M 05 Aug 2026 12:15:34.011 * 100 changes in 300 seconds. Saving...
9440:M 05 Aug 2026 12:15:34.023 * Background saving started by pid 25773
25773:C 05 Aug 2026 12:15:34.053 * DB saved on disk
25773:C 05 Aug 2026 12:15:34.054 * Fork CoW for RDB: current 0 MB, peak 0 MB, average 0 MB
9440:M 05 Aug 2026 12:15:34.124 * Background saving terminated with success
9440:M 05 Aug 2026 12:20:35.033 * 100 changes in 300 seconds. Saving...
9440:M 05 Aug 2026 12:20:35.034 * Background saving started by pid 26125
26125:C 05 Aug 2026 12:20:35.079 * DB saved on disk
26125:C 05 Aug 2026 12:20:35.080 * Fork CoW for RDB: current 0 MB, peak 0 MB, average 0 MB
9440:M 05 Aug 2026 12:20:35.135 * Background saving terminated with success
9440:M 05 Aug 2026 12:25:36.017 * 100 changes in 300 seconds. Saving...
9440:M 05 Aug 2026 12:25:36.017 * Background saving started by pid 26217
26217:C 05 Aug 2026 12:25:36.028 * DB saved on disk
26217:C 05 Aug 2026 12:25:36.028 * Fork CoW for RDB: current 0 MB, peak 0 MB, average 0 MB
9440:M 05 Aug 2026 12:25:36.118 * Background saving terminated with success
9440:M 05 Aug 2026 12:30:37.005 * 100 changes in 300 seconds. Saving...
9440:M 05 Aug 2026 12:30:37.006 * Background saving started by pid 26395
26395:C 05 Aug 2026 12:30:37.015 * DB saved on disk
26395:C 05 Aug 2026 12:30:37.016 * Fork CoW for RDB: current 0 MB, peak 0 MB, average 0 MB
9440:M 05 Aug 2026 12:30:37.107 * Background saving terminated with success
9440:M 05 Aug 2026 12:35:38.034 * 100 changes in 300 seconds. Saving...
9440:M 05 Aug 2026 12:35:38.044 * Background saving started by pid 26495
26495:C 05 Aug 2026 12:35:38.063 * DB saved on disk
26495:C 05 Aug 2026 12:35:38.063 * Fork CoW for RDB: current 0 MB, peak 0 MB, average 0 MB
9440:M 05 Aug 2026 12:35:38.145 * Background saving terminated with success
9440:M 05 Aug 2026 12:40:39.050 * 100 changes in 300 seconds. Saving...
9440:M 05 Aug 2026 12:40:39.061 * Background saving started by pid 26563
26563:C 05 Aug 2026 12:40:39.076 * DB saved on disk
26563:C 05 Aug 2026 12:40:39.077 * Fork CoW for RDB: current 0 MB, peak 0 MB, average 0 MB
9440:M 05 Aug 2026 12:40:39.162 * Background saving terminated with success
9440:M 05 Aug 2026 12:45:40.014 * 100 changes in 300 seconds. Saving...
9440:M 05 Aug 2026 12:45:40.015 * Background saving started by pid 26605
26605:C 05 Aug 2026 12:45:40.022 * DB saved on disk
26605:C 05 Aug 2026 12:45:40.023 * Fork CoW for RDB: current 0 MB, peak 0 MB, average 0 MB
9440:M 05 Aug 2026 12:45:40.116 * Background saving terminated with success
9440:M 05 Aug 2026 12:50:41.060 * 100 changes in 300 seconds. Saving...
9440:M 05 Aug 2026 12:50:41.062 * Background saving started by pid 26665
26665:C 05 Aug 2026 12:50:41.073 * DB saved on disk
26665:C 05 Aug 2026 12:50:41.074 * Fork CoW for RDB: current 0 MB, peak 0 MB, average 0 MB
9440:M 05 Aug 2026 12:50:41.163 * Background saving terminated with success
9440:M 05 Aug 2026 12:55:42.068 * 100 changes in 300 seconds. Saving...
9440:M 05 Aug 2026 12:55:42.070 * Background saving started by pid 26711
26711:C 05 Aug 2026 12:55:42.084 * DB saved on disk
26711:C 05 Aug 2026 12:55:42.084 * Fork CoW for RDB: current 0 MB, peak 0 MB, average 0 MB
9440:M 05 Aug 2026 12:55:42.171 * Background saving terminated with success
9440:M 05 Aug 2026 13:00:43.057 * 100 changes in 300 seconds. Saving...
9440:M 05 Aug 2026 13:00:43.058 * Background saving started by pid 26816
26816:C 05 Aug 2026 13:00:43.240 * DB saved on disk
26816:C 05 Aug 2026 13:00:43.240 * Fork CoW for RDB: current 1 MB, peak 1 MB, average 0 MB
9440:M 05 Aug 2026 13:00:43.259 * Background saving terminated with success
9440:M 05 Aug 2026 13:05:44.020 * 100 changes in 300 seconds. Saving...
9440:M 05 Aug 2026 13:05:44.022 * Background saving started by pid 26854
26854:C 05 Aug 2026 13:05:44.038 * DB saved on disk
26854:C 05 Aug 2026 13:05:44.038 * Fork CoW for RDB: current 0 MB, peak 0 MB, average 0 MB
9440:M 05 Aug 2026 13:05:44.123 * Background saving terminated with success
9440:M 05 Aug 2026 13:10:45.078 * 100 changes in 300 seconds. Saving...
9440:M 05 Aug 2026 13:10:45.080 * Background saving started by pid 26893
26893:C 05 Aug 2026 13:10:45.099 * DB saved on disk
26893:C 05 Aug 2026 13:10:45.101 * Fork CoW for RDB: current 0 MB, peak 0 MB, average 0 MB
9440:M 05 Aug 2026 13:10:45.182 * Background saving terminated with success
9440:M 05 Aug 2026 13:15:46.071 * 100 changes in 300 seconds. Saving...
9440:M 05 Aug 2026 13:15:46.074 * Background saving started by pid 26940
26940:C 05 Aug 2026 13:15:46.094 * DB saved on disk
26940:C 05 Aug 2026 13:15:46.095 * Fork CoW for RDB: current 0 MB, peak 0 MB, average 0 MB
9440:M 05 Aug 2026 13:15:46.176 * Background saving terminated with success
9440:M 05 Aug 2026 13:20:47.019 * 100 changes in 300 seconds. Saving...
9440:M 05 Aug 2026 13:20:47.020 * Background saving started by pid 27014
27014:C 05 Aug 2026 13:20:47.031 * DB saved on disk
27014:C 05 Aug 2026 13:20:47.032 * Fork CoW for RDB: current 0 MB, peak 0 MB, average 0 MB
9440:M 05 Aug 2026 13:20:47.121 * Background saving terminated with success
9440:M 05 Aug 2026 13:25:48.013 * 100 changes in 300 seconds. Saving...
9440:M 05 Aug 2026 13:25:48.013 * Background saving started by pid 27050
27050:C 05 Aug 2026 13:25:48.023 * DB saved on disk
27050:C 05 Aug 2026 13:25:48.024 * Fork CoW for RDB: current 0 MB, peak 0 MB, average 0 MB
9440:M 05 Aug 2026 13:25:48.114 * Background saving terminated with success
9440:M 05 Aug 2026 13:30:49.035 * 100 changes in 300 seconds. Saving...
9440:M 05 Aug 2026 13:30:49.036 * Background saving started by pid 27088
27088:C 05 Aug 2026 13:30:49.048 * DB saved on disk
27088:C 05 Aug 2026 13:30:49.049 * Fork CoW for RDB: current 0 MB, peak 0 MB, average 0 MB
9440:M 05 Aug 2026 13:30:49.137 * Background saving terminated with success
9440:M 05 Aug 2026 13:35:50.020 * 100 changes in 300 seconds. Saving...
9440:M 05 Aug 2026 13:35:50.021 * Background saving started by pid 27203
27203:C 05 Aug 2026 13:35:50.033 * DB saved on disk
27203:C 05 Aug 2026 13:35:50.034 * Fork CoW for RDB: current 0 MB, peak 0 MB, average 0 MB
9440:M 05 Aug 2026 13:35:50.121 * Background saving terminated with success
9440:M 05 Aug 2026 13:40:51.027 * 100 changes in 300 seconds. Saving...
9440:M 05 Aug 2026 13:40:51.028 * Background saving started by pid 27242
27242:C 05 Aug 2026 13:40:51.041 * DB saved on disk
27242:C 05 Aug 2026 13:40:51.041 * Fork CoW for RDB: current 0 MB, peak 0 MB, average 0 MB
9440:M 05 Aug 2026 13:40:51.129 * Background saving terminated with success
9440:M 05 Aug 2026 13:45:52.046 * 100 changes in 300 seconds. Saving...
9440:M 05 Aug 2026 13:45:52.047 * Background saving started by pid 27280
27280:C 05 Aug 2026 13:45:52.053 * DB saved on disk
27280:C 05 Aug 2026 13:45:52.053 * Fork CoW for RDB: current 0 MB, peak 0 MB, average 0 MB
9440:M 05 Aug 2026 13:45:52.148 * Background saving terminated with success
9440:signal-handler (1785937579) Received SIGTERM scheduling shutdown...
9440:M 05 Aug 2026 13:46:20.037 * User requested shutdown...
9440:M 05 Aug 2026 13:46:20.037 * Saving the final RDB snapshot before exiting.
9440:M 05 Aug 2026 13:46:20.043 * DB saved on disk
9440:M 05 Aug 2026 13:46:20.043 * Removing the pid file.
9440:M 05 Aug 2026 13:46:20.044 # Redis is now ready to exit, bye bye...
389:C 06 Aug 2026 05:31:34.602 # WARNING Memory overcommit must be enabled! Without it, a background save or replication may fail under low memory condition. Being disabled, it can also cause failures without low memory condition, see https://github.com/jemalloc/jemalloc/issues/1328. To fix this issue add 'vm.overcommit_memory = 1' to /etc/sysctl.conf and then reboot or run the command 'sysctl vm.overcommit_memory=1' for this to take effect.
389:C 06 Aug 2026 05:31:34.602 * oO0OoO0OoO0Oo Redis is starting oO0OoO0OoO0Oo
389:C 06 Aug 2026 05:31:34.602 * Redis version=8.0.5, bits=64, commit=00000000, modified=0, pid=389, just started
389:C 06 Aug 2026 05:31:34.602 * Configuration loaded
389:M 06 Aug 2026 05:31:34.602 * Increased maximum number of open files to 10032 (it was originally set to 1024).
389:M 06 Aug 2026 05:31:34.602 * monotonic clock: POSIX clock_gettime
389:M 06 Aug 2026 05:31:34.617 * Running mode=standalone, port=11001.
389:M 06 Aug 2026 05:31:34.618 * Server initialized
389:M 06 Aug 2026 05:31:34.631 * Loading RDB produced by version 8.0.5
389:M 06 Aug 2026 05:31:34.631 * RDB age 56714 seconds
389:M 06 Aug 2026 05:31:34.631 * RDB memory usage when created 1.51 Mb
389:M 06 Aug 2026 05:31:34.632 * Done loading RDB, keys loaded: 5, keys expired: 14.
389:M 06 Aug 2026 05:31:34.632 * DB loaded from disk: 0.014 seconds
389:M 06 Aug 2026 05:31:34.632 * Ready to accept connections tcp
389:M 06 Aug 2026 05:36:35.081 * 100 changes in 300 seconds. Saving...
389:M 06 Aug 2026 05:36:35.085 * Background saving started by pid 1317
1317:C 06 Aug 2026 05:36:35.100 * DB saved on disk
1317:C 06 Aug 2026 05:36:35.101 * Fork CoW for RDB: current 0 MB, peak 0 MB, average 0 MB
389:M 06 Aug 2026 05:36:35.186 * Background saving terminated with success
389:M 06 Aug 2026 05:41:36.015 * 100 changes in 300 seconds. Saving...
389:M 06 Aug 2026 05:41:36.016 * Background saving started by pid 1524
1524:C 06 Aug 2026 05:41:36.030 * DB saved on disk
1524:C 06 Aug 2026 05:41:36.030 * Fork CoW for RDB: current 0 MB, peak 0 MB, average 0 MB
389:M 06 Aug 2026 05:41:36.121 * Background saving terminated with success
389:signal-handler (1785995016) Received SIGTERM scheduling shutdown...
389:M 06 Aug 2026 05:43:36.348 * User requested shutdown...
389:M 06 Aug 2026 05:43:36.349 * Saving the final RDB snapshot before exiting.
389:M 06 Aug 2026 05:43:36.364 * DB saved on disk
389:M 06 Aug 2026 05:43:36.365 * Removing the pid file.
389:M 06 Aug 2026 05:43:36.365 # Redis is now ready to exit, bye bye...
1565:C 06 Aug 2026 05:43:37.385 # WARNING Memory overcommit must be enabled! Without it, a background save or replication may fail under low memory condition. Being disabled, it can also cause failures without low memory condition, see https://github.com/jemalloc/jemalloc/issues/1328. To fix this issue add 'vm.overcommit_memory = 1' to /etc/sysctl.conf and then reboot or run the command 'sysctl vm.overcommit_memory=1' for this to take effect.
1565:C 06 Aug 2026 05:43:37.385 * oO0OoO0OoO0Oo Redis is starting oO0OoO0OoO0Oo
1565:C 06 Aug 2026 05:43:37.385 * Redis version=8.0.5, bits=64, commit=00000000, modified=0, pid=1565, just started
1565:C 06 Aug 2026 05:43:37.385 * Configuration loaded
1565:M 06 Aug 2026 05:43:37.386 * Increased maximum number of open files to 10032 (it was originally set to 1024).
1565:M 06 Aug 2026 05:43:37.386 * monotonic clock: POSIX clock_gettime
1565:M 06 Aug 2026 05:43:37.387 * Running mode=standalone, port=11001.
1565:M 06 Aug 2026 05:43:37.389 * Server initialized
1565:M 06 Aug 2026 05:43:37.390 * Loading RDB produced by version 8.0.5
1565:M 06 Aug 2026 05:43:37.390 * RDB age 1 seconds
1565:M 06 Aug 2026 05:43:37.390 * RDB memory usage when created 1.56 Mb
1565:M 06 Aug 2026 05:43:37.391 * Done loading RDB, keys loaded: 22, keys expired: 0.
1565:M 06 Aug 2026 05:43:37.391 * DB loaded from disk: 0.002 seconds
1565:M 06 Aug 2026 05:43:37.391 * Ready to accept connections tcp
1565:M 06 Aug 2026 05:48:38.002 * 100 changes in 300 seconds. Saving...
1565:M 06 Aug 2026 05:48:38.006 * Background saving started by pid 1726
1726:C 06 Aug 2026 05:48:38.028 * DB saved on disk
1726:C 06 Aug 2026 05:48:38.029 * Fork CoW for RDB: current 0 MB, peak 0 MB, average 0 MB
1565:M 06 Aug 2026 05:48:38.107 * Background saving terminated with success
1565:signal-handler (1785995382) Received SIGTERM scheduling shutdown...
1565:M 06 Aug 2026 05:49:42.478 * User requested shutdown...
1565:M 06 Aug 2026 05:49:42.478 * Saving the final RDB snapshot before exiting.
1565:M 06 Aug 2026 05:49:42.622 * DB saved on disk
1565:M 06 Aug 2026 05:49:42.622 * Removing the pid file.
1565:M 06 Aug 2026 05:49:42.622 # Redis is now ready to exit, bye bye...
1749:C 06 Aug 2026 05:49:44.547 # WARNING Memory overcommit must be enabled! Without it, a background save or replication may fail under low memory condition. Being disabled, it can also cause failures without low memory condition, see https://github.com/jemalloc/jemalloc/issues/1328. To fix this issue add 'vm.overcommit_memory = 1' to /etc/sysctl.conf and then reboot or run the command 'sysctl vm.overcommit_memory=1' for this to take effect.
1749:C 06 Aug 2026 05:49:44.549 * oO0OoO0OoO0Oo Redis is starting oO0OoO0OoO0Oo
1749:C 06 Aug 2026 05:49:44.549 * Redis version=8.0.5, bits=64, commit=00000000, modified=0, pid=1749, just started
1749:C 06 Aug 2026 05:49:44.549 * Configuration loaded
1749:M 06 Aug 2026 05:49:44.555 * Increased maximum number of open files to 10032 (it was originally set to 1024).
1749:M 06 Aug 2026 05:49:44.555 * monotonic clock: POSIX clock_gettime
1749:M 06 Aug 2026 05:49:44.560 * Running mode=standalone, port=11001.
1749:M 06 Aug 2026 05:49:44.594 * Server initialized
1749:M 06 Aug 2026 05:49:44.594 * Loading RDB produced by version 8.0.5
1749:M 06 Aug 2026 05:49:44.594 * RDB age 2 seconds
1749:M 06 Aug 2026 05:49:44.594 * RDB memory usage when created 1.47 Mb
1749:M 06 Aug 2026 05:49:44.595 * Done loading RDB, keys loaded: 34, keys expired: 0.
1749:M 06 Aug 2026 05:49:44.595 * DB loaded from disk: 0.001 seconds
1749:M 06 Aug 2026 05:49:44.595 * Ready to accept connections tcp
1749:M 06 Aug 2026 05:54:45.026 * 100 changes in 300 seconds. Saving...
1749:M 06 Aug 2026 05:54:45.029 * Background saving started by pid 1926
1926:C 06 Aug 2026 05:54:45.050 * DB saved on disk
1926:C 06 Aug 2026 05:54:45.054 * Fork CoW for RDB: current 0 MB, peak 0 MB, average 0 MB
1749:M 06 Aug 2026 05:54:45.131 * Background saving terminated with success
1749:M 06 Aug 2026 05:59:46.007 * 100 changes in 300 seconds. Saving...
1749:M 06 Aug 2026 05:59:46.008 * Background saving started by pid 2000
2000:C 06 Aug 2026 05:59:46.025 * DB saved on disk
2000:C 06 Aug 2026 05:59:46.026 * Fork CoW for RDB: current 0 MB, peak 0 MB, average 0 MB
1749:M 06 Aug 2026 05:59:46.110 * Background saving terminated with success
1749:M 06 Aug 2026 06:04:47.091 * 100 changes in 300 seconds. Saving...
1749:M 06 Aug 2026 06:04:47.094 * Background saving started by pid 2130
2130:C 06 Aug 2026 06:04:47.109 * DB saved on disk
2130:C 06 Aug 2026 06:04:47.111 * Fork CoW for RDB: current 0 MB, peak 0 MB, average 0 MB
1749:M 06 Aug 2026 06:04:47.195 * Background saving terminated with success
1749:M 06 Aug 2026 06:09:48.088 * 100 changes in 300 seconds. Saving...
1749:M 06 Aug 2026 06:09:48.090 * Background saving started by pid 2180
2180:C 06 Aug 2026 06:09:48.110 * DB saved on disk
2180:C 06 Aug 2026 06:09:48.111 * Fork CoW for RDB: current 0 MB, peak 0 MB, average 0 MB
1749:M 06 Aug 2026 06:09:48.192 * Background saving terminated with success
1749:M 06 Aug 2026 06:14:49.089 * 100 changes in 300 seconds. Saving...
1749:M 06 Aug 2026 06:14:49.092 * Background saving started by pid 2241
2241:C 06 Aug 2026 06:14:49.116 * DB saved on disk
2241:C 06 Aug 2026 06:14:49.118 * Fork CoW for RDB: current 0 MB, peak 0 MB, average 0 MB
1749:M 06 Aug 2026 06:14:49.193 * Background saving terminated with success
1749:M 06 Aug 2026 06:19:50.097 * 100 changes in 300 seconds. Saving...
1749:M 06 Aug 2026 06:19:50.101 * Background saving started by pid 2310
2310:C 06 Aug 2026 06:19:50.110 * DB saved on disk
2310:C 06 Aug 2026 06:19:50.110 * Fork CoW for RDB: current 0 MB, peak 0 MB, average 0 MB
1749:M 06 Aug 2026 06:19:50.202 * Background saving terminated with success
1749:M 06 Aug 2026 06:24:51.041 * 100 changes in 300 seconds. Saving...
1749:M 06 Aug 2026 06:24:51.042 * Background saving started by pid 2370
2370:C 06 Aug 2026 06:24:51.081 * DB saved on disk
2370:C 06 Aug 2026 06:24:51.082 * Fork CoW for RDB: current 0 MB, peak 0 MB, average 0 MB
1749:M 06 Aug 2026 06:24:51.144 * Background saving terminated with success
1749:M 06 Aug 2026 06:29:52.033 * 100 changes in 300 seconds. Saving...
1749:M 06 Aug 2026 06:29:52.034 * Background saving started by pid 2961
2961:C 06 Aug 2026 06:29:52.043 * DB saved on disk
2961:C 06 Aug 2026 06:29:52.043 * Fork CoW for RDB: current 0 MB, peak 0 MB, average 0 MB
1749:M 06 Aug 2026 06:29:52.135 * Background saving terminated with success
1749:signal-handler (1785998048) Received SIGTERM scheduling shutdown...
1749:M 06 Aug 2026 06:34:08.957 * User requested shutdown...
1749:M 06 Aug 2026 06:34:08.957 * Saving the final RDB snapshot before exiting.
1749:M 06 Aug 2026 06:34:08.978 * DB saved on disk
1749:M 06 Aug 2026 06:34:08.978 * Removing the pid file.
1749:M 06 Aug 2026 06:34:08.981 # Redis is now ready to exit, bye bye...
372:C 06 Aug 2026 06:35:10.986 # WARNING Memory overcommit must be enabled! Without it, a background save or replication may fail under low memory condition. Being disabled, it can also cause failures without low memory condition, see https://github.com/jemalloc/jemalloc/issues/1328. To fix this issue add 'vm.overcommit_memory = 1' to /etc/sysctl.conf and then reboot or run the command 'sysctl vm.overcommit_memory=1' for this to take effect.
372:C 06 Aug 2026 06:35:10.987 * oO0OoO0OoO0Oo Redis is starting oO0OoO0OoO0Oo
372:C 06 Aug 2026 06:35:10.987 * Redis version=8.0.5, bits=64, commit=00000000, modified=0, pid=372, just started
372:C 06 Aug 2026 06:35:10.987 * Configuration loaded
372:M 06 Aug 2026 06:35:11.004 * Increased maximum number of open files to 10032 (it was originally set to 1024).
372:M 06 Aug 2026 06:35:11.004 * monotonic clock: POSIX clock_gettime
372:M 06 Aug 2026 06:35:11.033 * Running mode=standalone, port=11001.
372:M 06 Aug 2026 06:35:11.056 * Server initialized
372:M 06 Aug 2026 06:35:11.070 * Loading RDB produced by version 8.0.5
372:M 06 Aug 2026 06:35:11.070 * RDB age 63 seconds
372:M 06 Aug 2026 06:35:11.070 * RDB memory usage when created 1.60 Mb
372:M 06 Aug 2026 06:35:11.073 * Done loading RDB, keys loaded: 49, keys expired: 2.
372:M 06 Aug 2026 06:35:11.073 * DB loaded from disk: 0.017 seconds
372:M 06 Aug 2026 06:35:11.073 * Ready to accept connections tcp
372:M 06 Aug 2026 06:40:12.077 * 100 changes in 300 seconds. Saving...
372:M 06 Aug 2026 06:40:12.111 * Background saving started by pid 1209
1209:C 06 Aug 2026 06:40:12.180 * DB saved on disk
1209:C 06 Aug 2026 06:40:12.183 * Fork CoW for RDB: current 0 MB, peak 0 MB, average 0 MB
372:M 06 Aug 2026 06:40:12.213 * Background saving terminated with success
372:signal-handler (1785998473) Received SIGTERM scheduling shutdown...
372:M 06 Aug 2026 06:41:13.344 * User requested shutdown...
372:M 06 Aug 2026 06:41:13.344 * Saving the final RDB snapshot before exiting.
372:M 06 Aug 2026 06:41:13.361 * DB saved on disk
372:M 06 Aug 2026 06:41:13.361 * Removing the pid file.
372:M 06 Aug 2026 06:41:13.361 # Redis is now ready to exit, bye bye...
369:C 06 Aug 2026 06:41:30.447 # WARNING Memory overcommit must be enabled! Without it, a background save or replication may fail under low memory condition. Being disabled, it can also cause failures without low memory condition, see https://github.com/jemalloc/jemalloc/issues/1328. To fix this issue add 'vm.overcommit_memory = 1' to /etc/sysctl.conf and then reboot or run the command 'sysctl vm.overcommit_memory=1' for this to take effect.
369:C 06 Aug 2026 06:41:30.447 * oO0OoO0OoO0Oo Redis is starting oO0OoO0OoO0Oo
369:C 06 Aug 2026 06:41:30.447 * Redis version=8.0.5, bits=64, commit=00000000, modified=0, pid=369, just started
369:C 06 Aug 2026 06:41:30.447 * Configuration loaded
369:M 06 Aug 2026 06:41:30.448 * Increased maximum number of open files to 10032 (it was originally set to 1024).
369:M 06 Aug 2026 06:41:30.448 * monotonic clock: POSIX clock_gettime
369:M 06 Aug 2026 06:41:30.449 * Running mode=standalone, port=11001.
369:M 06 Aug 2026 06:41:30.511 * Server initialized
369:M 06 Aug 2026 06:41:30.519 * Loading RDB produced by version 8.0.5
369:M 06 Aug 2026 06:41:30.519 * RDB age 17 seconds
369:M 06 Aug 2026 06:41:30.519 * RDB memory usage when created 1.49 Mb
369:M 06 Aug 2026 06:41:30.519 * Done loading RDB, keys loaded: 51, keys expired: 0.
369:M 06 Aug 2026 06:41:30.519 * DB loaded from disk: 0.008 seconds
369:M 06 Aug 2026 06:41:30.519 * Ready to accept connections tcp
369:signal-handler (1785998669) Received SIGTERM scheduling shutdown...
369:M 06 Aug 2026 06:44:29.474 * User requested shutdown...
369:M 06 Aug 2026 06:44:29.474 * Saving the final RDB snapshot before exiting.
369:M 06 Aug 2026 06:44:29.483 * DB saved on disk
369:M 06 Aug 2026 06:44:29.483 * Removing the pid file.
369:M 06 Aug 2026 06:44:29.483 # Redis is now ready to exit, bye bye...
374:C 06 Aug 2026 06:46:33.774 # WARNING Memory overcommit must be enabled! Without it, a background save or replication may fail under low memory condition. Being disabled, it can also cause failures without low memory condition, see https://github.com/jemalloc/jemalloc/issues/1328. To fix this issue add 'vm.overcommit_memory = 1' to /etc/sysctl.conf and then reboot or run the command 'sysctl vm.overcommit_memory=1' for this to take effect.
374:C 06 Aug 2026 06:46:33.787 * oO0OoO0OoO0Oo Redis is starting oO0OoO0OoO0Oo
374:C 06 Aug 2026 06:46:33.787 * Redis version=8.0.5, bits=64, commit=00000000, modified=0, pid=374, just started
374:C 06 Aug 2026 06:46:33.787 * Configuration loaded
374:M 06 Aug 2026 06:46:33.788 * Increased maximum number of open files to 10032 (it was originally set to 1024).
374:M 06 Aug 2026 06:46:33.788 * monotonic clock: POSIX clock_gettime
374:M 06 Aug 2026 06:46:33.801 * Running mode=standalone, port=11001.
374:M 06 Aug 2026 06:46:34.215 * Server initialized
374:M 06 Aug 2026 06:46:34.218 * Loading RDB produced by version 8.0.5
374:M 06 Aug 2026 06:46:34.218 * RDB age 125 seconds
374:M 06 Aug 2026 06:46:34.218 * RDB memory usage when created 1.13 Mb
374:M 06 Aug 2026 06:46:34.218 * Done loading RDB, keys loaded: 17, keys expired: 2.
374:M 06 Aug 2026 06:46:34.218 * DB loaded from disk: 0.003 seconds
374:M 06 Aug 2026 06:46:34.218 * Ready to accept connections tcp
374:M 06 Aug 2026 06:56:20.775 * 100 changes in 300 seconds. Saving...
374:M 06 Aug 2026 06:56:20.780 * Background saving started by pid 1865
1865:C 06 Aug 2026 06:56:20.826 * DB saved on disk
1865:C 06 Aug 2026 06:56:20.828 * Fork CoW for RDB: current 0 MB, peak 0 MB, average 0 MB
374:M 06 Aug 2026 06:56:20.882 * Background saving terminated with success
374:M 06 Aug 2026 07:01:21.017 * 100 changes in 300 seconds. Saving...
374:M 06 Aug 2026 07:01:21.018 * Background saving started by pid 2002
2002:C 06 Aug 2026 07:01:21.028 * DB saved on disk
2002:C 06 Aug 2026 07:01:21.029 * Fork CoW for RDB: current 0 MB, peak 0 MB, average 0 MB
374:M 06 Aug 2026 07:01:21.119 * Background saving terminated with success
374:M 06 Aug 2026 07:06:22.036 * 100 changes in 300 seconds. Saving...
374:M 06 Aug 2026 07:06:22.038 * Background saving started by pid 2112
2112:C 06 Aug 2026 07:06:22.050 * DB saved on disk
2112:C 06 Aug 2026 07:06:22.050 * Fork CoW for RDB: current 0 MB, peak 0 MB, average 0 MB
374:M 06 Aug 2026 07:06:22.139 * Background saving terminated with success
374:M 06 Aug 2026 07:11:23.079 * 100 changes in 300 seconds. Saving...
374:M 06 Aug 2026 07:11:23.081 * Background saving started by pid 2171
2171:C 06 Aug 2026 07:11:23.096 * DB saved on disk
2171:C 06 Aug 2026 07:11:23.097 * Fork CoW for RDB: current 0 MB, peak 0 MB, average 0 MB
374:M 06 Aug 2026 07:11:23.182 * Background saving terminated with success
374:M 06 Aug 2026 07:16:24.074 * 100 changes in 300 seconds. Saving...
374:M 06 Aug 2026 07:16:24.076 * Background saving started by pid 2253
2253:C 06 Aug 2026 07:16:24.094 * DB saved on disk
2253:C 06 Aug 2026 07:16:24.095 * Fork CoW for RDB: current 0 MB, peak 0 MB, average 0 MB
374:M 06 Aug 2026 07:16:24.177 * Background saving terminated with success
374:M 06 Aug 2026 07:21:25.946 * 100 changes in 300 seconds. Saving...
374:M 06 Aug 2026 07:21:25.997 * Background saving started by pid 2339
2339:C 06 Aug 2026 07:21:26.675 * DB saved on disk
2339:C 06 Aug 2026 07:21:26.677 * Fork CoW for RDB: current 1 MB, peak 1 MB, average 0 MB
374:M 06 Aug 2026 07:21:26.725 * Background saving terminated with success
374:M 06 Aug 2026 07:26:27.076 * 100 changes in 300 seconds. Saving...
374:M 06 Aug 2026 07:26:27.077 * Background saving started by pid 2388
2388:C 06 Aug 2026 07:26:27.085 * DB saved on disk
2388:C 06 Aug 2026 07:26:27.086 * Fork CoW for RDB: current 0 MB, peak 0 MB, average 0 MB
374:M 06 Aug 2026 07:26:27.177 * Background saving terminated with success
374:M 06 Aug 2026 07:31:28.098 * 100 changes in 300 seconds. Saving...
374:M 06 Aug 2026 07:31:28.102 * Background saving started by pid 2517
2517:C 06 Aug 2026 07:31:28.114 * DB saved on disk
2517:C 06 Aug 2026 07:31:28.115 * Fork CoW for RDB: current 0 MB, peak 0 MB, average 0 MB
374:M 06 Aug 2026 07:31:28.203 * Background saving terminated with success
374:M 06 Aug 2026 07:58:35.228 * 100 changes in 300 seconds. Saving...
374:M 06 Aug 2026 07:58:35.229 * Background saving started by pid 2645
2645:C 06 Aug 2026 07:58:35.279 * DB saved on disk
2645:C 06 Aug 2026 07:58:35.280 * Fork CoW for RDB: current 0 MB, peak 0 MB, average 0 MB
374:M 06 Aug 2026 07:58:35.330 * Background saving terminated with success
374:M 06 Aug 2026 08:05:09.490 * 100 changes in 300 seconds. Saving...
374:M 06 Aug 2026 08:05:09.492 * Background saving started by pid 2714
2714:C 06 Aug 2026 08:05:09.504 * DB saved on disk
2714:C 06 Aug 2026 08:05:09.505 * Fork CoW for RDB: current 0 MB, peak 0 MB, average 0 MB
374:M 06 Aug 2026 08:05:09.593 * Background saving terminated with success
374:signal-handler (1786003807) Received SIGTERM scheduling shutdown...
374:M 06 Aug 2026 08:10:07.408 * User requested shutdown...
374:M 06 Aug 2026 08:10:07.408 * Saving the final RDB snapshot before exiting.
374:M 06 Aug 2026 08:10:07.435 * DB saved on disk
374:M 06 Aug 2026 08:10:07.435 * Removing the pid file.
374:M 06 Aug 2026 08:10:07.435 # Redis is now ready to exit, bye bye...
2011:C 06 Aug 2026 09:22:52.524 # WARNING Memory overcommit must be enabled! Without it, a background save or replication may fail under low memory condition. Being disabled, it can also cause failures without low memory condition, see https://github.com/jemalloc/jemalloc/issues/1328. To fix this issue add 'vm.overcommit_memory = 1' to /etc/sysctl.conf and then reboot or run the command 'sysctl vm.overcommit_memory=1' for this to take effect.
2011:C 06 Aug 2026 09:22:52.524 * oO0OoO0OoO0Oo Redis is starting oO0OoO0OoO0Oo
2011:C 06 Aug 2026 09:22:52.524 * Redis version=8.0.5, bits=64, commit=00000000, modified=0, pid=2011, just started
2011:C 06 Aug 2026 09:22:52.524 * Configuration loaded
2011:M 06 Aug 2026 09:22:52.535 * Increased maximum number of open files to 10032 (it was originally set to 1024).
2011:M 06 Aug 2026 09:22:52.535 * monotonic clock: POSIX clock_gettime
2011:M 06 Aug 2026 09:22:52.559 * Running mode=standalone, port=11001.
2011:M 06 Aug 2026 09:22:52.821 * Server initialized
2011:M 06 Aug 2026 09:22:52.829 * Loading RDB produced by version 8.0.5
2011:M 06 Aug 2026 09:22:52.829 * RDB age 4365 seconds
2011:M 06 Aug 2026 09:22:52.829 * RDB memory usage when created 1.54 Mb
2011:M 06 Aug 2026 09:22:52.830 * Done loading RDB, keys loaded: 4, keys expired: 26.
2011:M 06 Aug 2026 09:22:52.830 * DB loaded from disk: 0.009 seconds
2011:M 06 Aug 2026 09:22:52.830 * Ready to accept connections tcp
2011:M 06 Aug 2026 09:27:53.077 * 100 changes in 300 seconds. Saving...
2011:M 06 Aug 2026 09:27:53.082 * Background saving started by pid 2909
2909:C 06 Aug 2026 09:27:53.091 * DB saved on disk
2909:C 06 Aug 2026 09:27:53.092 * Fork CoW for RDB: current 0 MB, peak 0 MB, average 0 MB
2011:M 06 Aug 2026 09:27:53.183 * Background saving terminated with success
2011:M 06 Aug 2026 09:32:54.034 * 100 changes in 300 seconds. Saving...
2011:M 06 Aug 2026 09:32:54.037 * Background saving started by pid 3130
3130:C 06 Aug 2026 09:32:54.051 * DB saved on disk
3130:C 06 Aug 2026 09:32:54.056 * Fork CoW for RDB: current 0 MB, peak 0 MB, average 0 MB
2011:M 06 Aug 2026 09:32:54.138 * Background saving terminated with success
2011:M 06 Aug 2026 09:37:55.011 * 100 changes in 300 seconds. Saving...
2011:M 06 Aug 2026 09:37:55.012 * Background saving started by pid 3227
3227:C 06 Aug 2026 09:37:55.028 * DB saved on disk
3227:C 06 Aug 2026 09:37:55.029 * Fork CoW for RDB: current 0 MB, peak 0 MB, average 0 MB
2011:M 06 Aug 2026 09:37:55.113 * Background saving terminated with success
2011:M 06 Aug 2026 09:42:56.073 * 100 changes in 300 seconds. Saving...
2011:M 06 Aug 2026 09:42:56.074 * Background saving started by pid 3452
3452:C 06 Aug 2026 09:42:56.087 * DB saved on disk
3452:C 06 Aug 2026 09:42:56.088 * Fork CoW for RDB: current 0 MB, peak 0 MB, average 0 MB
2011:M 06 Aug 2026 09:42:56.175 * Background saving terminated with success
2011:M 06 Aug 2026 09:47:57.096 * 100 changes in 300 seconds. Saving...
2011:M 06 Aug 2026 09:47:57.097 * Background saving started by pid 3492
3492:C 06 Aug 2026 09:47:57.125 * DB saved on disk
3492:C 06 Aug 2026 09:47:57.126 * Fork CoW for RDB: current 0 MB, peak 0 MB, average 0 MB
2011:M 06 Aug 2026 09:47:57.197 * Background saving terminated with success
2011:M 06 Aug 2026 09:52:58.024 * 100 changes in 300 seconds. Saving...
2011:M 06 Aug 2026 09:52:58.026 * Background saving started by pid 3620
3620:C 06 Aug 2026 09:52:58.045 * DB saved on disk
3620:C 06 Aug 2026 09:52:58.046 * Fork CoW for RDB: current 0 MB, peak 0 MB, average 0 MB
2011:M 06 Aug 2026 09:52:58.127 * Background saving terminated with success
2011:M 06 Aug 2026 09:57:59.012 * 100 changes in 300 seconds. Saving...
2011:M 06 Aug 2026 09:57:59.014 * Background saving started by pid 3799
3799:C 06 Aug 2026 09:57:59.028 * DB saved on disk
3799:C 06 Aug 2026 09:57:59.029 * Fork CoW for RDB: current 0 MB, peak 0 MB, average 0 MB
2011:M 06 Aug 2026 09:57:59.116 * Background saving terminated with success
2011:M 06 Aug 2026 10:03:00.014 * 100 changes in 300 seconds. Saving...
2011:M 06 Aug 2026 10:03:00.019 * Background saving started by pid 3858
3858:C 06 Aug 2026 10:03:00.031 * DB saved on disk
3858:C 06 Aug 2026 10:03:00.032 * Fork CoW for RDB: current 0 MB, peak 0 MB, average 0 MB
2011:M 06 Aug 2026 10:03:00.120 * Background saving terminated with success
2011:M 06 Aug 2026 10:08:01.000 * 100 changes in 300 seconds. Saving...
2011:M 06 Aug 2026 10:08:01.001 * Background saving started by pid 3903
3903:C 06 Aug 2026 10:08:01.009 * DB saved on disk
3903:C 06 Aug 2026 10:08:01.010 * Fork CoW for RDB: current 0 MB, peak 0 MB, average 0 MB
2011:M 06 Aug 2026 10:08:01.101 * Background saving terminated with success
2011:M 06 Aug 2026 10:13:02.048 * 100 changes in 300 seconds. Saving...
2011:M 06 Aug 2026 10:13:02.049 * Background saving started by pid 3962
3962:C 06 Aug 2026 10:13:02.057 * DB saved on disk
3962:C 06 Aug 2026 10:13:02.057 * Fork CoW for RDB: current 0 MB, peak 0 MB, average 0 MB
2011:M 06 Aug 2026 10:13:02.150 * Background saving terminated with success
2011:M 06 Aug 2026 10:18:03.074 * 100 changes in 300 seconds. Saving...
2011:M 06 Aug 2026 10:18:03.077 * Background saving started by pid 4039
4039:C 06 Aug 2026 10:18:03.086 * DB saved on disk
4039:C 06 Aug 2026 10:18:03.087 * Fork CoW for RDB: current 0 MB, peak 0 MB, average 0 MB
2011:M 06 Aug 2026 10:18:03.178 * Background saving terminated with success
2011:M 06 Aug 2026 10:23:04.088 * 100 changes in 300 seconds. Saving...
2011:M 06 Aug 2026 10:23:04.090 * Background saving started by pid 4112
4112:C 06 Aug 2026 10:23:04.101 * DB saved on disk
4112:C 06 Aug 2026 10:23:04.102 * Fork CoW for RDB: current 0 MB, peak 0 MB, average 0 MB
2011:M 06 Aug 2026 10:23:04.191 * Background saving terminated with success
2011:M 06 Aug 2026 10:28:05.031 * 100 changes in 300 seconds. Saving...
2011:M 06 Aug 2026 10:28:05.032 * Background saving started by pid 4207
4207:C 06 Aug 2026 10:28:05.045 * DB saved on disk
4207:C 06 Aug 2026 10:28:05.045 * Fork CoW for RDB: current 0 MB, peak 0 MB, average 0 MB
2011:M 06 Aug 2026 10:28:05.133 * Background saving terminated with success
2011:M 06 Aug 2026 10:33:06.031 * 100 changes in 300 seconds. Saving...
2011:M 06 Aug 2026 10:33:06.033 * Background saving started by pid 4310
4310:C 06 Aug 2026 10:33:06.055 * DB saved on disk
4310:C 06 Aug 2026 10:33:06.056 * Fork CoW for RDB: current 0 MB, peak 0 MB, average 0 MB
2011:M 06 Aug 2026 10:33:06.134 * Background saving terminated with success
2011:M 06 Aug 2026 10:38:07.000 * 100 changes in 300 seconds. Saving...
2011:M 06 Aug 2026 10:38:07.004 * Background saving started by pid 4356
4356:C 06 Aug 2026 10:38:07.033 * DB saved on disk
4356:C 06 Aug 2026 10:38:07.034 * Fork CoW for RDB: current 0 MB, peak 0 MB, average 0 MB
2011:M 06 Aug 2026 10:38:07.105 * Background saving terminated with success
2011:M 06 Aug 2026 10:43:08.069 * 100 changes in 300 seconds. Saving...
2011:M 06 Aug 2026 10:43:08.078 * Background saving started by pid 4410
4410:C 06 Aug 2026 10:43:08.108 * DB saved on disk
4410:C 06 Aug 2026 10:43:08.109 * Fork CoW for RDB: current 0 MB, peak 0 MB, average 0 MB
2011:M 06 Aug 2026 10:43:08.179 * Background saving terminated with success
2011:M 06 Aug 2026 10:48:09.029 * 100 changes in 300 seconds. Saving...
2011:M 06 Aug 2026 10:48:09.031 * Background saving started by pid 4482
4482:C 06 Aug 2026 10:48:09.046 * DB saved on disk
4482:C 06 Aug 2026 10:48:09.048 * Fork CoW for RDB: current 0 MB, peak 0 MB, average 0 MB
2011:M 06 Aug 2026 10:48:09.132 * Background saving terminated with success
2011:M 06 Aug 2026 10:53:10.048 * 100 changes in 300 seconds. Saving...
2011:M 06 Aug 2026 10:53:10.051 * Background saving started by pid 4527
4527:C 06 Aug 2026 10:53:10.071 * DB saved on disk
4527:C 06 Aug 2026 10:53:10.073 * Fork CoW for RDB: current 0 MB, peak 0 MB, average 0 MB
2011:M 06 Aug 2026 10:53:10.152 * Background saving terminated with success
2011:M 06 Aug 2026 10:58:11.080 * 100 changes in 300 seconds. Saving...
2011:M 06 Aug 2026 10:58:11.081 * Background saving started by pid 4595
4595:C 06 Aug 2026 10:58:11.104 * DB saved on disk
4595:C 06 Aug 2026 10:58:11.106 * Fork CoW for RDB: current 0 MB, peak 0 MB, average 0 MB
2011:M 06 Aug 2026 10:58:11.182 * Background saving terminated with success
2011:M 06 Aug 2026 11:03:12.017 * 100 changes in 300 seconds. Saving...
2011:M 06 Aug 2026 11:03:12.018 * Background saving started by pid 4659
4659:C 06 Aug 2026 11:03:12.033 * DB saved on disk
4659:C 06 Aug 2026 11:03:12.034 * Fork CoW for RDB: current 0 MB, peak 0 MB, average 0 MB
2011:M 06 Aug 2026 11:03:12.120 * Background saving terminated with success
2011:M 06 Aug 2026 11:08:13.016 * 100 changes in 300 seconds. Saving...
2011:M 06 Aug 2026 11:08:13.018 * Background saving started by pid 4719
4719:C 06 Aug 2026 11:08:13.033 * DB saved on disk
4719:C 06 Aug 2026 11:08:13.034 * Fork CoW for RDB: current 0 MB, peak 0 MB, average 0 MB
2011:M 06 Aug 2026 11:08:13.119 * Background saving terminated with success
2011:M 06 Aug 2026 11:13:14.028 * 100 changes in 300 seconds. Saving...
2011:M 06 Aug 2026 11:13:14.034 * Background saving started by pid 4765
4765:C 06 Aug 2026 11:13:14.045 * DB saved on disk
4765:C 06 Aug 2026 11:13:14.046 * Fork CoW for RDB: current 0 MB, peak 0 MB, average 0 MB
2011:M 06 Aug 2026 11:13:14.136 * Background saving terminated with success
2011:signal-handler (1786015030) Received SIGTERM scheduling shutdown...
2011:M 06 Aug 2026 11:17:10.461 * User requested shutdown...
2011:M 06 Aug 2026 11:17:10.461 * Saving the final RDB snapshot before exiting.
2011:M 06 Aug 2026 11:17:10.470 * DB saved on disk
2011:M 06 Aug 2026 11:17:10.470 * Removing the pid file.
2011:M 06 Aug 2026 11:17:10.471 # Redis is now ready to exit, bye bye...
377:C 07 Aug 2026 05:09:29.344 # WARNING Memory overcommit must be enabled! Without it, a background save or replication may fail under low memory condition. Being disabled, it can also cause failures without low memory condition, see https://github.com/jemalloc/jemalloc/issues/1328. To fix this issue add 'vm.overcommit_memory = 1' to /etc/sysctl.conf and then reboot or run the command 'sysctl vm.overcommit_memory=1' for this to take effect.
377:C 07 Aug 2026 05:09:29.362 * oO0OoO0OoO0Oo Redis is starting oO0OoO0OoO0Oo
377:C 07 Aug 2026 05:09:29.362 * Redis version=8.0.5, bits=64, commit=00000000, modified=0, pid=377, just started
377:C 07 Aug 2026 05:09:29.362 * Configuration loaded
377:M 07 Aug 2026 05:09:29.367 * Increased maximum number of open files to 10032 (it was originally set to 1024).
377:M 07 Aug 2026 05:09:29.367 * monotonic clock: POSIX clock_gettime
377:M 07 Aug 2026 05:09:29.430 * Running mode=standalone, port=11001.
377:M 07 Aug 2026 05:09:29.773 * Server initialized
377:M 07 Aug 2026 05:09:29.776 * Loading RDB produced by version 8.0.5
377:M 07 Aug 2026 05:09:29.776 * RDB age 64339 seconds
377:M 07 Aug 2026 05:09:29.776 * RDB memory usage when created 1.52 Mb
377:M 07 Aug 2026 05:09:29.793 * Done loading RDB, keys loaded: 4, keys expired: 26.
377:M 07 Aug 2026 05:09:29.794 * DB loaded from disk: 0.020 seconds
377:M 07 Aug 2026 05:09:29.794 * Ready to accept connections tcp
377:M 07 Aug 2026 05:14:30.073 * 100 changes in 300 seconds. Saving...
377:M 07 Aug 2026 05:14:30.079 * Background saving started by pid 1771
1771:C 07 Aug 2026 05:14:30.093 * DB saved on disk
1771:C 07 Aug 2026 05:14:30.094 * Fork CoW for RDB: current 0 MB, peak 0 MB, average 0 MB
377:M 07 Aug 2026 05:14:30.183 * Background saving terminated with success
377:M 07 Aug 2026 05:19:31.066 * 100 changes in 300 seconds. Saving...
377:M 07 Aug 2026 05:19:31.068 * Background saving started by pid 1897
1897:C 07 Aug 2026 05:19:31.083 * DB saved on disk
1897:C 07 Aug 2026 05:19:31.083 * Fork CoW for RDB: current 0 MB, peak 0 MB, average 0 MB
377:M 07 Aug 2026 05:19:31.169 * Background saving terminated with success
377:M 07 Aug 2026 05:24:32.096 * 100 changes in 300 seconds. Saving...
377:M 07 Aug 2026 05:24:32.097 * Background saving started by pid 1977
1977:C 07 Aug 2026 05:24:32.115 * DB saved on disk
1977:C 07 Aug 2026 05:24:32.116 * Fork CoW for RDB: current 0 MB, peak 0 MB, average 0 MB
377:M 07 Aug 2026 05:24:32.198 * Background saving terminated with success
377:M 07 Aug 2026 05:29:33.055 * 100 changes in 300 seconds. Saving...
377:M 07 Aug 2026 05:29:33.056 * Background saving started by pid 2041
2041:C 07 Aug 2026 05:29:33.062 * DB saved on disk
2041:C 07 Aug 2026 05:29:33.063 * Fork CoW for RDB: current 0 MB, peak 0 MB, average 0 MB
377:M 07 Aug 2026 05:29:33.156 * Background saving terminated with success
377:M 07 Aug 2026 05:34:34.100 * 100 changes in 300 seconds. Saving...
377:M 07 Aug 2026 05:34:34.101 * Background saving started by pid 2157
2157:C 07 Aug 2026 05:34:34.118 * DB saved on disk
2157:C 07 Aug 2026 05:34:34.119 * Fork CoW for RDB: current 0 MB, peak 0 MB, average 0 MB
377:M 07 Aug 2026 05:34:34.203 * Background saving terminated with success
377:M 07 Aug 2026 05:39:35.007 * 100 changes in 300 seconds. Saving...
377:M 07 Aug 2026 05:39:35.045 * Background saving started by pid 2303
2303:C 07 Aug 2026 05:39:35.099 * DB saved on disk
2303:C 07 Aug 2026 05:39:35.100 * Fork CoW for RDB: current 0 MB, peak 0 MB, average 0 MB
377:M 07 Aug 2026 05:39:35.149 * Background saving terminated with success
377:M 07 Aug 2026 05:44:36.041 * 100 changes in 300 seconds. Saving...
377:M 07 Aug 2026 05:44:36.042 * Background saving started by pid 9372
9372:C 07 Aug 2026 05:44:36.049 * DB saved on disk
9372:C 07 Aug 2026 05:44:36.049 * Fork CoW for RDB: current 0 MB, peak 0 MB, average 0 MB
377:M 07 Aug 2026 05:44:36.143 * Background saving terminated with success
377:M 07 Aug 2026 05:49:37.024 * 100 changes in 300 seconds. Saving...
377:M 07 Aug 2026 05:49:37.027 * Background saving started by pid 9464
9464:C 07 Aug 2026 05:49:37.037 * DB saved on disk
9464:C 07 Aug 2026 05:49:37.037 * Fork CoW for RDB: current 0 MB, peak 0 MB, average 0 MB
377:M 07 Aug 2026 05:49:37.128 * Background saving terminated with success
377:M 07 Aug 2026 05:54:38.040 * 100 changes in 300 seconds. Saving...
377:M 07 Aug 2026 05:54:38.042 * Background saving started by pid 9537
9537:C 07 Aug 2026 05:54:38.067 * DB saved on disk
9537:C 07 Aug 2026 05:54:38.067 * Fork CoW for RDB: current 0 MB, peak 0 MB, average 0 MB
377:M 07 Aug 2026 05:54:38.143 * Background saving terminated with success
377:M 07 Aug 2026 05:59:39.084 * 100 changes in 300 seconds. Saving...
377:M 07 Aug 2026 05:59:39.085 * Background saving started by pid 9704
9704:C 07 Aug 2026 05:59:39.095 * DB saved on disk
9704:C 07 Aug 2026 05:59:39.095 * Fork CoW for RDB: current 0 MB, peak 0 MB, average 0 MB
377:M 07 Aug 2026 05:59:39.186 * Background saving terminated with success
377:M 07 Aug 2026 06:04:40.051 * 100 changes in 300 seconds. Saving...
377:M 07 Aug 2026 06:04:40.063 * Background saving started by pid 9825
9825:C 07 Aug 2026 06:04:40.135 * DB saved on disk
9825:C 07 Aug 2026 06:04:40.136 * Fork CoW for RDB: current 0 MB, peak 0 MB, average 0 MB
377:M 07 Aug 2026 06:04:40.164 * Background saving terminated with success
377:M 07 Aug 2026 06:09:41.082 * 100 changes in 300 seconds. Saving...
377:M 07 Aug 2026 06:09:41.083 * Background saving started by pid 9898
9898:C 07 Aug 2026 06:09:41.091 * DB saved on disk
9898:C 07 Aug 2026 06:09:41.091 * Fork CoW for RDB: current 0 MB, peak 0 MB, average 0 MB
377:M 07 Aug 2026 06:09:41.184 * Background saving terminated with success
377:M 07 Aug 2026 06:14:42.100 * 100 changes in 300 seconds. Saving...
377:M 07 Aug 2026 06:14:42.105 * Background saving started by pid 17449
17449:C 07 Aug 2026 06:14:42.116 * DB saved on disk
17449:C 07 Aug 2026 06:14:42.117 * Fork CoW for RDB: current 0 MB, peak 0 MB, average 0 MB
377:M 07 Aug 2026 06:14:42.206 * Background saving terminated with success
377:M 07 Aug 2026 06:19:43.089 * 100 changes in 300 seconds. Saving...
377:M 07 Aug 2026 06:19:43.092 * Background saving started by pid 17529
17529:C 07 Aug 2026 06:19:43.107 * DB saved on disk
17529:C 07 Aug 2026 06:19:43.108 * Fork CoW for RDB: current 0 MB, peak 0 MB, average 0 MB
377:M 07 Aug 2026 06:19:43.193 * Background saving terminated with success
377:M 07 Aug 2026 06:24:44.045 * 100 changes in 300 seconds. Saving...
377:M 07 Aug 2026 06:24:44.049 * Background saving started by pid 17612
17612:C 07 Aug 2026 06:24:44.067 * DB saved on disk
17612:C 07 Aug 2026 06:24:44.067 * Fork CoW for RDB: current 0 MB, peak 0 MB, average 0 MB
377:M 07 Aug 2026 06:24:44.149 * Background saving terminated with success
377:M 07 Aug 2026 06:29:45.029 * 100 changes in 300 seconds. Saving...
377:M 07 Aug 2026 06:29:45.031 * Background saving started by pid 17747
17747:C 07 Aug 2026 06:29:45.041 * DB saved on disk
17747:C 07 Aug 2026 06:29:45.042 * Fork CoW for RDB: current 0 MB, peak 0 MB, average 0 MB
377:M 07 Aug 2026 06:29:45.132 * Background saving terminated with success
377:M 07 Aug 2026 06:34:46.001 * 100 changes in 300 seconds. Saving...
377:M 07 Aug 2026 06:34:46.003 * Background saving started by pid 17856
17856:C 07 Aug 2026 06:34:46.017 * DB saved on disk
17856:C 07 Aug 2026 06:34:46.019 * Fork CoW for RDB: current 0 MB, peak 0 MB, average 0 MB
377:M 07 Aug 2026 06:34:46.104 * Background saving terminated with success
377:M 07 Aug 2026 06:39:47.047 * 100 changes in 300 seconds. Saving...
377:M 07 Aug 2026 06:39:47.048 * Background saving started by pid 17908
17908:C 07 Aug 2026 06:39:47.058 * DB saved on disk
17908:C 07 Aug 2026 06:39:47.059 * Fork CoW for RDB: current 0 MB, peak 0 MB, average 0 MB
377:M 07 Aug 2026 06:39:47.149 * Background saving terminated with success
377:M 07 Aug 2026 06:44:48.057 * 100 changes in 300 seconds. Saving...
377:M 07 Aug 2026 06:44:48.058 * Background saving started by pid 18037
18037:C 07 Aug 2026 06:44:48.074 * DB saved on disk
18037:C 07 Aug 2026 06:44:48.075 * Fork CoW for RDB: current 0 MB, peak 0 MB, average 0 MB
377:M 07 Aug 2026 06:44:48.159 * Background saving terminated with success
377:M 07 Aug 2026 06:49:49.000 * 100 changes in 300 seconds. Saving...
377:M 07 Aug 2026 06:49:49.001 * Background saving started by pid 18302
18302:C 07 Aug 2026 06:49:49.008 * DB saved on disk
18302:C 07 Aug 2026 06:49:49.009 * Fork CoW for RDB: current 0 MB, peak 0 MB, average 0 MB
377:M 07 Aug 2026 06:49:49.101 * Background saving terminated with success
377:M 07 Aug 2026 06:54:50.098 * 100 changes in 300 seconds. Saving...
377:M 07 Aug 2026 06:54:50.109 * Background saving started by pid 18357
18357:C 07 Aug 2026 06:54:50.127 * DB saved on disk
18357:C 07 Aug 2026 06:54:50.127 * Fork CoW for RDB: current 0 MB, peak 0 MB, average 0 MB
377:M 07 Aug 2026 06:54:50.210 * Background saving terminated with success
377:M 07 Aug 2026 06:59:51.030 * 100 changes in 300 seconds. Saving...
377:M 07 Aug 2026 06:59:51.033 * Background saving started by pid 18504
18504:C 07 Aug 2026 06:59:51.046 * DB saved on disk
18504:C 07 Aug 2026 06:59:51.047 * Fork CoW for RDB: current 0 MB, peak 0 MB, average 0 MB
377:M 07 Aug 2026 06:59:51.134 * Background saving terminated with success
377:M 07 Aug 2026 07:04:52.068 * 100 changes in 300 seconds. Saving...
377:M 07 Aug 2026 07:04:52.070 * Background saving started by pid 18590
18590:C 07 Aug 2026 07:04:55.034 * DB saved on disk
18590:C 07 Aug 2026 07:04:55.036 * Fork CoW for RDB: current 1 MB, peak 1 MB, average 1 MB
377:M 07 Aug 2026 07:04:55.091 * Background saving terminated with success
377:M 07 Aug 2026 07:09:56.027 * 100 changes in 300 seconds. Saving...
377:M 07 Aug 2026 07:09:56.029 * Background saving started by pid 18634
18634:C 07 Aug 2026 07:09:56.043 * DB saved on disk
18634:C 07 Aug 2026 07:09:56.044 * Fork CoW for RDB: current 0 MB, peak 0 MB, average 0 MB
377:M 07 Aug 2026 07:09:56.130 * Background saving terminated with success
377:M 07 Aug 2026 07:14:57.018 * 100 changes in 300 seconds. Saving...
377:M 07 Aug 2026 07:14:57.019 * Background saving started by pid 18835
18835:C 07 Aug 2026 07:14:57.030 * DB saved on disk
18835:C 07 Aug 2026 07:14:57.031 * Fork CoW for RDB: current 0 MB, peak 0 MB, average 0 MB
377:M 07 Aug 2026 07:14:57.120 * Background saving terminated with success
377:M 07 Aug 2026 07:19:58.093 * 100 changes in 300 seconds. Saving...
377:M 07 Aug 2026 07:19:58.093 * Background saving started by pid 18886
18886:C 07 Aug 2026 07:19:58.105 * DB saved on disk
18886:C 07 Aug 2026 07:19:58.105 * Fork CoW for RDB: current 0 MB, peak 0 MB, average 0 MB
377:M 07 Aug 2026 07:19:58.196 * Background saving terminated with success
377:M 07 Aug 2026 07:24:59.032 * 100 changes in 300 seconds. Saving...
377:M 07 Aug 2026 07:24:59.033 * Background saving started by pid 18923
18923:C 07 Aug 2026 07:24:59.044 * DB saved on disk
18923:C 07 Aug 2026 07:24:59.044 * Fork CoW for RDB: current 0 MB, peak 0 MB, average 0 MB
377:M 07 Aug 2026 07:24:59.134 * Background saving terminated with success
377:M 07 Aug 2026 07:30:00.026 * 100 changes in 300 seconds. Saving...
377:M 07 Aug 2026 07:30:00.027 * Background saving started by pid 18945
18945:C 07 Aug 2026 07:30:00.033 * DB saved on disk
18945:C 07 Aug 2026 07:30:00.033 * Fork CoW for RDB: current 0 MB, peak 0 MB, average 0 MB
377:M 07 Aug 2026 07:30:00.128 * Background saving terminated with success
377:M 07 Aug 2026 08:18:30.371 * 100 changes in 300 seconds. Saving...
377:M 07 Aug 2026 08:18:30.375 * Background saving started by pid 19246
19246:C 07 Aug 2026 08:18:30.388 * DB saved on disk
19246:C 07 Aug 2026 08:18:30.389 * Fork CoW for RDB: current 1 MB, peak 1 MB, average 0 MB
377:M 07 Aug 2026 08:18:30.476 * Background saving terminated with success
377:M 07 Aug 2026 08:23:31.010 * 100 changes in 300 seconds. Saving...
377:M 07 Aug 2026 08:23:31.017 * Background saving started by pid 19360
19360:C 07 Aug 2026 08:23:31.055 * DB saved on disk
19360:C 07 Aug 2026 08:23:31.057 * Fork CoW for RDB: current 0 MB, peak 0 MB, average 0 MB
377:M 07 Aug 2026 08:23:31.125 * Background saving terminated with success
377:M 07 Aug 2026 08:28:32.086 * 100 changes in 300 seconds. Saving...
377:M 07 Aug 2026 08:28:32.087 * Background saving started by pid 19419
19419:C 07 Aug 2026 08:28:32.114 * DB saved on disk
19419:C 07 Aug 2026 08:28:32.115 * Fork CoW for RDB: current 0 MB, peak 0 MB, average 0 MB
377:M 07 Aug 2026 08:28:32.189 * Background saving terminated with success
377:M 07 Aug 2026 08:33:33.084 * 100 changes in 300 seconds. Saving...
377:M 07 Aug 2026 08:33:33.085 * Background saving started by pid 19541
19541:C 07 Aug 2026 08:33:33.107 * DB saved on disk
19541:C 07 Aug 2026 08:33:33.108 * Fork CoW for RDB: current 0 MB, peak 0 MB, average 0 MB
377:M 07 Aug 2026 08:33:33.187 * Background saving terminated with success
377:M 07 Aug 2026 08:38:34.044 * 100 changes in 300 seconds. Saving...
377:M 07 Aug 2026 08:38:34.046 * Background saving started by pid 19584
19584:C 07 Aug 2026 08:38:34.067 * DB saved on disk
19584:C 07 Aug 2026 08:38:34.068 * Fork CoW for RDB: current 0 MB, peak 0 MB, average 0 MB
377:M 07 Aug 2026 08:38:34.147 * Background saving terminated with success
377:M 07 Aug 2026 08:43:35.007 * 100 changes in 300 seconds. Saving...
377:M 07 Aug 2026 08:43:35.009 * Background saving started by pid 19633
19633:C 07 Aug 2026 08:43:35.037 * DB saved on disk
19633:C 07 Aug 2026 08:43:35.038 * Fork CoW for RDB: current 0 MB, peak 0 MB, average 0 MB
377:M 07 Aug 2026 08:43:35.111 * Background saving terminated with success
377:M 07 Aug 2026 08:48:36.007 * 100 changes in 300 seconds. Saving...
377:M 07 Aug 2026 08:48:36.009 * Background saving started by pid 19704
19704:C 07 Aug 2026 08:48:36.026 * DB saved on disk
19704:C 07 Aug 2026 08:48:36.027 * Fork CoW for RDB: current 0 MB, peak 0 MB, average 0 MB
377:M 07 Aug 2026 08:48:36.110 * Background saving terminated with success
377:M 07 Aug 2026 08:53:37.089 * 100 changes in 300 seconds. Saving...
377:M 07 Aug 2026 08:53:37.091 * Background saving started by pid 19754
19754:C 07 Aug 2026 08:53:37.105 * DB saved on disk
19754:C 07 Aug 2026 08:53:37.107 * Fork CoW for RDB: current 0 MB, peak 0 MB, average 0 MB
377:M 07 Aug 2026 08:53:37.192 * Background saving terminated with success
377:M 07 Aug 2026 08:58:38.015 * 100 changes in 300 seconds. Saving...
377:M 07 Aug 2026 08:58:38.017 * Background saving started by pid 19828
19828:C 07 Aug 2026 08:58:38.039 * DB saved on disk
19828:C 07 Aug 2026 08:58:38.041 * Fork CoW for RDB: current 0 MB, peak 0 MB, average 0 MB
377:M 07 Aug 2026 08:58:38.119 * Background saving terminated with success
377:M 07 Aug 2026 09:03:39.096 * 100 changes in 300 seconds. Saving...
377:M 07 Aug 2026 09:03:39.098 * Background saving started by pid 19922
19922:C 07 Aug 2026 09:03:39.127 * DB saved on disk
19922:C 07 Aug 2026 09:03:39.129 * Fork CoW for RDB: current 0 MB, peak 0 MB, average 0 MB
377:M 07 Aug 2026 09:03:39.199 * Background saving terminated with success
377:M 07 Aug 2026 09:08:40.042 * 100 changes in 300 seconds. Saving...
377:M 07 Aug 2026 09:08:40.044 * Background saving started by pid 19973
19973:C 07 Aug 2026 09:08:40.065 * DB saved on disk
19973:C 07 Aug 2026 09:08:40.066 * Fork CoW for RDB: current 0 MB, peak 0 MB, average 0 MB
377:M 07 Aug 2026 09:08:40.145 * Background saving terminated with success
377:M 07 Aug 2026 09:13:41.087 * 100 changes in 300 seconds. Saving...
377:M 07 Aug 2026 09:13:41.089 * Background saving started by pid 20021
20021:C 07 Aug 2026 09:13:41.111 * DB saved on disk
20021:C 07 Aug 2026 09:13:41.112 * Fork CoW for RDB: current 0 MB, peak 0 MB, average 0 MB
377:M 07 Aug 2026 09:13:41.190 * Background saving terminated with success
377:M 07 Aug 2026 09:18:42.052 * 100 changes in 300 seconds. Saving...
377:M 07 Aug 2026 09:18:42.054 * Background saving started by pid 20098
20098:C 07 Aug 2026 09:18:42.076 * DB saved on disk
20098:C 07 Aug 2026 09:18:42.077 * Fork CoW for RDB: current 0 MB, peak 0 MB, average 0 MB
377:M 07 Aug 2026 09:18:42.155 * Background saving terminated with success
377:M 07 Aug 2026 09:28:04.542 * 100 changes in 300 seconds. Saving...
377:M 07 Aug 2026 09:28:04.543 * Background saving started by pid 20125
20125:C 07 Aug 2026 09:28:04.554 * DB saved on disk
20125:C 07 Aug 2026 09:28:04.555 * Fork CoW for RDB: current 1 MB, peak 1 MB, average 0 MB
377:M 07 Aug 2026 09:28:04.644 * Background saving terminated with success
377:M 07 Aug 2026 09:33:05.032 * 100 changes in 300 seconds. Saving...
377:M 07 Aug 2026 09:33:05.034 * Background saving started by pid 20239
20239:C 07 Aug 2026 09:33:05.067 * DB saved on disk
20239:C 07 Aug 2026 09:33:05.069 * Fork CoW for RDB: current 0 MB, peak 0 MB, average 0 MB
377:M 07 Aug 2026 09:33:05.136 * Background saving terminated with success
377:M 07 Aug 2026 09:47:18.706 * 100 changes in 300 seconds. Saving...
377:M 07 Aug 2026 09:47:18.709 * Background saving started by pid 20276
20276:C 07 Aug 2026 09:47:18.752 * DB saved on disk
20276:C 07 Aug 2026 09:47:18.753 * Fork CoW for RDB: current 0 MB, peak 0 MB, average 0 MB
377:M 07 Aug 2026 09:47:18.811 * Background saving terminated with success
377:M 07 Aug 2026 09:54:55.349 * 100 changes in 300 seconds. Saving...
377:M 07 Aug 2026 09:54:55.387 * Background saving started by pid 20335
20335:C 07 Aug 2026 09:54:55.602 * DB saved on disk
20335:C 07 Aug 2026 09:54:55.603 * Fork CoW for RDB: current 1 MB, peak 1 MB, average 1 MB
377:M 07 Aug 2026 09:54:55.691 * Background saving terminated with success
377:M 07 Aug 2026 09:59:56.095 * 100 changes in 300 seconds. Saving...
377:M 07 Aug 2026 09:59:56.097 * Background saving started by pid 20415
20415:C 07 Aug 2026 09:59:56.109 * DB saved on disk
20415:C 07 Aug 2026 09:59:56.110 * Fork CoW for RDB: current 0 MB, peak 0 MB, average 0 MB
377:M 07 Aug 2026 09:59:56.198 * Background saving terminated with success
377:M 07 Aug 2026 10:04:57.032 * 100 changes in 300 seconds. Saving...
377:M 07 Aug 2026 10:04:57.034 * Background saving started by pid 20500
20500:C 07 Aug 2026 10:04:57.057 * DB saved on disk
20500:C 07 Aug 2026 10:04:57.058 * Fork CoW for RDB: current 0 MB, peak 0 MB, average 0 MB
377:M 07 Aug 2026 10:04:57.136 * Background saving terminated with success
377:M 07 Aug 2026 10:14:00.013 * 100 changes in 300 seconds. Saving...
377:M 07 Aug 2026 10:14:00.150 * Background saving started by pid 20546
20546:C 07 Aug 2026 10:14:00.420 * DB saved on disk
20546:C 07 Aug 2026 10:14:00.421 * Fork CoW for RDB: current 1 MB, peak 1 MB, average 0 MB
377:M 07 Aug 2026 10:14:00.495 * Background saving terminated with success
377:M 07 Aug 2026 10:19:01.087 * 100 changes in 300 seconds. Saving...
377:M 07 Aug 2026 10:19:01.090 * Background saving started by pid 20782
20782:C 07 Aug 2026 10:19:01.131 * DB saved on disk
20782:C 07 Aug 2026 10:19:01.132 * Fork CoW for RDB: current 0 MB, peak 0 MB, average 0 MB
377:M 07 Aug 2026 10:19:01.191 * Background saving terminated with success
377:M 07 Aug 2026 10:24:02.057 * 100 changes in 300 seconds. Saving...
377:M 07 Aug 2026 10:24:02.058 * Background saving started by pid 20934
20934:C 07 Aug 2026 10:24:02.070 * DB saved on disk
20934:C 07 Aug 2026 10:24:02.070 * Fork CoW for RDB: current 0 MB, peak 0 MB, average 0 MB
377:M 07 Aug 2026 10:24:02.160 * Background saving terminated with success
377:M 07 Aug 2026 10:29:03.003 * 100 changes in 300 seconds. Saving...
377:M 07 Aug 2026 10:29:03.005 * Background saving started by pid 21084
21084:C 07 Aug 2026 10:29:03.022 * DB saved on disk
21084:C 07 Aug 2026 10:29:03.024 * Fork CoW for RDB: current 0 MB, peak 0 MB, average 0 MB
377:M 07 Aug 2026 10:29:03.106 * Background saving terminated with success
377:M 07 Aug 2026 10:34:04.076 * 100 changes in 300 seconds. Saving...
377:M 07 Aug 2026 10:34:04.079 * Background saving started by pid 21209
21209:C 07 Aug 2026 10:34:04.100 * DB saved on disk
21209:C 07 Aug 2026 10:34:04.101 * Fork CoW for RDB: current 0 MB, peak 0 MB, average 0 MB
377:M 07 Aug 2026 10:34:04.181 * Background saving terminated with success
377:M 07 Aug 2026 10:39:05.072 * 100 changes in 300 seconds. Saving...
377:M 07 Aug 2026 10:39:05.074 * Background saving started by pid 21273
21273:C 07 Aug 2026 10:39:05.090 * DB saved on disk
21273:C 07 Aug 2026 10:39:05.091 * Fork CoW for RDB: current 0 MB, peak 0 MB, average 0 MB
377:M 07 Aug 2026 10:39:05.176 * Background saving terminated with success
377:M 07 Aug 2026 10:48:23.972 * 100 changes in 300 seconds. Saving...
377:M 07 Aug 2026 10:48:23.973 * Background saving started by pid 21309
21309:C 07 Aug 2026 10:48:23.982 * DB saved on disk
21309:C 07 Aug 2026 10:48:23.983 * Fork CoW for RDB: current 0 MB, peak 0 MB, average 0 MB
377:M 07 Aug 2026 10:48:24.074 * Background saving terminated with success
377:M 07 Aug 2026 10:53:25.055 * 100 changes in 300 seconds. Saving...
377:M 07 Aug 2026 10:53:25.062 * Background saving started by pid 21386
21386:C 07 Aug 2026 10:53:25.109 * DB saved on disk
21386:C 07 Aug 2026 10:53:25.111 * Fork CoW for RDB: current 0 MB, peak 0 MB, average 0 MB
377:M 07 Aug 2026 10:53:25.165 * Background saving terminated with success
377:M 07 Aug 2026 10:58:26.023 * 100 changes in 300 seconds. Saving...
377:M 07 Aug 2026 10:58:26.025 * Background saving started by pid 21430
21430:C 07 Aug 2026 10:58:26.068 * DB saved on disk
21430:C 07 Aug 2026 10:58:26.070 * Fork CoW for RDB: current 0 MB, peak 0 MB, average 0 MB
377:M 07 Aug 2026 10:58:26.126 * Background saving terminated with success
377:M 07 Aug 2026 11:03:27.022 * 100 changes in 300 seconds. Saving...
377:M 07 Aug 2026 11:03:27.024 * Background saving started by pid 21726
21726:C 07 Aug 2026 11:03:27.051 * DB saved on disk
21726:C 07 Aug 2026 11:03:27.052 * Fork CoW for RDB: current 0 MB, peak 0 MB, average 0 MB
377:M 07 Aug 2026 11:03:27.125 * Background saving terminated with success
377:M 07 Aug 2026 11:08:28.090 * 100 changes in 300 seconds. Saving...
377:M 07 Aug 2026 11:08:28.092 * Background saving started by pid 22866
22866:C 07 Aug 2026 11:08:28.114 * DB saved on disk
22866:C 07 Aug 2026 11:08:28.116 * Fork CoW for RDB: current 0 MB, peak 0 MB, average 0 MB
377:M 07 Aug 2026 11:08:28.193 * Background saving terminated with success
377:M 07 Aug 2026 11:13:29.096 * 100 changes in 300 seconds. Saving...
377:M 07 Aug 2026 11:13:29.098 * Background saving started by pid 29867
29867:C 07 Aug 2026 11:13:29.116 * DB saved on disk
29867:C 07 Aug 2026 11:13:29.118 * Fork CoW for RDB: current 0 MB, peak 0 MB, average 0 MB
377:M 07 Aug 2026 11:13:29.199 * Background saving terminated with success
377:M 07 Aug 2026 11:18:30.064 * 100 changes in 300 seconds. Saving...
377:M 07 Aug 2026 11:18:30.066 * Background saving started by pid 29961
29961:C 07 Aug 2026 11:18:30.085 * DB saved on disk
29961:C 07 Aug 2026 11:18:30.086 * Fork CoW for RDB: current 0 MB, peak 0 MB, average 0 MB
377:M 07 Aug 2026 11:18:30.167 * Background saving terminated with success
377:M 07 Aug 2026 11:23:31.081 * 100 changes in 300 seconds. Saving...
377:M 07 Aug 2026 11:23:31.082 * Background saving started by pid 30062
30062:C 07 Aug 2026 11:23:31.208 * DB saved on disk
30062:C 07 Aug 2026 11:23:31.209 * Fork CoW for RDB: current 1 MB, peak 1 MB, average 0 MB
377:M 07 Aug 2026 11:23:31.284 * Background saving terminated with success
377:M 07 Aug 2026 11:28:32.063 * 100 changes in 300 seconds. Saving...
377:M 07 Aug 2026 11:28:32.064 * Background saving started by pid 30167
30167:C 07 Aug 2026 11:28:32.086 * DB saved on disk
30167:C 07 Aug 2026 11:28:32.088 * Fork CoW for RDB: current 0 MB, peak 0 MB, average 0 MB
377:M 07 Aug 2026 11:28:32.165 * Background saving terminated with success
377:M 07 Aug 2026 11:33:33.047 * 100 changes in 300 seconds. Saving...
377:M 07 Aug 2026 11:33:33.048 * Background saving started by pid 30262
30262:C 07 Aug 2026 11:33:33.070 * DB saved on disk
30262:C 07 Aug 2026 11:33:33.072 * Fork CoW for RDB: current 0 MB, peak 0 MB, average 0 MB
377:M 07 Aug 2026 11:33:33.150 * Background saving terminated with success
377:M 07 Aug 2026 11:38:34.082 * 100 changes in 300 seconds. Saving...
377:M 07 Aug 2026 11:38:34.083 * Background saving started by pid 30418
30418:C 07 Aug 2026 11:38:34.102 * DB saved on disk
30418:C 07 Aug 2026 11:38:34.103 * Fork CoW for RDB: current 0 MB, peak 0 MB, average 0 MB
377:M 07 Aug 2026 11:38:34.184 * Background saving terminated with success
377:M 07 Aug 2026 11:43:35.092 * 100 changes in 300 seconds. Saving...
377:M 07 Aug 2026 11:43:35.093 * Background saving started by pid 30465
30465:C 07 Aug 2026 11:43:35.124 * DB saved on disk
30465:C 07 Aug 2026 11:43:35.126 * Fork CoW for RDB: current 0 MB, peak 0 MB, average 0 MB
377:M 07 Aug 2026 11:43:35.194 * Background saving terminated with success
377:M 07 Aug 2026 11:48:36.058 * 100 changes in 300 seconds. Saving...
377:M 07 Aug 2026 11:48:36.059 * Background saving started by pid 30560
30560:C 07 Aug 2026 11:48:36.079 * DB saved on disk
30560:C 07 Aug 2026 11:48:36.080 * Fork CoW for RDB: current 0 MB, peak 0 MB, average 0 MB
377:M 07 Aug 2026 11:48:36.161 * Background saving terminated with success
377:M 07 Aug 2026 11:53:37.021 * 100 changes in 300 seconds. Saving...
377:M 07 Aug 2026 11:53:37.023 * Background saving started by pid 30606
30606:C 07 Aug 2026 11:53:37.039 * DB saved on disk
30606:C 07 Aug 2026 11:53:37.041 * Fork CoW for RDB: current 0 MB, peak 0 MB, average 0 MB
377:M 07 Aug 2026 11:53:37.124 * Background saving terminated with success
377:M 07 Aug 2026 11:58:38.076 * 100 changes in 300 seconds. Saving...
377:M 07 Aug 2026 11:58:38.077 * Background saving started by pid 30651
30651:C 07 Aug 2026 11:58:38.092 * DB saved on disk
30651:C 07 Aug 2026 11:58:38.094 * Fork CoW for RDB: current 0 MB, peak 0 MB, average 0 MB
377:M 07 Aug 2026 11:58:38.179 * Background saving terminated with success
377:M 07 Aug 2026 12:03:39.012 * 100 changes in 300 seconds. Saving...
377:M 07 Aug 2026 12:03:39.013 * Background saving started by pid 30736
30736:C 07 Aug 2026 12:03:39.032 * DB saved on disk
30736:C 07 Aug 2026 12:03:39.033 * Fork CoW for RDB: current 0 MB, peak 0 MB, average 0 MB
377:M 07 Aug 2026 12:03:39.115 * Background saving terminated with success
377:M 07 Aug 2026 12:08:40.047 * 100 changes in 300 seconds. Saving...
377:M 07 Aug 2026 12:08:40.049 * Background saving started by pid 30785
30785:C 07 Aug 2026 12:08:40.064 * DB saved on disk
30785:C 07 Aug 2026 12:08:40.066 * Fork CoW for RDB: current 0 MB, peak 0 MB, average 0 MB
377:M 07 Aug 2026 12:08:40.150 * Background saving terminated with success
377:M 07 Aug 2026 12:28:55.988 * 100 changes in 300 seconds. Saving...
377:M 07 Aug 2026 12:29:54.283 * Background saving started by pid 30838
30838:C 07 Aug 2026 12:29:54.507 * DB saved on disk
30838:C 07 Aug 2026 12:29:54.508 * Fork CoW for RDB: current 1 MB, peak 1 MB, average 1 MB
377:M 07 Aug 2026 12:29:54.587 * Background saving terminated with success
377:M 07 Aug 2026 12:34:55.095 * 100 changes in 300 seconds. Saving...
377:M 07 Aug 2026 12:34:55.098 * Background saving started by pid 30953
30953:C 07 Aug 2026 12:34:55.119 * DB saved on disk
30953:C 07 Aug 2026 12:34:55.121 * Fork CoW for RDB: current 0 MB, peak 0 MB, average 0 MB
377:M 07 Aug 2026 12:34:55.199 * Background saving terminated with success
377:M 07 Aug 2026 12:39:56.045 * 100 changes in 300 seconds. Saving...
377:M 07 Aug 2026 12:39:56.047 * Background saving started by pid 31020
31020:C 07 Aug 2026 12:39:56.066 * DB saved on disk
31020:C 07 Aug 2026 12:39:56.068 * Fork CoW for RDB: current 0 MB, peak 0 MB, average 0 MB
377:M 07 Aug 2026 12:39:56.148 * Background saving terminated with success
377:M 07 Aug 2026 12:44:57.053 * 100 changes in 300 seconds. Saving...
377:M 07 Aug 2026 12:44:57.054 * Background saving started by pid 31076
31076:C 07 Aug 2026 12:44:57.075 * DB saved on disk
31076:C 07 Aug 2026 12:44:57.077 * Fork CoW for RDB: current 0 MB, peak 0 MB, average 0 MB
377:M 07 Aug 2026 12:44:57.155 * Background saving terminated with success
377:M 07 Aug 2026 12:49:58.058 * 100 changes in 300 seconds. Saving...
377:M 07 Aug 2026 12:49:58.060 * Background saving started by pid 31139
31139:C 07 Aug 2026 12:49:58.078 * DB saved on disk
31139:C 07 Aug 2026 12:49:58.080 * Fork CoW for RDB: current 0 MB, peak 0 MB, average 0 MB
377:M 07 Aug 2026 12:49:58.162 * Background saving terminated with success
377:M 07 Aug 2026 12:54:59.069 * 100 changes in 300 seconds. Saving...
377:M 07 Aug 2026 12:54:59.071 * Background saving started by pid 31180
31180:C 07 Aug 2026 12:54:59.090 * DB saved on disk
31180:C 07 Aug 2026 12:54:59.091 * Fork CoW for RDB: current 0 MB, peak 0 MB, average 0 MB
377:M 07 Aug 2026 12:54:59.172 * Background saving terminated with success
377:M 07 Aug 2026 13:00:00.051 * 100 changes in 300 seconds. Saving...
377:M 07 Aug 2026 13:00:00.053 * Background saving started by pid 31217
31217:C 07 Aug 2026 13:00:00.065 * DB saved on disk
31217:C 07 Aug 2026 13:00:00.066 * Fork CoW for RDB: current 0 MB, peak 0 MB, average 0 MB
377:M 07 Aug 2026 13:00:00.154 * Background saving terminated with success
377:M 07 Aug 2026 13:05:01.010 * 100 changes in 300 seconds. Saving...
377:M 07 Aug 2026 13:05:01.012 * Background saving started by pid 31300
31300:C 07 Aug 2026 13:05:01.031 * DB saved on disk
31300:C 07 Aug 2026 13:05:01.032 * Fork CoW for RDB: current 0 MB, peak 0 MB, average 0 MB
377:M 07 Aug 2026 13:05:01.120 * Background saving terminated with success
377:M 07 Aug 2026 13:43:15.909 * 100 changes in 300 seconds. Saving...
377:M 07 Aug 2026 13:43:15.910 * Background saving started by pid 31374
31374:C 07 Aug 2026 13:43:16.080 * DB saved on disk
31374:C 07 Aug 2026 13:43:16.081 * Fork CoW for RDB: current 1 MB, peak 1 MB, average 1 MB
377:M 07 Aug 2026 13:43:16.119 * Background saving terminated with success
385:C 10 Aug 2026 05:23:51.073 # WARNING Memory overcommit must be enabled! Without it, a background save or replication may fail under low memory condition. Being disabled, it can also cause failures without low memory condition, see https://github.com/jemalloc/jemalloc/issues/1328. To fix this issue add 'vm.overcommit_memory = 1' to /etc/sysctl.conf and then reboot or run the command 'sysctl vm.overcommit_memory=1' for this to take effect.
385:C 10 Aug 2026 05:23:51.073 * oO0OoO0OoO0Oo Redis is starting oO0OoO0OoO0Oo
385:C 10 Aug 2026 05:23:51.073 * Redis version=8.0.5, bits=64, commit=00000000, modified=0, pid=385, just started
385:C 10 Aug 2026 05:23:51.073 * Configuration loaded
385:M 10 Aug 2026 05:23:51.074 * Increased maximum number of open files to 10032 (it was originally set to 1024).
385:M 10 Aug 2026 05:23:51.074 * monotonic clock: POSIX clock_gettime
385:M 10 Aug 2026 05:23:51.081 * Running mode=standalone, port=11001.
385:M 10 Aug 2026 05:23:51.396 * Server initialized
385:M 10 Aug 2026 05:23:51.422 * Loading RDB produced by version 8.0.5
385:M 10 Aug 2026 05:23:51.422 * RDB age 229236 seconds
385:M 10 Aug 2026 05:23:51.422 * RDB memory usage when created 1.59 Mb
385:M 10 Aug 2026 05:23:51.430 * Done loading RDB, keys loaded: 8, keys expired: 20.
385:M 10 Aug 2026 05:23:51.430 * DB loaded from disk: 0.034 seconds
385:M 10 Aug 2026 05:23:51.430 * Ready to accept connections tcp
385:M 10 Aug 2026 05:28:52.067 * 100 changes in 300 seconds. Saving...
385:M 10 Aug 2026 05:28:52.072 * Background saving started by pid 9151
9151:C 10 Aug 2026 05:28:52.135 * DB saved on disk
9151:C 10 Aug 2026 05:28:52.136 * Fork CoW for RDB: current 0 MB, peak 0 MB, average 0 MB
385:M 10 Aug 2026 05:28:52.173 * Background saving terminated with success
385:M 10 Aug 2026 05:33:53.039 * 100 changes in 300 seconds. Saving...
385:M 10 Aug 2026 05:33:53.043 * Background saving started by pid 9306
9306:C 10 Aug 2026 05:33:53.081 * DB saved on disk
9306:C 10 Aug 2026 05:33:53.082 * Fork CoW for RDB: current 0 MB, peak 0 MB, average 0 MB
385:M 10 Aug 2026 05:33:53.144 * Background saving terminated with success
385:M 10 Aug 2026 05:38:54.007 * 100 changes in 300 seconds. Saving...
385:M 10 Aug 2026 05:38:54.008 * Background saving started by pid 9365
9365:C 10 Aug 2026 05:38:54.027 * DB saved on disk
9365:C 10 Aug 2026 05:38:54.028 * Fork CoW for RDB: current 0 MB, peak 0 MB, average 0 MB
385:M 10 Aug 2026 05:38:54.110 * Background saving terminated with success
385:M 10 Aug 2026 05:43:55.097 * 100 changes in 300 seconds. Saving...
385:M 10 Aug 2026 05:43:55.106 * Background saving started by pid 9437
9437:C 10 Aug 2026 05:43:55.144 * DB saved on disk
9437:C 10 Aug 2026 05:43:55.145 * Fork CoW for RDB: current 0 MB, peak 0 MB, average 0 MB
385:M 10 Aug 2026 05:43:55.207 * Background saving terminated with success
385:M 10 Aug 2026 05:48:56.029 * 100 changes in 300 seconds. Saving...
385:M 10 Aug 2026 05:48:56.030 * Background saving started by pid 9539
9539:C 10 Aug 2026 05:48:56.050 * DB saved on disk
9539:C 10 Aug 2026 05:48:56.051 * Fork CoW for RDB: current 0 MB, peak 0 MB, average 0 MB
385:M 10 Aug 2026 05:48:56.131 * Background saving terminated with success
385:M 10 Aug 2026 05:53:57.015 * 100 changes in 300 seconds. Saving...
385:M 10 Aug 2026 05:53:57.015 * Background saving started by pid 9624
9624:C 10 Aug 2026 05:53:57.023 * DB saved on disk
9624:C 10 Aug 2026 05:53:57.023 * Fork CoW for RDB: current 0 MB, peak 0 MB, average 0 MB
385:M 10 Aug 2026 05:53:57.116 * Background saving terminated with success
385:M 10 Aug 2026 05:58:58.020 * 100 changes in 300 seconds. Saving...
385:M 10 Aug 2026 05:58:58.020 * Background saving started by pid 9837
9837:C 10 Aug 2026 05:58:58.032 * DB saved on disk
9837:C 10 Aug 2026 05:58:58.033 * Fork CoW for RDB: current 0 MB, peak 0 MB, average 0 MB
385:M 10 Aug 2026 05:58:58.121 * Background saving terminated with success
385:M 10 Aug 2026 06:03:59.032 * 100 changes in 300 seconds. Saving...
385:M 10 Aug 2026 06:03:59.033 * Background saving started by pid 10059
10059:C 10 Aug 2026 06:03:59.143 * DB saved on disk
10059:C 10 Aug 2026 06:03:59.144 * Fork CoW for RDB: current 1 MB, peak 1 MB, average 0 MB
385:M 10 Aug 2026 06:03:59.235 * Background saving terminated with success
385:M 10 Aug 2026 06:09:00.071 * 100 changes in 300 seconds. Saving...
385:M 10 Aug 2026 06:09:00.073 * Background saving started by pid 10196
10196:C 10 Aug 2026 06:09:03.943 * DB saved on disk
10196:C 10 Aug 2026 06:09:03.944 * Fork CoW for RDB: current 1 MB, peak 1 MB, average 1 MB
385:M 10 Aug 2026 06:09:04.004 * Background saving terminated with success
385:M 10 Aug 2026 06:14:05.055 * 100 changes in 300 seconds. Saving...
385:M 10 Aug 2026 06:14:05.057 * Background saving started by pid 10257
10257:C 10 Aug 2026 06:14:05.071 * DB saved on disk
10257:C 10 Aug 2026 06:14:05.071 * Fork CoW for RDB: current 0 MB, peak 0 MB, average 0 MB
385:M 10 Aug 2026 06:14:05.159 * Background saving terminated with success
385:M 10 Aug 2026 06:19:06.089 * 100 changes in 300 seconds. Saving...
385:M 10 Aug 2026 06:19:06.091 * Background saving started by pid 10374
10374:C 10 Aug 2026 06:19:06.104 * DB saved on disk
10374:C 10 Aug 2026 06:19:06.105 * Fork CoW for RDB: current 0 MB, peak 0 MB, average 0 MB
385:M 10 Aug 2026 06:19:06.192 * Background saving terminated with success
385:M 10 Aug 2026 06:24:07.024 * 100 changes in 300 seconds. Saving...
385:M 10 Aug 2026 06:24:07.026 * Background saving started by pid 10686
10686:C 10 Aug 2026 06:24:07.033 * DB saved on disk
10686:C 10 Aug 2026 06:24:07.033 * Fork CoW for RDB: current 0 MB, peak 0 MB, average 0 MB
385:M 10 Aug 2026 06:24:07.126 * Background saving terminated with success
385:M 10 Aug 2026 06:29:08.095 * 100 changes in 300 seconds. Saving...
385:M 10 Aug 2026 06:29:08.099 * Background saving started by pid 18461
18461:C 10 Aug 2026 06:29:08.112 * DB saved on disk
18461:C 10 Aug 2026 06:29:08.113 * Fork CoW for RDB: current 0 MB, peak 0 MB, average 0 MB
385:M 10 Aug 2026 06:29:08.200 * Background saving terminated with success
385:M 10 Aug 2026 06:34:09.023 * 100 changes in 300 seconds. Saving...
385:M 10 Aug 2026 06:34:09.028 * Background saving started by pid 19048
19048:C 10 Aug 2026 06:34:09.053 * DB saved on disk
19048:C 10 Aug 2026 06:34:09.054 * Fork CoW for RDB: current 0 MB, peak 0 MB, average 0 MB
385:M 10 Aug 2026 06:34:09.129 * Background saving terminated with success
385:M 10 Aug 2026 06:39:10.012 * 100 changes in 300 seconds. Saving...
385:M 10 Aug 2026 06:39:10.017 * Background saving started by pid 19460
19460:C 10 Aug 2026 06:39:10.029 * DB saved on disk
19460:C 10 Aug 2026 06:39:10.029 * Fork CoW for RDB: current 0 MB, peak 0 MB, average 0 MB
385:M 10 Aug 2026 06:39:10.119 * Background saving terminated with success
385:M 10 Aug 2026 06:44:11.043 * 100 changes in 300 seconds. Saving...
385:M 10 Aug 2026 06:44:11.044 * Background saving started by pid 19548
19548:C 10 Aug 2026 06:44:11.054 * DB saved on disk
19548:C 10 Aug 2026 06:44:11.054 * Fork CoW for RDB: current 0 MB, peak 0 MB, average 0 MB
385:M 10 Aug 2026 06:44:11.145 * Background saving terminated with success
385:M 10 Aug 2026 06:49:12.009 * 100 changes in 300 seconds. Saving...
385:M 10 Aug 2026 06:49:12.010 * Background saving started by pid 19627
19627:C 10 Aug 2026 06:49:12.022 * DB saved on disk
19627:C 10 Aug 2026 06:49:12.022 * Fork CoW for RDB: current 0 MB, peak 0 MB, average 0 MB
385:M 10 Aug 2026 06:49:12.111 * Background saving terminated with success
385:M 10 Aug 2026 06:54:13.042 * 100 changes in 300 seconds. Saving...
385:M 10 Aug 2026 06:54:13.043 * Background saving started by pid 19691
19691:C 10 Aug 2026 06:54:13.056 * DB saved on disk
19691:C 10 Aug 2026 06:54:13.056 * Fork CoW for RDB: current 0 MB, peak 0 MB, average 0 MB
385:M 10 Aug 2026 06:54:13.144 * Background saving terminated with success
385:M 10 Aug 2026 06:59:14.096 * 100 changes in 300 seconds. Saving...
385:M 10 Aug 2026 06:59:14.098 * Background saving started by pid 19775
19775:C 10 Aug 2026 06:59:14.113 * DB saved on disk
19775:C 10 Aug 2026 06:59:14.114 * Fork CoW for RDB: current 0 MB, peak 0 MB, average 0 MB
385:M 10 Aug 2026 06:59:14.199 * Background saving terminated with success
385:M 10 Aug 2026 07:04:15.074 * 100 changes in 300 seconds. Saving...
385:M 10 Aug 2026 07:04:15.078 * Background saving started by pid 19873
19873:C 10 Aug 2026 07:04:15.096 * DB saved on disk
19873:C 10 Aug 2026 07:04:15.097 * Fork CoW for RDB: current 0 MB, peak 0 MB, average 0 MB
385:M 10 Aug 2026 07:04:15.180 * Background saving terminated with success
385:M 10 Aug 2026 07:09:16.083 * 100 changes in 300 seconds. Saving...
385:M 10 Aug 2026 07:09:16.093 * Background saving started by pid 20319
20319:C 10 Aug 2026 07:09:16.109 * DB saved on disk
20319:C 10 Aug 2026 07:09:16.110 * Fork CoW for RDB: current 0 MB, peak 0 MB, average 0 MB
385:M 10 Aug 2026 07:09:16.196 * Background saving terminated with success
385:M 10 Aug 2026 07:14:17.004 * 100 changes in 300 seconds. Saving...
385:M 10 Aug 2026 07:14:17.006 * Background saving started by pid 20451
20451:C 10 Aug 2026 07:14:17.015 * DB saved on disk
20451:C 10 Aug 2026 07:14:17.015 * Fork CoW for RDB: current 0 MB, peak 0 MB, average 0 MB
385:M 10 Aug 2026 07:14:17.107 * Background saving terminated with success
385:M 10 Aug 2026 07:19:18.046 * 100 changes in 300 seconds. Saving...
385:M 10 Aug 2026 07:19:18.052 * Background saving started by pid 20769
20769:C 10 Aug 2026 07:19:18.067 * DB saved on disk
20769:C 10 Aug 2026 07:19:18.068 * Fork CoW for RDB: current 0 MB, peak 0 MB, average 0 MB
385:M 10 Aug 2026 07:19:18.155 * Background saving terminated with success
385:M 10 Aug 2026 07:24:19.042 * 100 changes in 300 seconds. Saving...
385:M 10 Aug 2026 07:24:19.044 * Background saving started by pid 20961
20961:C 10 Aug 2026 07:24:19.057 * DB saved on disk
20961:C 10 Aug 2026 07:24:19.058 * Fork CoW for RDB: current 0 MB, peak 0 MB, average 0 MB
385:M 10 Aug 2026 07:24:19.145 * Background saving terminated with success
385:M 10 Aug 2026 07:29:20.097 * 100 changes in 300 seconds. Saving...
385:M 10 Aug 2026 07:29:20.099 * Background saving started by pid 21171
21171:C 10 Aug 2026 07:29:20.111 * DB saved on disk
21171:C 10 Aug 2026 07:29:20.112 * Fork CoW for RDB: current 0 MB, peak 0 MB, average 0 MB
385:M 10 Aug 2026 07:29:20.200 * Background saving terminated with success
385:M 10 Aug 2026 07:48:45.449 * 100 changes in 300 seconds. Saving...
385:M 10 Aug 2026 08:05:12.273 * Background saving started by pid 21734
21734:C 10 Aug 2026 08:05:12.464 * DB saved on disk
21734:C 10 Aug 2026 08:05:12.465 * Fork CoW for RDB: current 1 MB, peak 1 MB, average 1 MB
385:M 10 Aug 2026 08:05:12.501 * Background saving terminated with success
385:M 10 Aug 2026 08:10:13.014 * 100 changes in 300 seconds. Saving...
385:M 10 Aug 2026 08:10:13.016 * Background saving started by pid 21846
21846:C 10 Aug 2026 08:10:13.036 * DB saved on disk
21846:C 10 Aug 2026 08:10:13.037 * Fork CoW for RDB: current 0 MB, peak 0 MB, average 0 MB
385:M 10 Aug 2026 08:10:13.118 * Background saving terminated with success
385:M 10 Aug 2026 08:15:14.063 * 100 changes in 300 seconds. Saving...
385:M 10 Aug 2026 08:15:14.065 * Background saving started by pid 21897
21897:C 10 Aug 2026 08:15:14.077 * DB saved on disk
21897:C 10 Aug 2026 08:15:14.078 * Fork CoW for RDB: current 0 MB, peak 0 MB, average 0 MB
385:M 10 Aug 2026 08:15:14.166 * Background saving terminated with success
385:M 10 Aug 2026 08:20:15.069 * 100 changes in 300 seconds. Saving...
385:M 10 Aug 2026 08:20:15.070 * Background saving started by pid 21982
21982:C 10 Aug 2026 08:20:15.092 * DB saved on disk
21982:C 10 Aug 2026 08:20:15.093 * Fork CoW for RDB: current 0 MB, peak 0 MB, average 0 MB
385:M 10 Aug 2026 08:20:15.171 * Background saving terminated with success
385:M 10 Aug 2026 08:25:16.028 * 100 changes in 300 seconds. Saving...
385:M 10 Aug 2026 08:25:16.030 * Background saving started by pid 22021
22021:C 10 Aug 2026 08:25:16.047 * DB saved on disk
22021:C 10 Aug 2026 08:25:16.048 * Fork CoW for RDB: current 0 MB, peak 0 MB, average 0 MB
385:M 10 Aug 2026 08:25:16.131 * Background saving terminated with success
385:M 10 Aug 2026 08:30:17.090 * 100 changes in 300 seconds. Saving...
385:M 10 Aug 2026 08:30:17.091 * Background saving started by pid 22064
22064:C 10 Aug 2026 08:30:17.105 * DB saved on disk
22064:C 10 Aug 2026 08:30:17.107 * Fork CoW for RDB: current 0 MB, peak 0 MB, average 0 MB
385:M 10 Aug 2026 08:30:17.192 * Background saving terminated with success
385:M 10 Aug 2026 08:35:18.060 * 100 changes in 300 seconds. Saving...
385:M 10 Aug 2026 08:35:18.061 * Background saving started by pid 22184
22184:C 10 Aug 2026 08:35:18.083 * DB saved on disk
22184:C 10 Aug 2026 08:35:18.084 * Fork CoW for RDB: current 0 MB, peak 0 MB, average 0 MB
385:M 10 Aug 2026 08:35:18.163 * Background saving terminated with success
385:M 10 Aug 2026 08:40:19.038 * 100 changes in 300 seconds. Saving...
385:M 10 Aug 2026 08:40:19.040 * Background saving started by pid 22255
22255:C 10 Aug 2026 08:40:19.056 * DB saved on disk
22255:C 10 Aug 2026 08:40:19.058 * Fork CoW for RDB: current 0 MB, peak 0 MB, average 0 MB
385:M 10 Aug 2026 08:40:19.141 * Background saving terminated with success
385:M 10 Aug 2026 08:45:20.017 * 100 changes in 300 seconds. Saving...
385:M 10 Aug 2026 08:45:20.018 * Background saving started by pid 22300
22300:C 10 Aug 2026 08:45:20.033 * DB saved on disk
22300:C 10 Aug 2026 08:45:20.034 * Fork CoW for RDB: current 0 MB, peak 0 MB, average 0 MB
385:M 10 Aug 2026 08:45:20.120 * Background saving terminated with success
385:M 10 Aug 2026 08:50:21.095 * 100 changes in 300 seconds. Saving...
385:M 10 Aug 2026 08:50:21.096 * Background saving started by pid 22363
22363:C 10 Aug 2026 08:50:21.119 * DB saved on disk
22363:C 10 Aug 2026 08:50:21.120 * Fork CoW for RDB: current 0 MB, peak 0 MB, average 0 MB
385:M 10 Aug 2026 08:50:21.198 * Background saving terminated with success
385:M 10 Aug 2026 08:55:22.080 * 100 changes in 300 seconds. Saving...
385:M 10 Aug 2026 08:55:22.082 * Background saving started by pid 22409
22409:C 10 Aug 2026 08:55:22.101 * DB saved on disk
22409:C 10 Aug 2026 08:55:22.102 * Fork CoW for RDB: current 0 MB, peak 0 MB, average 0 MB
385:M 10 Aug 2026 08:55:22.184 * Background saving terminated with success
385:M 10 Aug 2026 09:00:23.061 * 100 changes in 300 seconds. Saving...
385:M 10 Aug 2026 09:00:23.063 * Background saving started by pid 22490
22490:C 10 Aug 2026 09:00:23.078 * DB saved on disk
22490:C 10 Aug 2026 09:00:23.080 * Fork CoW for RDB: current 0 MB, peak 0 MB, average 0 MB
385:M 10 Aug 2026 09:00:23.164 * Background saving terminated with success
385:M 10 Aug 2026 09:05:24.029 * 100 changes in 300 seconds. Saving...
385:M 10 Aug 2026 09:05:24.031 * Background saving started by pid 22560
22560:C 10 Aug 2026 09:05:24.053 * DB saved on disk
22560:C 10 Aug 2026 09:05:24.055 * Fork CoW for RDB: current 0 MB, peak 0 MB, average 0 MB
385:M 10 Aug 2026 09:05:24.132 * Background saving terminated with success
385:M 10 Aug 2026 09:10:25.059 * 100 changes in 300 seconds. Saving...
385:M 10 Aug 2026 09:10:25.060 * Background saving started by pid 22616
22616:C 10 Aug 2026 09:10:25.068 * DB saved on disk
22616:C 10 Aug 2026 09:10:25.069 * Fork CoW for RDB: current 0 MB, peak 0 MB, average 0 MB
385:M 10 Aug 2026 09:10:25.161 * Background saving terminated with success
385:M 10 Aug 2026 09:15:26.075 * 100 changes in 300 seconds. Saving...
385:M 10 Aug 2026 09:15:26.077 * Background saving started by pid 22661
22661:C 10 Aug 2026 09:15:26.093 * DB saved on disk
22661:C 10 Aug 2026 09:15:26.094 * Fork CoW for RDB: current 0 MB, peak 0 MB, average 0 MB
385:M 10 Aug 2026 09:15:26.178 * Background saving terminated with success
385:M 10 Aug 2026 09:20:27.082 * 100 changes in 300 seconds. Saving...
385:M 10 Aug 2026 09:20:27.084 * Background saving started by pid 22750
22750:C 10 Aug 2026 09:20:27.118 * DB saved on disk
22750:C 10 Aug 2026 09:20:27.119 * Fork CoW for RDB: current 0 MB, peak 0 MB, average 0 MB
385:M 10 Aug 2026 09:20:27.185 * Background saving terminated with success
385:M 10 Aug 2026 09:25:28.062 * 100 changes in 300 seconds. Saving...
385:M 10 Aug 2026 09:25:28.064 * Background saving started by pid 22788
22788:C 10 Aug 2026 09:25:28.089 * DB saved on disk
22788:C 10 Aug 2026 09:25:28.090 * Fork CoW for RDB: current 0 MB, peak 0 MB, average 0 MB
385:M 10 Aug 2026 09:25:28.166 * Background saving terminated with success
385:M 10 Aug 2026 09:30:29.038 * 100 changes in 300 seconds. Saving...
385:M 10 Aug 2026 09:30:29.040 * Background saving started by pid 22829
22829:C 10 Aug 2026 09:30:29.056 * DB saved on disk
22829:C 10 Aug 2026 09:30:29.057 * Fork CoW for RDB: current 0 MB, peak 0 MB, average 0 MB
385:M 10 Aug 2026 09:30:29.142 * Background saving terminated with success
385:M 10 Aug 2026 09:35:30.062 * 100 changes in 300 seconds. Saving...
385:M 10 Aug 2026 09:35:30.064 * Background saving started by pid 22955
22955:C 10 Aug 2026 09:35:30.082 * DB saved on disk
22955:C 10 Aug 2026 09:35:30.083 * Fork CoW for RDB: current 0 MB, peak 0 MB, average 0 MB
385:M 10 Aug 2026 09:35:30.165 * Background saving terminated with success
385:M 10 Aug 2026 09:40:31.092 * 100 changes in 300 seconds. Saving...
385:M 10 Aug 2026 09:40:31.095 * Background saving started by pid 23014
23014:C 10 Aug 2026 09:40:31.115 * DB saved on disk
23014:C 10 Aug 2026 09:40:31.117 * Fork CoW for RDB: current 0 MB, peak 0 MB, average 0 MB
385:M 10 Aug 2026 09:40:31.196 * Background saving terminated with success
385:M 10 Aug 2026 09:45:32.045 * 100 changes in 300 seconds. Saving...
385:M 10 Aug 2026 09:45:32.046 * Background saving started by pid 23053
23053:C 10 Aug 2026 09:45:32.062 * DB saved on disk
23053:C 10 Aug 2026 09:45:32.063 * Fork CoW for RDB: current 0 MB, peak 0 MB, average 0 MB
385:M 10 Aug 2026 09:45:32.147 * Background saving terminated with success
385:M 10 Aug 2026 09:50:33.008 * 100 changes in 300 seconds. Saving...
385:M 10 Aug 2026 09:50:33.011 * Background saving started by pid 23122
23122:C 10 Aug 2026 09:50:33.028 * DB saved on disk
23122:C 10 Aug 2026 09:50:33.029 * Fork CoW for RDB: current 0 MB, peak 0 MB, average 0 MB
385:M 10 Aug 2026 09:50:33.112 * Background saving terminated with success
385:M 10 Aug 2026 09:55:34.013 * 100 changes in 300 seconds. Saving...
385:M 10 Aug 2026 09:55:34.015 * Background saving started by pid 23168
23168:C 10 Aug 2026 09:55:34.033 * DB saved on disk
23168:C 10 Aug 2026 09:55:34.034 * Fork CoW for RDB: current 0 MB, peak 0 MB, average 0 MB
385:M 10 Aug 2026 09:55:34.116 * Background saving terminated with success
385:M 10 Aug 2026 10:00:35.020 * 100 changes in 300 seconds. Saving...
385:M 10 Aug 2026 10:00:35.021 * Background saving started by pid 23245
23245:C 10 Aug 2026 10:00:35.036 * DB saved on disk
23245:C 10 Aug 2026 10:00:35.037 * Fork CoW for RDB: current 0 MB, peak 0 MB, average 0 MB
385:M 10 Aug 2026 10:00:35.123 * Background saving terminated with success
385:M 10 Aug 2026 10:05:36.056 * 100 changes in 300 seconds. Saving...
385:M 10 Aug 2026 10:05:36.058 * Background saving started by pid 23312
23312:C 10 Aug 2026 10:05:36.078 * DB saved on disk
23312:C 10 Aug 2026 10:05:36.080 * Fork CoW for RDB: current 0 MB, peak 0 MB, average 0 MB
385:M 10 Aug 2026 10:05:36.160 * Background saving terminated with success
385:M 10 Aug 2026 10:10:37.082 * 100 changes in 300 seconds. Saving...
385:M 10 Aug 2026 10:10:37.085 * Background saving started by pid 23357
23357:C 10 Aug 2026 10:10:37.099 * DB saved on disk
23357:C 10 Aug 2026 10:10:37.101 * Fork CoW for RDB: current 0 MB, peak 0 MB, average 0 MB
385:M 10 Aug 2026 10:10:37.186 * Background saving terminated with success
385:M 10 Aug 2026 10:15:38.013 * 100 changes in 300 seconds. Saving...
385:M 10 Aug 2026 10:15:38.015 * Background saving started by pid 23413
23413:C 10 Aug 2026 10:15:38.036 * DB saved on disk
23413:C 10 Aug 2026 10:15:38.037 * Fork CoW for RDB: current 0 MB, peak 0 MB, average 0 MB
385:M 10 Aug 2026 10:15:38.117 * Background saving terminated with success
385:M 10 Aug 2026 10:20:39.007 * 100 changes in 300 seconds. Saving...
385:M 10 Aug 2026 10:20:39.009 * Background saving started by pid 23500
23500:C 10 Aug 2026 10:20:39.035 * DB saved on disk
23500:C 10 Aug 2026 10:20:39.037 * Fork CoW for RDB: current 0 MB, peak 0 MB, average 0 MB
385:M 10 Aug 2026 10:20:39.110 * Background saving terminated with success
385:M 10 Aug 2026 10:25:40.033 * 100 changes in 300 seconds. Saving...
385:M 10 Aug 2026 10:25:40.035 * Background saving started by pid 23545
23545:C 10 Aug 2026 10:25:40.050 * DB saved on disk
23545:C 10 Aug 2026 10:25:40.052 * Fork CoW for RDB: current 0 MB, peak 0 MB, average 0 MB
385:M 10 Aug 2026 10:25:40.136 * Background saving terminated with success
385:M 10 Aug 2026 10:30:41.034 * 100 changes in 300 seconds. Saving...
385:M 10 Aug 2026 10:30:41.036 * Background saving started by pid 23596
23596:C 10 Aug 2026 10:30:41.053 * DB saved on disk
23596:C 10 Aug 2026 10:30:41.054 * Fork CoW for RDB: current 0 MB, peak 0 MB, average 0 MB
385:M 10 Aug 2026 10:30:41.137 * Background saving terminated with success
385:M 10 Aug 2026 10:35:42.064 * 100 changes in 300 seconds. Saving...
385:M 10 Aug 2026 10:35:42.066 * Background saving started by pid 23719
23719:C 10 Aug 2026 10:35:42.091 * DB saved on disk
23719:C 10 Aug 2026 10:35:42.092 * Fork CoW for RDB: current 0 MB, peak 0 MB, average 0 MB
385:M 10 Aug 2026 10:35:42.167 * Background saving terminated with success
385:M 10 Aug 2026 10:40:43.076 * 100 changes in 300 seconds. Saving...
385:M 10 Aug 2026 10:40:43.077 * Background saving started by pid 23784
23784:C 10 Aug 2026 10:40:43.088 * DB saved on disk
23784:C 10 Aug 2026 10:40:43.089 * Fork CoW for RDB: current 0 MB, peak 0 MB, average 0 MB
385:M 10 Aug 2026 10:40:43.178 * Background saving terminated with success
385:M 10 Aug 2026 10:45:44.091 * 100 changes in 300 seconds. Saving...
385:M 10 Aug 2026 10:45:44.092 * Background saving started by pid 23826
23826:C 10 Aug 2026 10:45:44.107 * DB saved on disk
23826:C 10 Aug 2026 10:45:44.109 * Fork CoW for RDB: current 0 MB, peak 0 MB, average 0 MB
385:M 10 Aug 2026 10:45:44.194 * Background saving terminated with success
385:M 10 Aug 2026 10:50:45.051 * 100 changes in 300 seconds. Saving...
385:M 10 Aug 2026 10:50:45.053 * Background saving started by pid 23892
23892:C 10 Aug 2026 10:50:45.070 * DB saved on disk
23892:C 10 Aug 2026 10:50:45.071 * Fork CoW for RDB: current 0 MB, peak 0 MB, average 0 MB
385:M 10 Aug 2026 10:50:45.154 * Background saving terminated with success
385:M 10 Aug 2026 10:55:46.066 * 100 changes in 300 seconds. Saving...
385:M 10 Aug 2026 10:55:46.071 * Background saving started by pid 23946
23946:C 10 Aug 2026 10:55:46.091 * DB saved on disk
23946:C 10 Aug 2026 10:55:46.093 * Fork CoW for RDB: current 0 MB, peak 0 MB, average 0 MB
385:M 10 Aug 2026 10:55:46.172 * Background saving terminated with success
385:M 10 Aug 2026 11:00:47.083 * 100 changes in 300 seconds. Saving...
385:M 10 Aug 2026 11:00:47.086 * Background saving started by pid 24025
24025:C 10 Aug 2026 11:00:47.111 * DB saved on disk
24025:C 10 Aug 2026 11:00:47.113 * Fork CoW for RDB: current 0 MB, peak 0 MB, average 0 MB
385:M 10 Aug 2026 11:00:47.188 * Background saving terminated with success
385:M 10 Aug 2026 11:05:48.016 * 100 changes in 300 seconds. Saving...
385:M 10 Aug 2026 11:05:48.017 * Background saving started by pid 24067
24067:C 10 Aug 2026 11:05:48.034 * DB saved on disk
24067:C 10 Aug 2026 11:05:48.035 * Fork CoW for RDB: current 0 MB, peak 0 MB, average 0 MB
385:M 10 Aug 2026 11:05:48.119 * Background saving terminated with success
385:M 10 Aug 2026 11:10:49.075 * 100 changes in 300 seconds. Saving...
385:M 10 Aug 2026 11:10:49.079 * Background saving started by pid 24142
24142:C 10 Aug 2026 11:10:49.105 * DB saved on disk
24142:C 10 Aug 2026 11:10:49.106 * Fork CoW for RDB: current 0 MB, peak 0 MB, average 0 MB
385:M 10 Aug 2026 11:10:49.179 * Background saving terminated with success
385:M 10 Aug 2026 11:15:50.013 * 100 changes in 300 seconds. Saving...
385:M 10 Aug 2026 11:15:50.017 * Background saving started by pid 24190
24190:C 10 Aug 2026 11:15:50.041 * DB saved on disk
24190:C 10 Aug 2026 11:15:50.042 * Fork CoW for RDB: current 0 MB, peak 0 MB, average 0 MB
385:M 10 Aug 2026 11:15:50.118 * Background saving terminated with success
385:M 10 Aug 2026 11:20:51.031 * 100 changes in 300 seconds. Saving...
385:M 10 Aug 2026 11:20:51.036 * Background saving started by pid 24282
24282:C 10 Aug 2026 11:20:51.062 * DB saved on disk
24282:C 10 Aug 2026 11:20:51.063 * Fork CoW for RDB: current 0 MB, peak 0 MB, average 0 MB
385:M 10 Aug 2026 11:20:51.137 * Background saving terminated with success
385:M 10 Aug 2026 11:25:52.030 * 100 changes in 300 seconds. Saving...
385:M 10 Aug 2026 11:25:52.032 * Background saving started by pid 24330
24330:C 10 Aug 2026 11:25:52.049 * DB saved on disk
24330:C 10 Aug 2026 11:25:52.050 * Fork CoW for RDB: current 0 MB, peak 0 MB, average 0 MB
385:M 10 Aug 2026 11:25:52.134 * Background saving terminated with success
385:M 10 Aug 2026 11:30:53.002 * 100 changes in 300 seconds. Saving...
385:M 10 Aug 2026 11:30:53.008 * Background saving started by pid 24376
24376:C 10 Aug 2026 11:30:53.053 * DB saved on disk
24376:C 10 Aug 2026 11:30:53.054 * Fork CoW for RDB: current 0 MB, peak 0 MB, average 0 MB
385:M 10 Aug 2026 11:30:53.110 * Background saving terminated with success
385:M 10 Aug 2026 11:35:54.068 * 100 changes in 300 seconds. Saving...
385:M 10 Aug 2026 11:35:54.070 * Background saving started by pid 24472
24472:C 10 Aug 2026 11:35:54.095 * DB saved on disk
24472:C 10 Aug 2026 11:35:54.097 * Fork CoW for RDB: current 0 MB, peak 0 MB, average 0 MB
385:M 10 Aug 2026 11:35:54.171 * Background saving terminated with success
385:M 10 Aug 2026 11:40:55.015 * 100 changes in 300 seconds. Saving...
385:M 10 Aug 2026 11:40:55.016 * Background saving started by pid 24563
24563:C 10 Aug 2026 11:40:55.029 * DB saved on disk
24563:C 10 Aug 2026 11:40:55.030 * Fork CoW for RDB: current 0 MB, peak 0 MB, average 0 MB
385:M 10 Aug 2026 11:40:55.117 * Background saving terminated with success
385:M 10 Aug 2026 11:45:56.083 * 100 changes in 300 seconds. Saving...
385:M 10 Aug 2026 11:45:56.085 * Background saving started by pid 24609
24609:C 10 Aug 2026 11:45:56.107 * DB saved on disk
24609:C 10 Aug 2026 11:45:56.108 * Fork CoW for RDB: current 0 MB, peak 0 MB, average 0 MB
385:M 10 Aug 2026 11:45:56.186 * Background saving terminated with success
385:M 10 Aug 2026 11:50:57.022 * 100 changes in 300 seconds. Saving...
385:M 10 Aug 2026 11:50:57.024 * Background saving started by pid 24677
24677:C 10 Aug 2026 11:50:57.037 * DB saved on disk
24677:C 10 Aug 2026 11:50:57.038 * Fork CoW for RDB: current 0 MB, peak 0 MB, average 0 MB
385:M 10 Aug 2026 11:50:57.125 * Background saving terminated with success
385:M 10 Aug 2026 11:55:58.072 * 100 changes in 300 seconds. Saving...
385:M 10 Aug 2026 11:55:58.074 * Background saving started by pid 24723
24723:C 10 Aug 2026 11:55:58.089 * DB saved on disk
24723:C 10 Aug 2026 11:55:58.091 * Fork CoW for RDB: current 0 MB, peak 0 MB, average 0 MB
385:M 10 Aug 2026 11:55:58.175 * Background saving terminated with success
385:M 10 Aug 2026 12:00:59.097 * 100 changes in 300 seconds. Saving...
385:M 10 Aug 2026 12:00:59.099 * Background saving started by pid 24834
24834:C 10 Aug 2026 12:00:59.123 * DB saved on disk
24834:C 10 Aug 2026 12:00:59.125 * Fork CoW for RDB: current 0 MB, peak 0 MB, average 0 MB
385:M 10 Aug 2026 12:00:59.200 * Background saving terminated with success
385:M 10 Aug 2026 12:06:00.004 * 100 changes in 300 seconds. Saving...
385:M 10 Aug 2026 12:06:00.007 * Background saving started by pid 24874
24874:C 10 Aug 2026 12:06:00.026 * DB saved on disk
24874:C 10 Aug 2026 12:06:00.027 * Fork CoW for RDB: current 0 MB, peak 0 MB, average 0 MB
385:M 10 Aug 2026 12:06:00.108 * Background saving terminated with success
385:M 10 Aug 2026 12:11:01.014 * 100 changes in 300 seconds. Saving...
385:M 10 Aug 2026 12:11:01.015 * Background saving started by pid 24946
24946:C 10 Aug 2026 12:11:01.026 * DB saved on disk
24946:C 10 Aug 2026 12:11:01.027 * Fork CoW for RDB: current 0 MB, peak 0 MB, average 0 MB
385:M 10 Aug 2026 12:11:01.116 * Background saving terminated with success
385:M 10 Aug 2026 12:34:49.733 * 100 changes in 300 seconds. Saving...
385:M 10 Aug 2026 12:34:49.734 * Background saving started by pid 24983
24983:C 10 Aug 2026 12:34:50.545 * DB saved on disk
24983:C 10 Aug 2026 12:34:50.545 * Fork CoW for RDB: current 1 MB, peak 1 MB, average 1 MB
385:M 10 Aug 2026 12:34:50.625 * Background saving terminated with success
385:M 10 Aug 2026 12:39:51.073 * 100 changes in 300 seconds. Saving...
385:M 10 Aug 2026 12:39:51.077 * Background saving started by pid 25092
25092:C 10 Aug 2026 12:39:51.092 * DB saved on disk
25092:C 10 Aug 2026 12:39:51.093 * Fork CoW for RDB: current 0 MB, peak 0 MB, average 0 MB
385:M 10 Aug 2026 12:39:51.178 * Background saving terminated with success
385:M 10 Aug 2026 12:44:52.048 * 100 changes in 300 seconds. Saving...
385:M 10 Aug 2026 12:44:52.056 * Background saving started by pid 25162
25162:C 10 Aug 2026 12:44:52.082 * DB saved on disk
25162:C 10 Aug 2026 12:44:52.083 * Fork CoW for RDB: current 0 MB, peak 0 MB, average 0 MB
385:M 10 Aug 2026 12:44:52.159 * Background saving terminated with success
385:M 10 Aug 2026 12:49:53.028 * 100 changes in 300 seconds. Saving...
385:M 10 Aug 2026 12:49:53.036 * Background saving started by pid 25228
25228:C 10 Aug 2026 12:49:53.054 * DB saved on disk
25228:C 10 Aug 2026 12:49:53.055 * Fork CoW for RDB: current 0 MB, peak 0 MB, average 0 MB
385:M 10 Aug 2026 12:49:53.137 * Background saving terminated with success
385:M 10 Aug 2026 12:54:54.027 * 100 changes in 300 seconds. Saving...
385:M 10 Aug 2026 12:54:54.033 * Background saving started by pid 33950
33950:C 10 Aug 2026 12:54:54.053 * DB saved on disk
33950:C 10 Aug 2026 12:54:54.054 * Fork CoW for RDB: current 0 MB, peak 0 MB, average 0 MB
385:M 10 Aug 2026 12:54:54.136 * Background saving terminated with success
385:M 10 Aug 2026 12:59:55.052 * 100 changes in 300 seconds. Saving...
385:M 10 Aug 2026 12:59:55.060 * Background saving started by pid 34041
34041:C 10 Aug 2026 12:59:55.072 * DB saved on disk
34041:C 10 Aug 2026 12:59:55.072 * Fork CoW for RDB: current 0 MB, peak 0 MB, average 0 MB
385:M 10 Aug 2026 12:59:55.161 * Background saving terminated with success
385:M 10 Aug 2026 13:04:56.027 * 100 changes in 300 seconds. Saving...
385:M 10 Aug 2026 13:04:56.029 * Background saving started by pid 34166
34166:C 10 Aug 2026 13:04:56.053 * DB saved on disk
34166:C 10 Aug 2026 13:04:56.053 * Fork CoW for RDB: current 0 MB, peak 0 MB, average 0 MB
385:M 10 Aug 2026 13:04:56.129 * Background saving terminated with success
385:M 10 Aug 2026 13:09:57.028 * 100 changes in 300 seconds. Saving...
385:M 10 Aug 2026 13:09:57.031 * Background saving started by pid 34237
34237:C 10 Aug 2026 13:09:57.046 * DB saved on disk
34237:C 10 Aug 2026 13:09:57.046 * Fork CoW for RDB: current 0 MB, peak 0 MB, average 0 MB
385:M 10 Aug 2026 13:09:57.132 * Background saving terminated with success
385:M 10 Aug 2026 13:14:58.086 * 100 changes in 300 seconds. Saving...
385:M 10 Aug 2026 13:14:58.090 * Background saving started by pid 34310
34310:C 10 Aug 2026 13:14:58.099 * DB saved on disk
34310:C 10 Aug 2026 13:14:58.099 * Fork CoW for RDB: current 0 MB, peak 0 MB, average 0 MB
385:M 10 Aug 2026 13:14:58.191 * Background saving terminated with success
385:M 10 Aug 2026 13:19:59.083 * 100 changes in 300 seconds. Saving...
385:M 10 Aug 2026 13:19:59.085 * Background saving started by pid 34388
34388:C 10 Aug 2026 13:19:59.097 * DB saved on disk
34388:C 10 Aug 2026 13:19:59.098 * Fork CoW for RDB: current 0 MB, peak 0 MB, average 0 MB
385:M 10 Aug 2026 13:19:59.187 * Background saving terminated with success
385:M 10 Aug 2026 13:25:00.050 * 100 changes in 300 seconds. Saving...
385:M 10 Aug 2026 13:25:00.063 * Background saving started by pid 34451
34451:C 10 Aug 2026 13:25:00.099 * DB saved on disk
34451:C 10 Aug 2026 13:25:00.101 * Fork CoW for RDB: current 0 MB, peak 0 MB, average 0 MB
385:M 10 Aug 2026 13:25:00.166 * Background saving terminated with success
385:M 10 Aug 2026 13:30:01.060 * 100 changes in 300 seconds. Saving...
385:M 10 Aug 2026 13:30:01.062 * Background saving started by pid 34492
34492:C 10 Aug 2026 13:30:01.080 * DB saved on disk
34492:C 10 Aug 2026 13:30:01.081 * Fork CoW for RDB: current 0 MB, peak 0 MB, average 0 MB
385:M 10 Aug 2026 13:30:01.164 * Background saving terminated with success
385:M 10 Aug 2026 13:35:02.050 * 100 changes in 300 seconds. Saving...
385:M 10 Aug 2026 13:35:02.054 * Background saving started by pid 34613
34613:C 10 Aug 2026 13:35:02.078 * DB saved on disk
34613:C 10 Aug 2026 13:35:02.080 * Fork CoW for RDB: current 0 MB, peak 0 MB, average 0 MB
385:M 10 Aug 2026 13:35:02.155 * Background saving terminated with success
385:M 10 Aug 2026 13:40:03.045 * 100 changes in 300 seconds. Saving...
385:M 10 Aug 2026 13:40:03.049 * Background saving started by pid 34678
34678:C 10 Aug 2026 13:40:03.084 * DB saved on disk
34678:C 10 Aug 2026 13:40:03.085 * Fork CoW for RDB: current 0 MB, peak 0 MB, average 0 MB
385:M 10 Aug 2026 13:40:03.150 * Background saving terminated with success
385:M 10 Aug 2026 13:45:04.002 * 100 changes in 300 seconds. Saving...
385:M 10 Aug 2026 13:45:04.004 * Background saving started by pid 34723
34723:C 10 Aug 2026 13:45:04.025 * DB saved on disk
34723:C 10 Aug 2026 13:45:04.027 * Fork CoW for RDB: current 0 MB, peak 0 MB, average 0 MB
385:M 10 Aug 2026 13:45:04.105 * Background saving terminated with success
8825:C 11 Aug 2026 05:03:59.486 # WARNING Memory overcommit must be enabled! Without it, a background save or replication may fail under low memory condition. Being disabled, it can also cause failures without low memory condition, see https://github.com/jemalloc/jemalloc/issues/1328. To fix this issue add 'vm.overcommit_memory = 1' to /etc/sysctl.conf and then reboot or run the command 'sysctl vm.overcommit_memory=1' for this to take effect.
8825:C 11 Aug 2026 05:03:59.486 * oO0OoO0OoO0Oo Redis is starting oO0OoO0OoO0Oo
8825:C 11 Aug 2026 05:03:59.486 * Redis version=8.0.5, bits=64, commit=00000000, modified=0, pid=8825, just started
8825:C 11 Aug 2026 05:03:59.486 * Configuration loaded
8825:M 11 Aug 2026 05:03:59.493 * Increased maximum number of open files to 10032 (it was originally set to 1024).
8825:M 11 Aug 2026 05:03:59.493 * monotonic clock: POSIX clock_gettime
8825:M 11 Aug 2026 05:03:59.506 * Running mode=standalone, port=11001.
8825:M 11 Aug 2026 05:03:59.553 * Server initialized
8825:M 11 Aug 2026 05:03:59.554 * Loading RDB produced by version 8.0.5
8825:M 11 Aug 2026 05:03:59.554 * RDB age 55135 seconds
8825:M 11 Aug 2026 05:03:59.554 * RDB memory usage when created 1.57 Mb
8825:M 11 Aug 2026 05:03:59.554 * Done loading RDB, keys loaded: 8, keys expired: 14.
8825:M 11 Aug 2026 05:03:59.554 * DB loaded from disk: 0.001 seconds
8825:M 11 Aug 2026 05:03:59.554 * Ready to accept connections tcp
8825:signal-handler (1786425243) Received SIGTERM scheduling shutdown...
8825:M 11 Aug 2026 05:14:03.232 * User requested shutdown...
8825:M 11 Aug 2026 05:14:03.233 * Saving the final RDB snapshot before exiting.
8825:M 11 Aug 2026 05:14:03.267 * DB saved on disk
8825:M 11 Aug 2026 05:14:03.267 * Removing the pid file.
8825:M 11 Aug 2026 05:14:03.272 # Redis is now ready to exit, bye bye...
10116:C 11 Aug 2026 05:14:05.511 # WARNING Memory overcommit must be enabled! Without it, a background save or replication may fail under low memory condition. Being disabled, it can also cause failures without low memory condition, see https://github.com/jemalloc/jemalloc/issues/1328. To fix this issue add 'vm.overcommit_memory = 1' to /etc/sysctl.conf and then reboot or run the command 'sysctl vm.overcommit_memory=1' for this to take effect.
10116:C 11 Aug 2026 05:14:05.516 * oO0OoO0OoO0Oo Redis is starting oO0OoO0OoO0Oo
10116:C 11 Aug 2026 05:14:05.516 * Redis version=8.0.5, bits=64, commit=00000000, modified=0, pid=10116, just started
10116:C 11 Aug 2026 05:14:05.516 * Configuration loaded
10116:M 11 Aug 2026 05:14:05.516 * Increased maximum number of open files to 10032 (it was originally set to 1024).
10116:M 11 Aug 2026 05:14:05.516 * monotonic clock: POSIX clock_gettime
10116:M 11 Aug 2026 05:14:05.518 * Running mode=standalone, port=11001.
10116:M 11 Aug 2026 05:14:05.523 * Server initialized
10116:M 11 Aug 2026 05:14:05.525 * Loading RDB produced by version 8.0.5
10116:M 11 Aug 2026 05:14:05.525 * RDB age 2 seconds
10116:M 11 Aug 2026 05:14:05.525 * RDB memory usage when created 1.12 Mb
10116:M 11 Aug 2026 05:14:05.526 * Done loading RDB, keys loaded: 8, keys expired: 0.
10116:M 11 Aug 2026 05:14:05.526 * DB loaded from disk: 0.004 seconds
10116:M 11 Aug 2026 05:14:05.527 * Ready to accept connections tcp
10116:M 11 Aug 2026 05:28:00.933 * 100 changes in 300 seconds. Saving...
10116:M 11 Aug 2026 05:28:00.934 * Background saving started by pid 10702
10702:C 11 Aug 2026 05:28:00.949 * DB saved on disk
10702:C 11 Aug 2026 05:28:00.950 * Fork CoW for RDB: current 0 MB, peak 0 MB, average 0 MB
10116:M 11 Aug 2026 05:28:01.036 * Background saving terminated with success
10116:M 11 Aug 2026 05:33:02.062 * 100 changes in 300 seconds. Saving...
10116:M 11 Aug 2026 05:33:02.063 * Background saving started by pid 10929
10929:C 11 Aug 2026 05:33:02.075 * DB saved on disk
10929:C 11 Aug 2026 05:33:02.075 * Fork CoW for RDB: current 0 MB, peak 0 MB, average 0 MB
10116:M 11 Aug 2026 05:33:02.164 * Background saving terminated with success
10116:M 11 Aug 2026 05:55:17.204 * 100 changes in 300 seconds. Saving...
10116:M 11 Aug 2026 05:55:17.207 * Background saving started by pid 11168
11168:C 11 Aug 2026 05:55:17.219 * DB saved on disk
11168:C 11 Aug 2026 05:55:17.219 * Fork CoW for RDB: current 0 MB, peak 0 MB, average 0 MB
10116:M 11 Aug 2026 05:55:17.310 * Background saving terminated with success
10116:signal-handler (1786427717) Received SIGTERM scheduling shutdown...
10116:M 11 Aug 2026 05:55:17.611 * User requested shutdown...
10116:M 11 Aug 2026 05:55:17.618 * Saving the final RDB snapshot before exiting.
10116:M 11 Aug 2026 05:55:17.655 * DB saved on disk
10116:M 11 Aug 2026 05:55:17.656 * Removing the pid file.
10116:M 11 Aug 2026 05:55:17.656 # Redis is now ready to exit, bye bye...
11179:C 11 Aug 2026 05:55:21.821 # WARNING Memory overcommit must be enabled! Without it, a background save or replication may fail under low memory condition. Being disabled, it can also cause failures without low memory condition, see https://github.com/jemalloc/jemalloc/issues/1328. To fix this issue add 'vm.overcommit_memory = 1' to /etc/sysctl.conf and then reboot or run the command 'sysctl vm.overcommit_memory=1' for this to take effect.
11179:C 11 Aug 2026 05:55:21.822 * oO0OoO0OoO0Oo Redis is starting oO0OoO0OoO0Oo
11179:C 11 Aug 2026 05:55:21.822 * Redis version=8.0.5, bits=64, commit=00000000, modified=0, pid=11179, just started
11179:C 11 Aug 2026 05:55:21.822 * Configuration loaded
11179:M 11 Aug 2026 05:55:21.824 * Increased maximum number of open files to 10032 (it was originally set to 1024).
11179:M 11 Aug 2026 05:55:21.825 * monotonic clock: POSIX clock_gettime
11179:M 11 Aug 2026 05:55:21.833 * Running mode=standalone, port=11001.
11179:M 11 Aug 2026 05:55:21.841 * Server initialized
11179:M 11 Aug 2026 05:55:21.843 * Loading RDB produced by version 8.0.5
11179:M 11 Aug 2026 05:55:21.843 * RDB age 4 seconds
11179:M 11 Aug 2026 05:55:21.844 * RDB memory usage when created 1.48 Mb
11179:M 11 Aug 2026 05:55:21.844 * Done loading RDB, keys loaded: 10, keys expired: 0.
11179:M 11 Aug 2026 05:55:21.844 * DB loaded from disk: 0.002 seconds
11179:M 11 Aug 2026 05:55:21.845 * Ready to accept connections tcp
11179:M 11 Aug 2026 06:00:22.055 * 100 changes in 300 seconds. Saving...
11179:M 11 Aug 2026 06:00:22.063 * Background saving started by pid 11374
11374:C 11 Aug 2026 06:00:22.091 * DB saved on disk
11374:C 11 Aug 2026 06:00:22.092 * Fork CoW for RDB: current 0 MB, peak 0 MB, average 0 MB
11179:M 11 Aug 2026 06:00:22.165 * Background saving terminated with success
11179:M 11 Aug 2026 06:05:23.024 * 100 changes in 300 seconds. Saving...
11179:M 11 Aug 2026 06:05:23.028 * Background saving started by pid 11410
11410:C 11 Aug 2026 06:05:23.043 * DB saved on disk
11410:C 11 Aug 2026 06:05:23.045 * Fork CoW for RDB: current 0 MB, peak 0 MB, average 0 MB
11179:M 11 Aug 2026 06:05:23.129 * Background saving terminated with success
11179:M 11 Aug 2026 06:10:24.031 * 100 changes in 300 seconds. Saving...
11179:M 11 Aug 2026 06:10:24.036 * Background saving started by pid 11452
11452:C 11 Aug 2026 06:10:24.063 * DB saved on disk
11452:C 11 Aug 2026 06:10:24.064 * Fork CoW for RDB: current 0 MB, peak 0 MB, average 0 MB
11179:M 11 Aug 2026 06:10:24.137 * Background saving terminated with success
11179:M 11 Aug 2026 06:15:25.027 * 100 changes in 300 seconds. Saving...
11179:M 11 Aug 2026 06:15:25.029 * Background saving started by pid 11525
11525:C 11 Aug 2026 06:15:25.046 * DB saved on disk
11525:C 11 Aug 2026 06:15:25.047 * Fork CoW for RDB: current 0 MB, peak 0 MB, average 0 MB
11179:M 11 Aug 2026 06:15:25.130 * Background saving terminated with success
11179:M 11 Aug 2026 06:20:26.057 * 100 changes in 300 seconds. Saving...
11179:M 11 Aug 2026 06:20:26.061 * Background saving started by pid 11611
11611:C 11 Aug 2026 06:20:26.075 * DB saved on disk
11611:C 11 Aug 2026 06:20:26.076 * Fork CoW for RDB: current 0 MB, peak 0 MB, average 0 MB
11179:M 11 Aug 2026 06:20:26.162 * Background saving terminated with success
11179:M 11 Aug 2026 06:25:27.007 * 100 changes in 300 seconds. Saving...
11179:M 11 Aug 2026 06:25:27.009 * Background saving started by pid 11669
11669:C 11 Aug 2026 06:25:27.045 * DB saved on disk
11669:C 11 Aug 2026 06:25:27.046 * Fork CoW for RDB: current 0 MB, peak 0 MB, average 0 MB
11179:M 11 Aug 2026 06:25:27.110 * Background saving terminated with success
11179:M 11 Aug 2026 06:30:28.093 * 100 changes in 300 seconds. Saving...
11179:M 11 Aug 2026 06:30:28.095 * Background saving started by pid 11715
11715:C 11 Aug 2026 06:30:28.109 * DB saved on disk
11715:C 11 Aug 2026 06:30:28.110 * Fork CoW for RDB: current 0 MB, peak 0 MB, average 0 MB
11179:M 11 Aug 2026 06:30:28.196 * Background saving terminated with success
11179:M 11 Aug 2026 06:35:29.035 * 100 changes in 300 seconds. Saving...
11179:M 11 Aug 2026 06:35:29.037 * Background saving started by pid 11851
11851:C 11 Aug 2026 06:35:29.055 * DB saved on disk
11851:C 11 Aug 2026 06:35:29.057 * Fork CoW for RDB: current 0 MB, peak 0 MB, average 0 MB
11179:M 11 Aug 2026 06:35:29.138 * Background saving terminated with success
11179:M 11 Aug 2026 06:40:30.090 * 100 changes in 300 seconds. Saving...
11179:M 11 Aug 2026 06:40:30.113 * Background saving started by pid 12175
12175:C 11 Aug 2026 06:40:30.242 * DB saved on disk
12175:C 11 Aug 2026 06:40:30.243 * Fork CoW for RDB: current 1 MB, peak 1 MB, average 0 MB
11179:M 11 Aug 2026 06:40:30.318 * Background saving terminated with success
11179:M 11 Aug 2026 06:45:31.027 * 100 changes in 300 seconds. Saving...
11179:M 11 Aug 2026 06:45:31.030 * Background saving started by pid 12262
12262:C 11 Aug 2026 06:45:31.045 * DB saved on disk
12262:C 11 Aug 2026 06:45:31.046 * Fork CoW for RDB: current 0 MB, peak 0 MB, average 0 MB
11179:M 11 Aug 2026 06:45:31.131 * Background saving terminated with success
11179:M 11 Aug 2026 06:50:32.081 * 100 changes in 300 seconds. Saving...
11179:M 11 Aug 2026 06:50:32.083 * Background saving started by pid 12341
12341:C 11 Aug 2026 06:50:32.101 * DB saved on disk
12341:C 11 Aug 2026 06:50:32.102 * Fork CoW for RDB: current 0 MB, peak 0 MB, average 0 MB
11179:M 11 Aug 2026 06:50:32.184 * Background saving terminated with success
11179:M 11 Aug 2026 06:55:33.080 * 100 changes in 300 seconds. Saving...
11179:M 11 Aug 2026 06:55:33.081 * Background saving started by pid 12395
12395:C 11 Aug 2026 06:55:33.132 * DB saved on disk
12395:C 11 Aug 2026 06:55:33.133 * Fork CoW for RDB: current 0 MB, peak 0 MB, average 0 MB
11179:M 11 Aug 2026 06:55:33.182 * Background saving terminated with success
11179:M 11 Aug 2026 07:00:34.018 * 100 changes in 300 seconds. Saving...
11179:M 11 Aug 2026 07:00:34.020 * Background saving started by pid 12478
12478:C 11 Aug 2026 07:00:34.040 * DB saved on disk
12478:C 11 Aug 2026 07:00:34.041 * Fork CoW for RDB: current 0 MB, peak 0 MB, average 0 MB
11179:M 11 Aug 2026 07:00:34.121 * Background saving terminated with success
11179:M 11 Aug 2026 07:05:35.029 * 100 changes in 300 seconds. Saving...
11179:M 11 Aug 2026 07:05:35.031 * Background saving started by pid 12517
12517:C 11 Aug 2026 07:05:35.049 * DB saved on disk
12517:C 11 Aug 2026 07:05:35.051 * Fork CoW for RDB: current 0 MB, peak 0 MB, average 0 MB
11179:M 11 Aug 2026 07:05:35.133 * Background saving terminated with success
11179:M 11 Aug 2026 07:10:36.032 * 100 changes in 300 seconds. Saving...
11179:M 11 Aug 2026 07:10:36.035 * Background saving started by pid 12564
12564:C 11 Aug 2026 07:10:36.066 * DB saved on disk
12564:C 11 Aug 2026 07:10:36.067 * Fork CoW for RDB: current 0 MB, peak 0 MB, average 0 MB
11179:M 11 Aug 2026 07:10:36.137 * Background saving terminated with success
11179:M 11 Aug 2026 07:20:04.384 * 100 changes in 300 seconds. Saving...
11179:M 11 Aug 2026 07:20:04.950 * Background saving started by pid 12597
12597:C 11 Aug 2026 07:20:06.304 * DB saved on disk
12597:C 11 Aug 2026 07:20:06.304 * Fork CoW for RDB: current 1 MB, peak 1 MB, average 1 MB
11179:M 11 Aug 2026 07:20:06.415 * Background saving terminated with success
11179:M 11 Aug 2026 07:30:12.087 * 100 changes in 300 seconds. Saving...
11179:M 11 Aug 2026 07:30:12.088 * Background saving started by pid 12701
12701:C 11 Aug 2026 07:30:12.193 * DB saved on disk
12701:C 11 Aug 2026 07:30:12.194 * Fork CoW for RDB: current 1 MB, peak 1 MB, average 0 MB
11179:M 11 Aug 2026 07:30:12.290 * Background saving terminated with success
11179:M 11 Aug 2026 08:02:32.108 * 100 changes in 300 seconds. Saving...
11179:M 11 Aug 2026 08:02:32.109 * Background saving started by pid 12794
12794:C 11 Aug 2026 08:02:33.514 * DB saved on disk
12794:C 11 Aug 2026 08:02:33.515 * Fork CoW for RDB: current 1 MB, peak 1 MB, average 1 MB
11179:M 11 Aug 2026 08:02:33.525 * Background saving terminated with success
11179:M 11 Aug 2026 08:07:34.012 * 100 changes in 300 seconds. Saving...
11179:M 11 Aug 2026 08:07:34.018 * Background saving started by pid 12866
12866:C 11 Aug 2026 08:07:34.082 * DB saved on disk
12866:C 11 Aug 2026 08:07:34.083 * Fork CoW for RDB: current 0 MB, peak 0 MB, average 0 MB
11179:M 11 Aug 2026 08:07:34.119 * Background saving terminated with success
11179:M 11 Aug 2026 08:12:35.022 * 100 changes in 300 seconds. Saving...
11179:M 11 Aug 2026 08:12:35.027 * Background saving started by pid 12911
12911:C 11 Aug 2026 08:12:35.060 * DB saved on disk
12911:C 11 Aug 2026 08:12:35.061 * Fork CoW for RDB: current 0 MB, peak 0 MB, average 0 MB
11179:M 11 Aug 2026 08:12:35.129 * Background saving terminated with success
11179:M 11 Aug 2026 08:17:36.034 * 100 changes in 300 seconds. Saving...
11179:M 11 Aug 2026 08:17:36.038 * Background saving started by pid 13006
13006:C 11 Aug 2026 08:17:36.060 * DB saved on disk
13006:C 11 Aug 2026 08:17:36.062 * Fork CoW for RDB: current 0 MB, peak 0 MB, average 0 MB
11179:M 11 Aug 2026 08:17:36.140 * Background saving terminated with success
11179:M 11 Aug 2026 08:22:37.058 * 100 changes in 300 seconds. Saving...
11179:M 11 Aug 2026 08:22:37.061 * Background saving started by pid 13048
13048:C 11 Aug 2026 08:22:37.093 * DB saved on disk
13048:C 11 Aug 2026 08:22:37.094 * Fork CoW for RDB: current 0 MB, peak 0 MB, average 0 MB
11179:M 11 Aug 2026 08:22:37.163 * Background saving terminated with success
11179:M 11 Aug 2026 08:27:38.078 * 100 changes in 300 seconds. Saving...
11179:M 11 Aug 2026 08:27:38.081 * Background saving started by pid 13085
13085:C 11 Aug 2026 08:27:38.131 * DB saved on disk
13085:C 11 Aug 2026 08:27:38.132 * Fork CoW for RDB: current 0 MB, peak 0 MB, average 0 MB
11179:M 11 Aug 2026 08:27:38.182 * Background saving terminated with success
11179:M 11 Aug 2026 08:32:39.032 * 100 changes in 300 seconds. Saving...
11179:M 11 Aug 2026 08:32:39.035 * Background saving started by pid 13220
13220:C 11 Aug 2026 08:32:39.061 * DB saved on disk
13220:C 11 Aug 2026 08:32:39.062 * Fork CoW for RDB: current 0 MB, peak 0 MB, average 0 MB
11179:M 11 Aug 2026 08:32:39.136 * Background saving terminated with success
11179:M 11 Aug 2026 08:37:40.089 * 100 changes in 300 seconds. Saving...
11179:M 11 Aug 2026 08:37:40.091 * Background saving started by pid 13265
13265:C 11 Aug 2026 08:37:40.109 * DB saved on disk
13265:C 11 Aug 2026 08:37:40.111 * Fork CoW for RDB: current 0 MB, peak 0 MB, average 0 MB
11179:M 11 Aug 2026 08:37:40.193 * Background saving terminated with success
11179:M 11 Aug 2026 08:42:41.003 * 100 changes in 300 seconds. Saving...
11179:M 11 Aug 2026 08:42:41.005 * Background saving started by pid 13340
13340:C 11 Aug 2026 08:42:41.027 * DB saved on disk
13340:C 11 Aug 2026 08:42:41.029 * Fork CoW for RDB: current 0 MB, peak 0 MB, average 0 MB
11179:M 11 Aug 2026 08:42:41.106 * Background saving terminated with success
11179:M 11 Aug 2026 08:47:42.069 * 100 changes in 300 seconds. Saving...
11179:M 11 Aug 2026 08:47:42.071 * Background saving started by pid 13441
13441:C 11 Aug 2026 08:47:42.089 * DB saved on disk
13441:C 11 Aug 2026 08:47:42.090 * Fork CoW for RDB: current 0 MB, peak 0 MB, average 0 MB
11179:M 11 Aug 2026 08:47:42.172 * Background saving terminated with success
11179:M 11 Aug 2026 08:52:43.083 * 100 changes in 300 seconds. Saving...
11179:M 11 Aug 2026 08:52:43.084 * Background saving started by pid 13592
13592:C 11 Aug 2026 08:52:43.105 * DB saved on disk
13592:C 11 Aug 2026 08:52:43.106 * Fork CoW for RDB: current 0 MB, peak 0 MB, average 0 MB
11179:M 11 Aug 2026 08:52:43.186 * Background saving terminated with success
11179:M 11 Aug 2026 08:57:44.086 * 100 changes in 300 seconds. Saving...
11179:M 11 Aug 2026 08:57:44.089 * Background saving started by pid 13742
13742:C 11 Aug 2026 08:57:44.105 * DB saved on disk
13742:C 11 Aug 2026 08:57:44.106 * Fork CoW for RDB: current 0 MB, peak 0 MB, average 0 MB
11179:M 11 Aug 2026 08:57:44.190 * Background saving terminated with success
11179:M 11 Aug 2026 09:02:45.042 * 100 changes in 300 seconds. Saving...
11179:M 11 Aug 2026 09:02:45.044 * Background saving started by pid 13907
13907:C 11 Aug 2026 09:02:45.060 * DB saved on disk
13907:C 11 Aug 2026 09:02:45.061 * Fork CoW for RDB: current 0 MB, peak 0 MB, average 0 MB
11179:M 11 Aug 2026 09:02:45.145 * Background saving terminated with success
11179:M 11 Aug 2026 09:07:46.090 * 100 changes in 300 seconds. Saving...
11179:M 11 Aug 2026 09:07:46.093 * Background saving started by pid 14074
14074:C 11 Aug 2026 09:07:46.110 * DB saved on disk
14074:C 11 Aug 2026 09:07:46.111 * Fork CoW for RDB: current 0 MB, peak 0 MB, average 0 MB
11179:M 11 Aug 2026 09:07:46.194 * Background saving terminated with success
11179:M 11 Aug 2026 09:12:47.033 * 100 changes in 300 seconds. Saving...
11179:M 11 Aug 2026 09:12:47.041 * Background saving started by pid 14216
14216:C 11 Aug 2026 09:12:47.087 * DB saved on disk
14216:C 11 Aug 2026 09:12:47.087 * Fork CoW for RDB: current 0 MB, peak 0 MB, average 0 MB
11179:M 11 Aug 2026 09:12:47.145 * Background saving terminated with success
11179:M 11 Aug 2026 09:17:48.006 * 100 changes in 300 seconds. Saving...
11179:M 11 Aug 2026 09:17:48.010 * Background saving started by pid 14283
14283:C 11 Aug 2026 09:17:48.038 * DB saved on disk
14283:C 11 Aug 2026 09:17:48.039 * Fork CoW for RDB: current 0 MB, peak 0 MB, average 0 MB
11179:M 11 Aug 2026 09:17:48.111 * Background saving terminated with success
11179:M 11 Aug 2026 09:22:49.097 * 100 changes in 300 seconds. Saving...
11179:M 11 Aug 2026 09:22:49.100 * Background saving started by pid 14331
14331:C 11 Aug 2026 09:22:49.124 * DB saved on disk
14331:C 11 Aug 2026 09:22:49.125 * Fork CoW for RDB: current 0 MB, peak 0 MB, average 0 MB
11179:M 11 Aug 2026 09:22:49.201 * Background saving terminated with success
11179:M 11 Aug 2026 09:27:50.062 * 100 changes in 300 seconds. Saving...
11179:M 11 Aug 2026 09:27:50.063 * Background saving started by pid 14371
14371:C 11 Aug 2026 09:27:50.073 * DB saved on disk
14371:C 11 Aug 2026 09:27:50.074 * Fork CoW for RDB: current 0 MB, peak 0 MB, average 0 MB
11179:M 11 Aug 2026 09:27:50.164 * Background saving terminated with success
11179:M 11 Aug 2026 09:32:51.051 * 100 changes in 300 seconds. Saving...
11179:M 11 Aug 2026 09:32:51.053 * Background saving started by pid 14516
14516:C 11 Aug 2026 09:32:51.069 * DB saved on disk
14516:C 11 Aug 2026 09:32:51.069 * Fork CoW for RDB: current 0 MB, peak 0 MB, average 0 MB
11179:M 11 Aug 2026 09:32:51.155 * Background saving terminated with success
11179:M 11 Aug 2026 09:37:52.022 * 100 changes in 300 seconds. Saving...
11179:M 11 Aug 2026 09:37:52.024 * Background saving started by pid 14563
14563:C 11 Aug 2026 09:37:52.037 * DB saved on disk
14563:C 11 Aug 2026 09:37:52.038 * Fork CoW for RDB: current 0 MB, peak 0 MB, average 0 MB
11179:M 11 Aug 2026 09:37:52.126 * Background saving terminated with success
11179:M 11 Aug 2026 09:42:53.093 * 100 changes in 300 seconds. Saving...
11179:M 11 Aug 2026 09:42:53.095 * Background saving started by pid 14635
14635:C 11 Aug 2026 09:42:53.118 * DB saved on disk
14635:C 11 Aug 2026 09:42:53.119 * Fork CoW for RDB: current 0 MB, peak 0 MB, average 0 MB
11179:M 11 Aug 2026 09:42:53.196 * Background saving terminated with success
11179:M 11 Aug 2026 09:47:54.001 * 100 changes in 300 seconds. Saving...
11179:M 11 Aug 2026 09:47:54.008 * Background saving started by pid 14694
14694:C 11 Aug 2026 09:47:54.027 * DB saved on disk
14694:C 11 Aug 2026 09:47:54.028 * Fork CoW for RDB: current 0 MB, peak 0 MB, average 0 MB
11179:M 11 Aug 2026 09:47:54.109 * Background saving terminated with success
11179:M 11 Aug 2026 09:52:55.073 * 100 changes in 300 seconds. Saving...
11179:M 11 Aug 2026 09:52:55.075 * Background saving started by pid 14787
14787:C 11 Aug 2026 09:52:55.089 * DB saved on disk
14787:C 11 Aug 2026 09:52:55.089 * Fork CoW for RDB: current 0 MB, peak 0 MB, average 0 MB
11179:M 11 Aug 2026 09:52:55.177 * Background saving terminated with success
11179:M 11 Aug 2026 09:57:56.086 * 100 changes in 300 seconds. Saving...
11179:M 11 Aug 2026 09:57:56.122 * Background saving started by pid 14876
14876:C 11 Aug 2026 09:57:56.225 * DB saved on disk
14876:C 11 Aug 2026 09:57:56.226 * Fork CoW for RDB: current 0 MB, peak 0 MB, average 0 MB
11179:M 11 Aug 2026 09:57:56.226 * Background saving terminated with success
11179:M 11 Aug 2026 10:02:57.022 * 100 changes in 300 seconds. Saving...
11179:M 11 Aug 2026 10:02:57.045 * Background saving started by pid 14996
14996:C 11 Aug 2026 10:02:57.062 * DB saved on disk
14996:C 11 Aug 2026 10:02:57.063 * Fork CoW for RDB: current 0 MB, peak 0 MB, average 0 MB
11179:M 11 Aug 2026 10:02:57.146 * Background saving terminated with success
11179:M 11 Aug 2026 10:07:58.015 * 100 changes in 300 seconds. Saving...
11179:M 11 Aug 2026 10:07:58.016 * Background saving started by pid 15171
15171:C 11 Aug 2026 10:07:58.027 * DB saved on disk
15171:C 11 Aug 2026 10:07:58.027 * Fork CoW for RDB: current 0 MB, peak 0 MB, average 0 MB
11179:M 11 Aug 2026 10:07:58.118 * Background saving terminated with success
11179:M 11 Aug 2026 10:12:59.029 * 100 changes in 300 seconds. Saving...
11179:M 11 Aug 2026 10:12:59.029 * Background saving started by pid 15260
15260:C 11 Aug 2026 10:12:59.040 * DB saved on disk
15260:C 11 Aug 2026 10:12:59.040 * Fork CoW for RDB: current 0 MB, peak 0 MB, average 0 MB
11179:M 11 Aug 2026 10:12:59.130 * Background saving terminated with success
11179:M 11 Aug 2026 10:18:00.088 * 100 changes in 300 seconds. Saving...
11179:M 11 Aug 2026 10:18:00.091 * Background saving started by pid 15367
15367:C 11 Aug 2026 10:18:00.102 * DB saved on disk
15367:C 11 Aug 2026 10:18:00.103 * Fork CoW for RDB: current 0 MB, peak 0 MB, average 0 MB
11179:M 11 Aug 2026 10:18:00.192 * Background saving terminated with success
11179:M 11 Aug 2026 10:23:01.051 * 100 changes in 300 seconds. Saving...
11179:M 11 Aug 2026 10:23:01.055 * Background saving started by pid 15643
15643:C 11 Aug 2026 10:23:01.068 * DB saved on disk
15643:C 11 Aug 2026 10:23:01.069 * Fork CoW for RDB: current 0 MB, peak 0 MB, average 0 MB
11179:M 11 Aug 2026 10:23:01.156 * Background saving terminated with success
11179:M 11 Aug 2026 10:28:02.021 * 100 changes in 300 seconds. Saving...
11179:M 11 Aug 2026 10:28:02.023 * Background saving started by pid 16165
16165:C 11 Aug 2026 10:28:02.044 * DB saved on disk
16165:C 11 Aug 2026 10:28:02.045 * Fork CoW for RDB: current 0 MB, peak 0 MB, average 0 MB
11179:M 11 Aug 2026 10:28:02.124 * Background saving terminated with success
11179:M 11 Aug 2026 10:33:03.027 * 100 changes in 300 seconds. Saving...
11179:M 11 Aug 2026 10:33:03.029 * Background saving started by pid 24338
24338:C 11 Aug 2026 10:33:03.041 * DB saved on disk
24338:C 11 Aug 2026 10:33:03.041 * Fork CoW for RDB: current 0 MB, peak 0 MB, average 0 MB
11179:M 11 Aug 2026 10:33:03.130 * Background saving terminated with success
11179:M 11 Aug 2026 10:53:09.190 * 100 changes in 300 seconds. Saving...
11179:M 11 Aug 2026 10:53:11.533 * Background saving started by pid 24408
24408:C 11 Aug 2026 10:53:11.921 * DB saved on disk
24408:C 11 Aug 2026 10:53:11.923 * Fork CoW for RDB: current 1 MB, peak 1 MB, average 1 MB
11179:M 11 Aug 2026 10:53:12.066 * Background saving terminated with success
11179:M 11 Aug 2026 10:58:13.084 * 100 changes in 300 seconds. Saving...
11179:M 11 Aug 2026 10:58:13.085 * Background saving started by pid 24492
24492:C 11 Aug 2026 10:58:13.097 * DB saved on disk
24492:C 11 Aug 2026 10:58:13.098 * Fork CoW for RDB: current 0 MB, peak 0 MB, average 0 MB
11179:M 11 Aug 2026 10:58:13.186 * Background saving terminated with success
11179:M 11 Aug 2026 11:03:14.021 * 100 changes in 300 seconds. Saving...
11179:M 11 Aug 2026 11:03:14.036 * Background saving started by pid 24561
24561:C 11 Aug 2026 11:03:14.080 * DB saved on disk
24561:C 11 Aug 2026 11:03:14.081 * Fork CoW for RDB: current 0 MB, peak 0 MB, average 0 MB
11179:M 11 Aug 2026 11:03:14.138 * Background saving terminated with success
11179:M 11 Aug 2026 11:08:15.065 * 100 changes in 300 seconds. Saving...
11179:M 11 Aug 2026 11:08:15.067 * Background saving started by pid 24620
24620:C 11 Aug 2026 11:08:15.085 * DB saved on disk
24620:C 11 Aug 2026 11:08:15.087 * Fork CoW for RDB: current 0 MB, peak 0 MB, average 0 MB
11179:M 11 Aug 2026 11:08:15.168 * Background saving terminated with success
11179:M 11 Aug 2026 11:13:16.078 * 100 changes in 300 seconds. Saving...
11179:M 11 Aug 2026 11:13:16.079 * Background saving started by pid 24668
24668:C 11 Aug 2026 11:13:16.093 * DB saved on disk
24668:C 11 Aug 2026 11:13:16.095 * Fork CoW for RDB: current 0 MB, peak 0 MB, average 0 MB
11179:M 11 Aug 2026 11:13:16.181 * Background saving terminated with success
11179:M 11 Aug 2026 11:18:17.006 * 100 changes in 300 seconds. Saving...
11179:M 11 Aug 2026 11:18:17.008 * Background saving started by pid 24734
24734:C 11 Aug 2026 11:18:17.026 * DB saved on disk
24734:C 11 Aug 2026 11:18:17.027 * Fork CoW for RDB: current 0 MB, peak 0 MB, average 0 MB
11179:M 11 Aug 2026 11:18:17.110 * Background saving terminated with success
11179:M 11 Aug 2026 11:23:18.016 * 100 changes in 300 seconds. Saving...
11179:M 11 Aug 2026 11:23:18.019 * Background saving started by pid 24810
24810:C 11 Aug 2026 11:23:18.040 * DB saved on disk
24810:C 11 Aug 2026 11:23:18.042 * Fork CoW for RDB: current 0 MB, peak 0 MB, average 0 MB
11179:M 11 Aug 2026 11:23:18.120 * Background saving terminated with success
11179:M 11 Aug 2026 11:28:19.087 * 100 changes in 300 seconds. Saving...
11179:M 11 Aug 2026 11:28:19.088 * Background saving started by pid 24863
24863:C 11 Aug 2026 11:28:19.105 * DB saved on disk
24863:C 11 Aug 2026 11:28:19.107 * Fork CoW for RDB: current 0 MB, peak 0 MB, average 0 MB
11179:M 11 Aug 2026 11:28:19.189 * Background saving terminated with success
11179:M 11 Aug 2026 11:33:20.080 * 100 changes in 300 seconds. Saving...
11179:M 11 Aug 2026 11:33:20.081 * Background saving started by pid 24962
24962:C 11 Aug 2026 11:33:20.099 * DB saved on disk
24962:C 11 Aug 2026 11:33:20.101 * Fork CoW for RDB: current 0 MB, peak 0 MB, average 0 MB
11179:M 11 Aug 2026 11:33:20.182 * Background saving terminated with success
11179:M 11 Aug 2026 11:38:21.097 * 100 changes in 300 seconds. Saving...
11179:M 11 Aug 2026 11:38:21.099 * Background saving started by pid 25009
25009:C 11 Aug 2026 11:38:21.116 * DB saved on disk
25009:C 11 Aug 2026 11:38:21.118 * Fork CoW for RDB: current 0 MB, peak 0 MB, average 0 MB
11179:M 11 Aug 2026 11:38:21.200 * Background saving terminated with success
11179:M 11 Aug 2026 11:43:22.088 * 100 changes in 300 seconds. Saving...
11179:M 11 Aug 2026 11:43:22.090 * Background saving started by pid 25068
25068:C 11 Aug 2026 11:43:22.104 * DB saved on disk
25068:C 11 Aug 2026 11:43:22.106 * Fork CoW for RDB: current 0 MB, peak 0 MB, average 0 MB
11179:M 11 Aug 2026 11:43:22.192 * Background saving terminated with success
11179:M 11 Aug 2026 11:48:23.098 * 100 changes in 300 seconds. Saving...
11179:M 11 Aug 2026 11:48:23.100 * Background saving started by pid 25140
25140:C 11 Aug 2026 11:48:23.117 * DB saved on disk
25140:C 11 Aug 2026 11:48:23.119 * Fork CoW for RDB: current 0 MB, peak 0 MB, average 0 MB
11179:M 11 Aug 2026 11:48:23.202 * Background saving terminated with success
11179:M 11 Aug 2026 11:53:24.032 * 100 changes in 300 seconds. Saving...
11179:M 11 Aug 2026 11:53:24.034 * Background saving started by pid 25215
25215:C 11 Aug 2026 11:53:24.071 * DB saved on disk
25215:C 11 Aug 2026 11:53:24.072 * Fork CoW for RDB: current 0 MB, peak 0 MB, average 0 MB
11179:M 11 Aug 2026 11:53:24.135 * Background saving terminated with success
11179:M 11 Aug 2026 11:58:25.055 * 100 changes in 300 seconds. Saving...
11179:M 11 Aug 2026 11:58:25.058 * Background saving started by pid 25256
25256:C 11 Aug 2026 11:58:25.076 * DB saved on disk
25256:C 11 Aug 2026 11:58:25.078 * Fork CoW for RDB: current 0 MB, peak 0 MB, average 0 MB
11179:M 11 Aug 2026 11:58:25.159 * Background saving terminated with success
11179:M 11 Aug 2026 12:03:26.035 * 100 changes in 300 seconds. Saving...
11179:M 11 Aug 2026 12:03:26.037 * Background saving started by pid 25358
25358:C 11 Aug 2026 12:03:26.054 * DB saved on disk
25358:C 11 Aug 2026 12:03:26.055 * Fork CoW for RDB: current 0 MB, peak 0 MB, average 0 MB
11179:M 11 Aug 2026 12:03:26.138 * Background saving terminated with success
11179:M 11 Aug 2026 12:23:21.571 * 100 changes in 300 seconds. Saving...
11179:M 11 Aug 2026 12:23:21.972 * Background saving started by pid 25392
25392:C 11 Aug 2026 12:23:24.407 * DB saved on disk
25392:C 11 Aug 2026 12:23:24.408 * Fork CoW for RDB: current 1 MB, peak 1 MB, average 1 MB
11179:M 11 Aug 2026 12:23:24.914 * Background saving terminated with success
11179:M 11 Aug 2026 12:28:25.022 * 100 changes in 300 seconds. Saving...
11179:M 11 Aug 2026 12:28:25.026 * Background saving started by pid 25512
25512:C 11 Aug 2026 12:28:25.049 * DB saved on disk
25512:C 11 Aug 2026 12:28:25.050 * Fork CoW for RDB: current 0 MB, peak 0 MB, average 0 MB
11179:M 11 Aug 2026 12:28:25.128 * Background saving terminated with success
11179:M 11 Aug 2026 12:33:26.059 * 100 changes in 300 seconds. Saving...
11179:M 11 Aug 2026 12:33:26.062 * Background saving started by pid 25672
25672:C 11 Aug 2026 12:33:26.082 * DB saved on disk
25672:C 11 Aug 2026 12:33:26.083 * Fork CoW for RDB: current 0 MB, peak 0 MB, average 0 MB
11179:M 11 Aug 2026 12:33:26.163 * Background saving terminated with success
11179:M 11 Aug 2026 12:38:27.067 * 100 changes in 300 seconds. Saving...
11179:M 11 Aug 2026 12:38:27.069 * Background saving started by pid 25711
25711:C 11 Aug 2026 12:38:27.088 * DB saved on disk
25711:C 11 Aug 2026 12:38:27.089 * Fork CoW for RDB: current 0 MB, peak 0 MB, average 0 MB
11179:M 11 Aug 2026 12:38:27.171 * Background saving terminated with success
11179:M 11 Aug 2026 12:43:28.034 * 100 changes in 300 seconds. Saving...
11179:M 11 Aug 2026 12:43:28.036 * Background saving started by pid 25783
25783:C 11 Aug 2026 12:43:28.063 * DB saved on disk
25783:C 11 Aug 2026 12:43:28.064 * Fork CoW for RDB: current 0 MB, peak 0 MB, average 0 MB
11179:M 11 Aug 2026 12:43:28.141 * Background saving terminated with success
11179:M 11 Aug 2026 12:48:29.070 * 100 changes in 300 seconds. Saving...
11179:M 11 Aug 2026 12:48:29.073 * Background saving started by pid 25854
25854:C 11 Aug 2026 12:48:29.097 * DB saved on disk
25854:C 11 Aug 2026 12:48:29.098 * Fork CoW for RDB: current 0 MB, peak 0 MB, average 0 MB
11179:M 11 Aug 2026 12:48:29.174 * Background saving terminated with success
11179:M 11 Aug 2026 12:55:40.742 * 100 changes in 300 seconds. Saving...
11179:M 11 Aug 2026 12:55:40.743 * Background saving started by pid 25894
25894:C 11 Aug 2026 12:55:40.756 * DB saved on disk
25894:C 11 Aug 2026 12:55:40.757 * Fork CoW for RDB: current 0 MB, peak 0 MB, average 0 MB
11179:M 11 Aug 2026 12:55:40.844 * Background saving terminated with success
11179:M 11 Aug 2026 13:00:41.074 * 100 changes in 300 seconds. Saving...
11179:M 11 Aug 2026 13:00:41.076 * Background saving started by pid 25973
25973:C 11 Aug 2026 13:00:41.090 * DB saved on disk
25973:C 11 Aug 2026 13:00:41.092 * Fork CoW for RDB: current 0 MB, peak 0 MB, average 0 MB
11179:M 11 Aug 2026 13:00:41.177 * Background saving terminated with success
11179:M 11 Aug 2026 13:05:42.005 * 100 changes in 300 seconds. Saving...
11179:M 11 Aug 2026 13:05:42.009 * Background saving started by pid 26010
26010:C 11 Aug 2026 13:05:42.024 * DB saved on disk
26010:C 11 Aug 2026 13:05:42.026 * Fork CoW for RDB: current 0 MB, peak 0 MB, average 0 MB
11179:M 11 Aug 2026 13:05:42.110 * Background saving terminated with success
11179:M 11 Aug 2026 13:10:43.009 * 100 changes in 300 seconds. Saving...
11179:M 11 Aug 2026 13:10:43.012 * Background saving started by pid 26049
26049:C 11 Aug 2026 13:10:43.028 * DB saved on disk
26049:C 11 Aug 2026 13:10:43.029 * Fork CoW for RDB: current 0 MB, peak 0 MB, average 0 MB
11179:M 11 Aug 2026 13:10:43.113 * Background saving terminated with success
11179:M 11 Aug 2026 13:15:44.022 * 100 changes in 300 seconds. Saving...
11179:M 11 Aug 2026 13:15:44.024 * Background saving started by pid 26113
26113:C 11 Aug 2026 13:15:44.046 * DB saved on disk
26113:C 11 Aug 2026 13:15:44.048 * Fork CoW for RDB: current 0 MB, peak 0 MB, average 0 MB
11179:M 11 Aug 2026 13:15:44.125 * Background saving terminated with success
11179:M 11 Aug 2026 13:20:45.054 * 100 changes in 300 seconds. Saving...
11179:M 11 Aug 2026 13:20:45.056 * Background saving started by pid 26271
26271:C 11 Aug 2026 13:20:45.072 * DB saved on disk
26271:C 11 Aug 2026 13:20:45.074 * Fork CoW for RDB: current 0 MB, peak 0 MB, average 0 MB
11179:M 11 Aug 2026 13:20:45.158 * Background saving terminated with success
11179:M 11 Aug 2026 13:25:46.093 * 100 changes in 300 seconds. Saving...
11179:M 11 Aug 2026 13:25:46.096 * Background saving started by pid 26312
26312:C 11 Aug 2026 13:25:46.113 * DB saved on disk
26312:C 11 Aug 2026 13:25:46.114 * Fork CoW for RDB: current 0 MB, peak 0 MB, average 0 MB
11179:M 11 Aug 2026 13:25:46.198 * Background saving terminated with success
11179:M 11 Aug 2026 13:30:47.001 * 100 changes in 300 seconds. Saving...
11179:M 11 Aug 2026 13:30:47.003 * Background saving started by pid 26354
26354:C 11 Aug 2026 13:30:47.022 * DB saved on disk
26354:C 11 Aug 2026 13:30:47.023 * Fork CoW for RDB: current 0 MB, peak 0 MB, average 0 MB
11179:M 11 Aug 2026 13:30:47.104 * Background saving terminated with success
11179:M 11 Aug 2026 13:35:48.095 * 100 changes in 300 seconds. Saving...
11179:M 11 Aug 2026 13:35:48.096 * Background saving started by pid 26444
26444:C 11 Aug 2026 13:35:48.110 * DB saved on disk
26444:C 11 Aug 2026 13:35:48.111 * Fork CoW for RDB: current 0 MB, peak 0 MB, average 0 MB
11179:M 11 Aug 2026 13:35:48.197 * Background saving terminated with success
11179:M 11 Aug 2026 13:40:49.090 * 100 changes in 300 seconds. Saving...
11179:M 11 Aug 2026 13:40:49.092 * Background saving started by pid 26506
26506:C 11 Aug 2026 13:40:49.109 * DB saved on disk
26506:C 11 Aug 2026 13:40:49.111 * Fork CoW for RDB: current 0 MB, peak 0 MB, average 0 MB
11179:M 11 Aug 2026 13:40:49.193 * Background saving terminated with success
11179:M 11 Aug 2026 13:45:50.088 * 100 changes in 300 seconds. Saving...
11179:M 11 Aug 2026 13:45:50.090 * Background saving started by pid 26566
26566:C 11 Aug 2026 13:45:50.106 * DB saved on disk
26566:C 11 Aug 2026 13:45:50.107 * Fork CoW for RDB: current 0 MB, peak 0 MB, average 0 MB
11179:M 11 Aug 2026 13:45:50.191 * Background saving terminated with success
11179:signal-handler (1786456000) Received SIGTERM scheduling shutdown...
11179:M 11 Aug 2026 13:46:40.106 * User requested shutdown...
11179:M 11 Aug 2026 13:46:40.106 * Saving the final RDB snapshot before exiting.
11179:M 11 Aug 2026 13:46:40.114 * DB saved on disk
11179:M 11 Aug 2026 13:46:40.114 * Removing the pid file.
11179:M 11 Aug 2026 13:46:40.115 # Redis is now ready to exit, bye bye...
370:C 12 Aug 2026 04:39:19.614 # WARNING Memory overcommit must be enabled! Without it, a background save or replication may fail under low memory condition. Being disabled, it can also cause failures without low memory condition, see https://github.com/jemalloc/jemalloc/issues/1328. To fix this issue add 'vm.overcommit_memory = 1' to /etc/sysctl.conf and then reboot or run the command 'sysctl vm.overcommit_memory=1' for this to take effect.
370:C 12 Aug 2026 04:39:19.615 * oO0OoO0OoO0Oo Redis is starting oO0OoO0OoO0Oo
370:C 12 Aug 2026 04:39:19.615 * Redis version=8.0.5, bits=64, commit=00000000, modified=0, pid=370, just started
370:C 12 Aug 2026 04:39:19.615 * Configuration loaded
370:M 12 Aug 2026 04:39:19.616 * Increased maximum number of open files to 10032 (it was originally set to 1024).
370:M 12 Aug 2026 04:39:19.616 * monotonic clock: POSIX clock_gettime
370:M 12 Aug 2026 04:39:19.627 * Running mode=standalone, port=11001.
370:M 12 Aug 2026 04:39:19.642 * Server initialized
370:M 12 Aug 2026 04:39:19.655 * Loading RDB produced by version 8.0.5
370:M 12 Aug 2026 04:39:19.656 * RDB age 53559 seconds
370:M 12 Aug 2026 04:39:19.656 * RDB memory usage when created 1.51 Mb
370:M 12 Aug 2026 04:39:19.657 * Done loading RDB, keys loaded: 8, keys expired: 14.
370:M 12 Aug 2026 04:39:19.657 * DB loaded from disk: 0.015 seconds
370:M 12 Aug 2026 04:39:19.657 * Ready to accept connections tcp
370:M 12 Aug 2026 04:44:20.085 * 100 changes in 300 seconds. Saving...
370:M 12 Aug 2026 04:44:20.093 * Background saving started by pid 1574
1574:C 12 Aug 2026 04:44:20.107 * DB saved on disk
1574:C 12 Aug 2026 04:44:20.108 * Fork CoW for RDB: current 0 MB, peak 0 MB, average 0 MB
370:M 12 Aug 2026 04:44:20.196 * Background saving terminated with success
370:M 12 Aug 2026 04:49:21.029 * 100 changes in 300 seconds. Saving...
370:M 12 Aug 2026 04:49:21.031 * Background saving started by pid 1698
1698:C 12 Aug 2026 04:49:21.046 * DB saved on disk
1698:C 12 Aug 2026 04:49:21.047 * Fork CoW for RDB: current 0 MB, peak 0 MB, average 0 MB
370:M 12 Aug 2026 04:49:21.131 * Background saving terminated with success
370:M 12 Aug 2026 04:54:22.000 * 100 changes in 300 seconds. Saving...
370:M 12 Aug 2026 04:54:22.004 * Background saving started by pid 1784
1784:C 12 Aug 2026 04:54:22.018 * DB saved on disk
1784:C 12 Aug 2026 04:54:22.019 * Fork CoW for RDB: current 0 MB, peak 0 MB, average 0 MB
370:M 12 Aug 2026 04:54:22.105 * Background saving terminated with success
370:M 12 Aug 2026 04:59:23.051 * 100 changes in 300 seconds. Saving...
370:M 12 Aug 2026 04:59:23.055 * Background saving started by pid 1839
1839:C 12 Aug 2026 04:59:23.063 * DB saved on disk
1839:C 12 Aug 2026 04:59:23.064 * Fork CoW for RDB: current 0 MB, peak 0 MB, average 0 MB
370:M 12 Aug 2026 04:59:23.156 * Background saving terminated with success
370:M 12 Aug 2026 05:04:24.002 * 100 changes in 300 seconds. Saving...
370:M 12 Aug 2026 05:04:24.013 * Background saving started by pid 9611
9611:C 12 Aug 2026 05:04:24.028 * DB saved on disk
9611:C 12 Aug 2026 05:04:24.029 * Fork CoW for RDB: current 0 MB, peak 0 MB, average 0 MB
370:M 12 Aug 2026 05:04:24.114 * Background saving terminated with success
370:M 12 Aug 2026 05:09:25.053 * 100 changes in 300 seconds. Saving...
370:M 12 Aug 2026 05:09:25.055 * Background saving started by pid 9801
9801:C 12 Aug 2026 05:09:25.069 * DB saved on disk
9801:C 12 Aug 2026 05:09:25.069 * Fork CoW for RDB: current 0 MB, peak 0 MB, average 0 MB
370:M 12 Aug 2026 05:09:25.156 * Background saving terminated with success
370:M 12 Aug 2026 05:14:26.089 * 100 changes in 300 seconds. Saving...
370:M 12 Aug 2026 05:14:26.103 * Background saving started by pid 9893
9893:C 12 Aug 2026 05:14:26.139 * DB saved on disk
9893:C 12 Aug 2026 05:14:26.140 * Fork CoW for RDB: current 0 MB, peak 0 MB, average 0 MB
370:M 12 Aug 2026 05:14:26.204 * Background saving terminated with success
370:M 12 Aug 2026 05:19:27.068 * 100 changes in 300 seconds. Saving...
370:M 12 Aug 2026 05:19:27.092 * Background saving started by pid 10534
10534:C 12 Aug 2026 05:19:27.130 * DB saved on disk
10534:C 12 Aug 2026 05:19:27.131 * Fork CoW for RDB: current 0 MB, peak 0 MB, average 0 MB
370:M 12 Aug 2026 05:19:27.193 * Background saving terminated with success
370:M 12 Aug 2026 05:24:28.062 * 100 changes in 300 seconds. Saving...
370:M 12 Aug 2026 05:24:28.066 * Background saving started by pid 11059
11059:C 12 Aug 2026 05:24:28.077 * DB saved on disk
11059:C 12 Aug 2026 05:24:28.078 * Fork CoW for RDB: current 0 MB, peak 0 MB, average 0 MB
370:M 12 Aug 2026 05:24:28.167 * Background saving terminated with success
370:M 12 Aug 2026 05:29:29.043 * 100 changes in 300 seconds. Saving...
370:M 12 Aug 2026 05:29:29.045 * Background saving started by pid 11500
11500:C 12 Aug 2026 05:29:29.054 * DB saved on disk
11500:C 12 Aug 2026 05:29:29.054 * Fork CoW for RDB: current 0 MB, peak 0 MB, average 0 MB
370:M 12 Aug 2026 05:29:29.146 * Background saving terminated with success
370:M 12 Aug 2026 05:34:30.052 * 100 changes in 300 seconds. Saving...
370:M 12 Aug 2026 05:34:30.053 * Background saving started by pid 11759
11759:C 12 Aug 2026 05:34:30.063 * DB saved on disk
11759:C 12 Aug 2026 05:34:30.063 * Fork CoW for RDB: current 0 MB, peak 0 MB, average 0 MB
370:M 12 Aug 2026 05:34:30.153 * Background saving terminated with success
370:M 12 Aug 2026 05:39:31.042 * 100 changes in 300 seconds. Saving...
370:M 12 Aug 2026 05:39:31.044 * Background saving started by pid 11820
11820:C 12 Aug 2026 05:39:31.508 * DB saved on disk
11820:C 12 Aug 2026 05:39:31.508 * Fork CoW for RDB: current 1 MB, peak 1 MB, average 1 MB
370:M 12 Aug 2026 05:39:31.557 * Background saving terminated with success
370:M 12 Aug 2026 05:44:32.001 * 100 changes in 300 seconds. Saving...
370:M 12 Aug 2026 05:44:32.002 * Background saving started by pid 11919
11919:C 12 Aug 2026 05:44:32.343 * DB saved on disk
11919:C 12 Aug 2026 05:44:32.344 * Fork CoW for RDB: current 1 MB, peak 1 MB, average 1 MB
370:M 12 Aug 2026 05:44:32.437 * Background saving terminated with success
370:M 12 Aug 2026 05:49:33.022 * 100 changes in 300 seconds. Saving...
370:M 12 Aug 2026 05:49:33.023 * Background saving started by pid 11995
11995:C 12 Aug 2026 05:49:33.036 * DB saved on disk
11995:C 12 Aug 2026 05:49:33.036 * Fork CoW for RDB: current 0 MB, peak 0 MB, average 0 MB
370:M 12 Aug 2026 05:49:33.123 * Background saving terminated with success
370:M 12 Aug 2026 05:54:34.007 * 100 changes in 300 seconds. Saving...
370:M 12 Aug 2026 05:54:34.008 * Background saving started by pid 12151
12151:C 12 Aug 2026 05:54:34.092 * DB saved on disk
12151:C 12 Aug 2026 05:54:34.092 * Fork CoW for RDB: current 0 MB, peak 0 MB, average 0 MB
370:M 12 Aug 2026 05:54:34.109 * Background saving terminated with success
370:M 12 Aug 2026 05:59:35.033 * 100 changes in 300 seconds. Saving...
370:M 12 Aug 2026 05:59:35.082 * Background saving started by pid 12351
12351:C 12 Aug 2026 05:59:35.191 * DB saved on disk
12351:C 12 Aug 2026 05:59:35.192 * Fork CoW for RDB: current 1 MB, peak 1 MB, average 0 MB
370:M 12 Aug 2026 05:59:35.291 * Background saving terminated with success
370:M 12 Aug 2026 06:04:36.036 * 100 changes in 300 seconds. Saving...
370:M 12 Aug 2026 06:04:36.053 * Background saving started by pid 12464
12464:C 12 Aug 2026 06:04:36.084 * DB saved on disk
12464:C 12 Aug 2026 06:04:36.084 * Fork CoW for RDB: current 0 MB, peak 0 MB, average 0 MB
370:M 12 Aug 2026 06:04:36.155 * Background saving terminated with success
370:M 12 Aug 2026 06:09:37.076 * 100 changes in 300 seconds. Saving...
370:M 12 Aug 2026 06:09:37.078 * Background saving started by pid 12516
12516:C 12 Aug 2026 06:09:37.372 * DB saved on disk
12516:C 12 Aug 2026 06:09:37.373 * Fork CoW for RDB: current 1 MB, peak 1 MB, average 0 MB
370:M 12 Aug 2026 06:09:37.481 * Background saving terminated with success
370:M 12 Aug 2026 06:14:38.023 * 100 changes in 300 seconds. Saving...
370:M 12 Aug 2026 06:14:38.026 * Background saving started by pid 12595
12595:C 12 Aug 2026 06:14:38.043 * DB saved on disk
12595:C 12 Aug 2026 06:14:38.044 * Fork CoW for RDB: current 0 MB, peak 0 MB, average 0 MB
370:M 12 Aug 2026 06:14:38.127 * Background saving terminated with success
370:M 12 Aug 2026 06:19:39.066 * 100 changes in 300 seconds. Saving...
370:M 12 Aug 2026 06:19:39.068 * Background saving started by pid 12675
12675:C 12 Aug 2026 06:19:39.083 * DB saved on disk
12675:C 12 Aug 2026 06:19:39.084 * Fork CoW for RDB: current 0 MB, peak 0 MB, average 0 MB
370:M 12 Aug 2026 06:19:39.169 * Background saving terminated with success
370:M 12 Aug 2026 06:24:40.024 * 100 changes in 300 seconds. Saving...
370:M 12 Aug 2026 06:24:40.025 * Background saving started by pid 12773
12773:C 12 Aug 2026 06:24:40.046 * DB saved on disk
12773:C 12 Aug 2026 06:24:40.047 * Fork CoW for RDB: current 0 MB, peak 0 MB, average 0 MB
370:M 12 Aug 2026 06:24:40.126 * Background saving terminated with success
370:M 12 Aug 2026 06:29:41.009 * 100 changes in 300 seconds. Saving...
370:M 12 Aug 2026 06:29:41.011 * Background saving started by pid 12811
12811:C 12 Aug 2026 06:29:41.027 * DB saved on disk
12811:C 12 Aug 2026 06:29:41.028 * Fork CoW for RDB: current 0 MB, peak 0 MB, average 0 MB
370:M 12 Aug 2026 06:29:41.112 * Background saving terminated with success
370:M 12 Aug 2026 06:43:58.850 * 100 changes in 300 seconds. Saving...
370:M 12 Aug 2026 06:43:59.574 * Background saving started by pid 13606
13606:C 12 Aug 2026 06:55:35.187 * DB saved on disk
13606:C 12 Aug 2026 06:55:35.313 * Fork CoW for RDB: current 1 MB, peak 1 MB, average 1 MB
370:M 12 Aug 2026 06:55:35.339 * Background saving terminated with success
370:M 12 Aug 2026 07:00:36.039 * 100 changes in 300 seconds. Saving...
370:M 12 Aug 2026 07:00:36.053 * Background saving started by pid 13960
13960:C 12 Aug 2026 07:00:36.068 * DB saved on disk
13960:C 12 Aug 2026 07:00:36.068 * Fork CoW for RDB: current 0 MB, peak 0 MB, average 0 MB
370:M 12 Aug 2026 07:00:36.154 * Background saving terminated with success
370:M 12 Aug 2026 07:05:37.017 * 100 changes in 300 seconds. Saving...
370:M 12 Aug 2026 07:05:37.018 * Background saving started by pid 14077
14077:C 12 Aug 2026 07:05:37.031 * DB saved on disk
14077:C 12 Aug 2026 07:05:37.031 * Fork CoW for RDB: current 0 MB, peak 0 MB, average 0 MB
370:M 12 Aug 2026 07:05:37.119 * Background saving terminated with success
370:M 12 Aug 2026 07:10:38.095 * 100 changes in 300 seconds. Saving...
370:M 12 Aug 2026 07:10:38.099 * Background saving started by pid 14200
14200:C 12 Aug 2026 07:10:38.111 * DB saved on disk
14200:C 12 Aug 2026 07:10:38.111 * Fork CoW for RDB: current 0 MB, peak 0 MB, average 0 MB
370:M 12 Aug 2026 07:10:38.200 * Background saving terminated with success
370:M 12 Aug 2026 07:15:39.043 * 100 changes in 300 seconds. Saving...
370:M 12 Aug 2026 07:15:39.045 * Background saving started by pid 14261
14261:C 12 Aug 2026 07:15:39.058 * DB saved on disk
14261:C 12 Aug 2026 07:15:39.059 * Fork CoW for RDB: current 0 MB, peak 0 MB, average 0 MB
370:M 12 Aug 2026 07:15:39.146 * Background saving terminated with success
370:M 12 Aug 2026 07:20:40.022 * 100 changes in 300 seconds. Saving...
370:M 12 Aug 2026 07:20:40.024 * Background saving started by pid 14354
14354:C 12 Aug 2026 07:20:40.044 * DB saved on disk
14354:C 12 Aug 2026 07:20:40.044 * Fork CoW for RDB: current 0 MB, peak 0 MB, average 0 MB
370:M 12 Aug 2026 07:20:40.126 * Background saving terminated with success
370:M 12 Aug 2026 07:25:41.067 * 100 changes in 300 seconds. Saving...
370:M 12 Aug 2026 07:25:41.068 * Background saving started by pid 14499
14499:C 12 Aug 2026 07:25:41.082 * DB saved on disk
14499:C 12 Aug 2026 07:25:41.082 * Fork CoW for RDB: current 0 MB, peak 0 MB, average 0 MB
370:M 12 Aug 2026 07:25:41.168 * Background saving terminated with success
370:M 12 Aug 2026 07:30:42.002 * 100 changes in 300 seconds. Saving...
370:M 12 Aug 2026 07:30:42.004 * Background saving started by pid 14518
14518:C 12 Aug 2026 07:30:42.020 * DB saved on disk
14518:C 12 Aug 2026 07:30:42.020 * Fork CoW for RDB: current 0 MB, peak 0 MB, average 0 MB
370:M 12 Aug 2026 07:30:42.105 * Background saving terminated with success
370:M 12 Aug 2026 07:35:43.053 * 100 changes in 300 seconds. Saving...
370:M 12 Aug 2026 07:35:43.089 * Background saving started by pid 14583
14583:C 12 Aug 2026 07:35:43.177 * DB saved on disk
14583:C 12 Aug 2026 07:35:43.177 * Fork CoW for RDB: current 0 MB, peak 0 MB, average 0 MB
370:M 12 Aug 2026 07:35:43.240 * Background saving terminated with success
370:M 12 Aug 2026 08:21:48.836 * 100 changes in 300 seconds. Saving...
370:M 12 Aug 2026 08:21:48.837 * Background saving started by pid 14646
14646:C 12 Aug 2026 08:21:53.353 * DB saved on disk
14646:C 12 Aug 2026 08:21:53.354 * Fork CoW for RDB: current 1 MB, peak 1 MB, average 1 MB
370:M 12 Aug 2026 08:21:53.469 * Background saving terminated with success
370:M 12 Aug 2026 08:26:54.033 * 100 changes in 300 seconds. Saving...
370:M 12 Aug 2026 08:26:54.034 * Background saving started by pid 14782
14782:C 12 Aug 2026 08:26:54.047 * DB saved on disk
14782:C 12 Aug 2026 08:26:54.048 * Fork CoW for RDB: current 0 MB, peak 0 MB, average 0 MB
370:M 12 Aug 2026 08:26:54.135 * Background saving terminated with success
370:M 12 Aug 2026 08:31:55.033 * 100 changes in 300 seconds. Saving...
370:M 12 Aug 2026 08:31:55.034 * Background saving started by pid 14804
14804:C 12 Aug 2026 08:31:55.047 * DB saved on disk
14804:C 12 Aug 2026 08:31:55.048 * Fork CoW for RDB: current 0 MB, peak 0 MB, average 0 MB
370:M 12 Aug 2026 08:31:55.134 * Background saving terminated with success
370:M 12 Aug 2026 08:36:56.024 * 100 changes in 300 seconds. Saving...
370:M 12 Aug 2026 08:36:56.025 * Background saving started by pid 14885
14885:C 12 Aug 2026 08:36:56.036 * DB saved on disk
14885:C 12 Aug 2026 08:36:56.037 * Fork CoW for RDB: current 0 MB, peak 0 MB, average 0 MB
370:M 12 Aug 2026 08:36:56.126 * Background saving terminated with success
370:M 12 Aug 2026 08:41:57.083 * 100 changes in 300 seconds. Saving...
370:M 12 Aug 2026 08:41:57.085 * Background saving started by pid 14905
14905:C 12 Aug 2026 08:41:57.109 * DB saved on disk
14905:C 12 Aug 2026 08:41:57.109 * Fork CoW for RDB: current 0 MB, peak 0 MB, average 0 MB
370:M 12 Aug 2026 08:41:57.186 * Background saving terminated with success
370:M 12 Aug 2026 08:46:58.083 * 100 changes in 300 seconds. Saving...
370:M 12 Aug 2026 08:46:58.088 * Background saving started by pid 14920
14920:C 12 Aug 2026 08:46:58.096 * DB saved on disk
14920:C 12 Aug 2026 08:46:58.097 * Fork CoW for RDB: current 0 MB, peak 0 MB, average 0 MB
370:M 12 Aug 2026 08:46:58.189 * Background saving terminated with success
370:M 12 Aug 2026 08:51:59.052 * 100 changes in 300 seconds. Saving...
370:M 12 Aug 2026 08:51:59.056 * Background saving started by pid 14982
14982:C 12 Aug 2026 08:51:59.066 * DB saved on disk
14982:C 12 Aug 2026 08:51:59.067 * Fork CoW for RDB: current 0 MB, peak 0 MB, average 0 MB
370:M 12 Aug 2026 08:51:59.156 * Background saving terminated with success
370:M 12 Aug 2026 08:57:00.071 * 100 changes in 300 seconds. Saving...
370:M 12 Aug 2026 08:57:00.072 * Background saving started by pid 15017
15017:C 12 Aug 2026 08:57:00.080 * DB saved on disk
15017:C 12 Aug 2026 08:57:00.081 * Fork CoW for RDB: current 0 MB, peak 0 MB, average 0 MB
370:M 12 Aug 2026 08:57:00.172 * Background saving terminated with success
370:M 12 Aug 2026 09:02:01.012 * 100 changes in 300 seconds. Saving...
370:M 12 Aug 2026 09:02:01.013 * Background saving started by pid 15058
15058:C 12 Aug 2026 09:02:01.021 * DB saved on disk
15058:C 12 Aug 2026 09:02:01.021 * Fork CoW for RDB: current 0 MB, peak 0 MB, average 0 MB
370:M 12 Aug 2026 09:02:01.114 * Background saving terminated with success
370:M 12 Aug 2026 09:07:02.062 * 100 changes in 300 seconds. Saving...
370:M 12 Aug 2026 09:07:02.062 * Background saving started by pid 15081
15081:C 12 Aug 2026 09:07:02.074 * DB saved on disk
15081:C 12 Aug 2026 09:07:02.075 * Fork CoW for RDB: current 0 MB, peak 0 MB, average 0 MB
370:M 12 Aug 2026 09:07:02.163 * Background saving terminated with success
370:M 12 Aug 2026 09:12:03.047 * 100 changes in 300 seconds. Saving...
370:M 12 Aug 2026 09:12:03.053 * Background saving started by pid 15227
15227:C 12 Aug 2026 09:12:03.074 * DB saved on disk
15227:C 12 Aug 2026 09:12:03.075 * Fork CoW for RDB: current 0 MB, peak 0 MB, average 0 MB
370:M 12 Aug 2026 09:12:03.154 * Background saving terminated with success
370:M 12 Aug 2026 09:17:04.039 * 100 changes in 300 seconds. Saving...
370:M 12 Aug 2026 09:17:04.041 * Background saving started by pid 15272
15272:C 12 Aug 2026 09:17:04.054 * DB saved on disk
15272:C 12 Aug 2026 09:17:04.054 * Fork CoW for RDB: current 0 MB, peak 0 MB, average 0 MB
370:M 12 Aug 2026 09:17:04.142 * Background saving terminated with success
370:M 12 Aug 2026 09:22:55.102 * 100 changes in 300 seconds. Saving...
370:M 12 Aug 2026 09:22:55.107 * Background saving started by pid 15288
15288:C 12 Aug 2026 09:22:55.133 * DB saved on disk
15288:C 12 Aug 2026 09:22:55.133 * Fork CoW for RDB: current 1 MB, peak 1 MB, average 1 MB
370:M 12 Aug 2026 09:22:55.208 * Background saving terminated with success
370:M 12 Aug 2026 09:27:56.034 * 100 changes in 300 seconds. Saving...
370:M 12 Aug 2026 09:27:56.039 * Background saving started by pid 15546
15546:C 12 Aug 2026 09:27:56.064 * DB saved on disk
15546:C 12 Aug 2026 09:27:56.065 * Fork CoW for RDB: current 0 MB, peak 0 MB, average 0 MB
370:M 12 Aug 2026 09:27:56.141 * Background saving terminated with success
370:M 12 Aug 2026 09:32:57.058 * 100 changes in 300 seconds. Saving...
370:M 12 Aug 2026 09:32:57.067 * Background saving started by pid 15848
15848:C 12 Aug 2026 09:32:57.102 * DB saved on disk
15848:C 12 Aug 2026 09:32:57.103 * Fork CoW for RDB: current 0 MB, peak 0 MB, average 0 MB
370:M 12 Aug 2026 09:32:57.169 * Background saving terminated with success
370:M 12 Aug 2026 09:37:58.004 * 100 changes in 300 seconds. Saving...
370:M 12 Aug 2026 09:37:58.006 * Background saving started by pid 15899
15899:C 12 Aug 2026 09:37:58.030 * DB saved on disk
15899:C 12 Aug 2026 09:37:58.031 * Fork CoW for RDB: current 0 MB, peak 0 MB, average 0 MB
370:M 12 Aug 2026 09:37:58.107 * Background saving terminated with success
370:M 12 Aug 2026 09:42:59.062 * 100 changes in 300 seconds. Saving...
370:M 12 Aug 2026 09:42:59.063 * Background saving started by pid 15954
15954:C 12 Aug 2026 09:42:59.074 * DB saved on disk
15954:C 12 Aug 2026 09:42:59.075 * Fork CoW for RDB: current 0 MB, peak 0 MB, average 0 MB
370:M 12 Aug 2026 09:42:59.165 * Background saving terminated with success
370:M 12 Aug 2026 09:48:00.038 * 100 changes in 300 seconds. Saving...
370:M 12 Aug 2026 09:48:00.040 * Background saving started by pid 15996
15996:C 12 Aug 2026 09:48:00.056 * DB saved on disk
15996:C 12 Aug 2026 09:48:00.058 * Fork CoW for RDB: current 0 MB, peak 0 MB, average 0 MB
370:M 12 Aug 2026 09:48:00.141 * Background saving terminated with success
370:M 12 Aug 2026 09:53:01.051 * 100 changes in 300 seconds. Saving...
370:M 12 Aug 2026 09:53:01.053 * Background saving started by pid 16087
16087:C 12 Aug 2026 09:53:01.072 * DB saved on disk
16087:C 12 Aug 2026 09:53:01.073 * Fork CoW for RDB: current 0 MB, peak 0 MB, average 0 MB
370:M 12 Aug 2026 09:53:01.154 * Background saving terminated with success
370:M 12 Aug 2026 09:58:02.037 * 100 changes in 300 seconds. Saving...
370:M 12 Aug 2026 09:58:02.038 * Background saving started by pid 16163
16163:C 12 Aug 2026 09:58:02.053 * DB saved on disk
16163:C 12 Aug 2026 09:58:02.053 * Fork CoW for RDB: current 0 MB, peak 0 MB, average 0 MB
370:M 12 Aug 2026 09:58:02.140 * Background saving terminated with success
370:M 12 Aug 2026 10:03:03.015 * 100 changes in 300 seconds. Saving...
370:M 12 Aug 2026 10:03:03.017 * Background saving started by pid 16230
16230:C 12 Aug 2026 10:03:03.049 * DB saved on disk
16230:C 12 Aug 2026 10:03:03.051 * Fork CoW for RDB: current 0 MB, peak 0 MB, average 0 MB
370:M 12 Aug 2026 10:03:03.119 * Background saving terminated with success
370:M 12 Aug 2026 10:08:04.029 * 100 changes in 300 seconds. Saving...
370:M 12 Aug 2026 10:08:04.031 * Background saving started by pid 16294
16294:C 12 Aug 2026 10:08:04.047 * DB saved on disk
16294:C 12 Aug 2026 10:08:04.049 * Fork CoW for RDB: current 0 MB, peak 0 MB, average 0 MB
370:M 12 Aug 2026 10:08:04.132 * Background saving terminated with success
370:M 12 Aug 2026 10:13:05.027 * 100 changes in 300 seconds. Saving...
370:M 12 Aug 2026 10:13:05.028 * Background saving started by pid 16348
16348:C 12 Aug 2026 10:13:05.044 * DB saved on disk
16348:C 12 Aug 2026 10:13:05.045 * Fork CoW for RDB: current 0 MB, peak 0 MB, average 0 MB
370:M 12 Aug 2026 10:13:05.130 * Background saving terminated with success
370:M 12 Aug 2026 10:18:06.011 * 100 changes in 300 seconds. Saving...
370:M 12 Aug 2026 10:18:06.013 * Background saving started by pid 16411
16411:C 12 Aug 2026 10:18:06.029 * DB saved on disk
16411:C 12 Aug 2026 10:18:06.031 * Fork CoW for RDB: current 0 MB, peak 0 MB, average 0 MB
370:M 12 Aug 2026 10:18:06.114 * Background saving terminated with success
370:M 12 Aug 2026 10:23:07.002 * 100 changes in 300 seconds. Saving...
370:M 12 Aug 2026 10:23:07.004 * Background saving started by pid 16465
16465:C 12 Aug 2026 10:23:07.021 * DB saved on disk
16465:C 12 Aug 2026 10:23:07.022 * Fork CoW for RDB: current 0 MB, peak 0 MB, average 0 MB
370:M 12 Aug 2026 10:23:07.105 * Background saving terminated with success
370:M 12 Aug 2026 10:28:08.029 * 100 changes in 300 seconds. Saving...
370:M 12 Aug 2026 10:28:08.031 * Background saving started by pid 16527
16527:C 12 Aug 2026 10:28:08.049 * DB saved on disk
16527:C 12 Aug 2026 10:28:08.050 * Fork CoW for RDB: current 0 MB, peak 0 MB, average 0 MB
370:M 12 Aug 2026 10:28:08.132 * Background saving terminated with success
370:M 12 Aug 2026 10:33:09.048 * 100 changes in 300 seconds. Saving...
370:M 12 Aug 2026 10:33:09.050 * Background saving started by pid 16652
16652:C 12 Aug 2026 10:33:09.076 * DB saved on disk
16652:C 12 Aug 2026 10:33:09.077 * Fork CoW for RDB: current 0 MB, peak 0 MB, average 0 MB
370:M 12 Aug 2026 10:33:09.152 * Background saving terminated with success
370:M 12 Aug 2026 10:38:10.010 * 100 changes in 300 seconds. Saving...
370:M 12 Aug 2026 10:38:10.021 * Background saving started by pid 16703
16703:C 12 Aug 2026 10:38:10.055 * DB saved on disk
16703:C 12 Aug 2026 10:38:10.057 * Fork CoW for RDB: current 0 MB, peak 0 MB, average 0 MB
370:M 12 Aug 2026 10:38:10.124 * Background saving terminated with success
370:M 12 Aug 2026 10:43:11.085 * 100 changes in 300 seconds. Saving...
370:M 12 Aug 2026 10:43:11.087 * Background saving started by pid 16761
16761:C 12 Aug 2026 10:43:11.106 * DB saved on disk
16761:C 12 Aug 2026 10:43:11.107 * Fork CoW for RDB: current 0 MB, peak 0 MB, average 0 MB
370:M 12 Aug 2026 10:43:11.188 * Background saving terminated with success
370:M 12 Aug 2026 10:48:12.038 * 100 changes in 300 seconds. Saving...
370:M 12 Aug 2026 10:48:12.051 * Background saving started by pid 16906
16906:C 12 Aug 2026 10:48:12.079 * DB saved on disk
16906:C 12 Aug 2026 10:48:12.080 * Fork CoW for RDB: current 0 MB, peak 0 MB, average 0 MB
370:M 12 Aug 2026 10:48:12.152 * Background saving terminated with success
370:M 12 Aug 2026 10:53:13.047 * 100 changes in 300 seconds. Saving...
370:M 12 Aug 2026 10:53:13.049 * Background saving started by pid 16963
16963:C 12 Aug 2026 10:53:13.066 * DB saved on disk
16963:C 12 Aug 2026 10:53:13.067 * Fork CoW for RDB: current 0 MB, peak 0 MB, average 0 MB
370:M 12 Aug 2026 10:53:13.150 * Background saving terminated with success
370:M 12 Aug 2026 10:58:14.055 * 100 changes in 300 seconds. Saving...
370:M 12 Aug 2026 10:58:14.056 * Background saving started by pid 17011
17011:C 12 Aug 2026 10:58:14.074 * DB saved on disk
17011:C 12 Aug 2026 10:58:14.075 * Fork CoW for RDB: current 0 MB, peak 0 MB, average 0 MB
370:M 12 Aug 2026 10:58:14.157 * Background saving terminated with success
370:M 12 Aug 2026 11:03:15.298 * 100 changes in 300 seconds. Saving...
370:M 12 Aug 2026 11:03:16.146 * Background saving started by pid 17108
17108:C 12 Aug 2026 11:03:16.714 * DB saved on disk
17108:C 12 Aug 2026 11:03:16.715 * Fork CoW for RDB: current 1 MB, peak 1 MB, average 1 MB
370:M 12 Aug 2026 11:03:16.762 * Background saving terminated with success
370:M 12 Aug 2026 11:08:17.050 * 100 changes in 300 seconds. Saving...
370:M 12 Aug 2026 11:08:17.071 * Background saving started by pid 17176
17176:C 12 Aug 2026 11:08:17.140 * DB saved on disk
17176:C 12 Aug 2026 11:08:17.141 * Fork CoW for RDB: current 0 MB, peak 0 MB, average 0 MB
370:M 12 Aug 2026 11:08:17.173 * Background saving terminated with success
370:M 12 Aug 2026 11:13:18.073 * 100 changes in 300 seconds. Saving...
370:M 12 Aug 2026 11:13:18.076 * Background saving started by pid 17227
17227:C 12 Aug 2026 11:13:18.099 * DB saved on disk
17227:C 12 Aug 2026 11:13:18.100 * Fork CoW for RDB: current 0 MB, peak 0 MB, average 0 MB
370:M 12 Aug 2026 11:13:18.178 * Background saving terminated with success
370:M 12 Aug 2026 11:18:19.101 * 100 changes in 300 seconds. Saving...
370:M 12 Aug 2026 11:18:19.105 * Background saving started by pid 17298
17298:C 12 Aug 2026 11:18:19.126 * DB saved on disk
17298:C 12 Aug 2026 11:18:19.127 * Fork CoW for RDB: current 0 MB, peak 0 MB, average 0 MB
370:M 12 Aug 2026 11:18:19.206 * Background saving terminated with success
370:M 12 Aug 2026 11:23:20.086 * 100 changes in 300 seconds. Saving...
370:M 12 Aug 2026 11:23:20.088 * Background saving started by pid 17347
17347:C 12 Aug 2026 11:23:20.101 * DB saved on disk
17347:C 12 Aug 2026 11:23:20.101 * Fork CoW for RDB: current 0 MB, peak 0 MB, average 0 MB
370:M 12 Aug 2026 11:23:20.189 * Background saving terminated with success
370:M 12 Aug 2026 11:28:21.010 * 100 changes in 300 seconds. Saving...
370:M 12 Aug 2026 11:28:21.011 * Background saving started by pid 17410
17410:C 12 Aug 2026 11:28:21.046 * DB saved on disk
17410:C 12 Aug 2026 11:28:21.047 * Fork CoW for RDB: current 0 MB, peak 0 MB, average 0 MB
370:M 12 Aug 2026 11:28:21.112 * Background saving terminated with success
370:M 12 Aug 2026 11:33:22.067 * 100 changes in 300 seconds. Saving...
370:M 12 Aug 2026 11:33:22.069 * Background saving started by pid 17532
17532:C 12 Aug 2026 11:33:22.092 * DB saved on disk
17532:C 12 Aug 2026 11:33:22.095 * Fork CoW for RDB: current 0 MB, peak 0 MB, average 0 MB
370:M 12 Aug 2026 11:33:22.170 * Background saving terminated with success
370:M 12 Aug 2026 11:38:23.072 * 100 changes in 300 seconds. Saving...
370:M 12 Aug 2026 11:38:23.073 * Background saving started by pid 17583
17583:C 12 Aug 2026 11:38:23.094 * DB saved on disk
17583:C 12 Aug 2026 11:38:23.095 * Fork CoW for RDB: current 0 MB, peak 0 MB, average 0 MB
370:M 12 Aug 2026 11:38:23.175 * Background saving terminated with success
370:M 12 Aug 2026 11:43:24.000 * 100 changes in 300 seconds. Saving...
370:M 12 Aug 2026 11:43:24.016 * Background saving started by pid 17645
17645:C 12 Aug 2026 11:43:24.041 * DB saved on disk
17645:C 12 Aug 2026 11:43:24.042 * Fork CoW for RDB: current 0 MB, peak 0 MB, average 0 MB
370:M 12 Aug 2026 11:43:24.119 * Background saving terminated with success
370:M 12 Aug 2026 11:48:25.075 * 100 changes in 300 seconds. Saving...
370:M 12 Aug 2026 11:48:25.077 * Background saving started by pid 17719
17719:C 12 Aug 2026 11:48:25.095 * DB saved on disk
17719:C 12 Aug 2026 11:48:25.096 * Fork CoW for RDB: current 0 MB, peak 0 MB, average 0 MB
370:M 12 Aug 2026 11:48:25.178 * Background saving terminated with success
370:M 12 Aug 2026 11:53:38.733 * 100 changes in 300 seconds. Saving...
370:M 12 Aug 2026 11:53:38.735 * Background saving started by pid 17782
17782:C 12 Aug 2026 11:53:38.750 * DB saved on disk
17782:C 12 Aug 2026 11:53:38.750 * Fork CoW for RDB: current 0 MB, peak 0 MB, average 0 MB
370:M 12 Aug 2026 11:53:38.836 * Background saving terminated with success
370:M 12 Aug 2026 11:58:39.042 * 100 changes in 300 seconds. Saving...
370:M 12 Aug 2026 11:58:39.044 * Background saving started by pid 17838
17838:C 12 Aug 2026 11:58:39.062 * DB saved on disk
17838:C 12 Aug 2026 11:58:39.064 * Fork CoW for RDB: current 0 MB, peak 0 MB, average 0 MB
370:M 12 Aug 2026 11:58:39.145 * Background saving terminated with success
370:M 12 Aug 2026 12:03:40.003 * 100 changes in 300 seconds. Saving...
370:M 12 Aug 2026 12:03:40.012 * Background saving started by pid 17963
17963:C 12 Aug 2026 12:03:40.029 * DB saved on disk
17963:C 12 Aug 2026 12:03:40.030 * Fork CoW for RDB: current 0 MB, peak 0 MB, average 0 MB
370:M 12 Aug 2026 12:03:40.113 * Background saving terminated with success
370:M 12 Aug 2026 12:08:41.077 * 100 changes in 300 seconds. Saving...
370:M 12 Aug 2026 12:08:41.079 * Background saving started by pid 18022
18022:C 12 Aug 2026 12:08:41.098 * DB saved on disk
18022:C 12 Aug 2026 12:08:41.099 * Fork CoW for RDB: current 0 MB, peak 0 MB, average 0 MB
370:M 12 Aug 2026 12:08:41.180 * Background saving terminated with success
370:M 12 Aug 2026 12:40:17.133 * 100 changes in 300 seconds. Saving...
370:M 12 Aug 2026 12:40:18.484 * Background saving started by pid 18047
18047:C 12 Aug 2026 12:40:19.752 * DB saved on disk
18047:C 12 Aug 2026 12:40:19.753 * Fork CoW for RDB: current 1 MB, peak 1 MB, average 1 MB
370:M 12 Aug 2026 12:40:20.005 * Background saving terminated with success
370:M 12 Aug 2026 12:45:20.064 * 100 changes in 300 seconds. Saving...
370:M 12 Aug 2026 12:45:20.066 * Background saving started by pid 18121
18121:C 12 Aug 2026 12:45:20.083 * DB saved on disk
18121:C 12 Aug 2026 12:45:20.083 * Fork CoW for RDB: current 0 MB, peak 0 MB, average 0 MB
370:M 12 Aug 2026 12:45:20.167 * Background saving terminated with success
370:M 12 Aug 2026 12:50:21.041 * 100 changes in 300 seconds. Saving...
370:M 12 Aug 2026 12:50:21.049 * Background saving started by pid 18255
18255:C 12 Aug 2026 12:50:21.074 * DB saved on disk
18255:C 12 Aug 2026 12:50:21.075 * Fork CoW for RDB: current 0 MB, peak 0 MB, average 0 MB
370:M 12 Aug 2026 12:50:21.149 * Background saving terminated with success
370:M 12 Aug 2026 12:55:22.078 * 100 changes in 300 seconds. Saving...
370:M 12 Aug 2026 12:55:22.079 * Background saving started by pid 18612
18612:C 12 Aug 2026 12:55:22.090 * DB saved on disk
18612:C 12 Aug 2026 12:55:22.091 * Fork CoW for RDB: current 0 MB, peak 0 MB, average 0 MB
370:M 12 Aug 2026 12:55:22.180 * Background saving terminated with success
370:M 12 Aug 2026 13:00:23.003 * 100 changes in 300 seconds. Saving...
370:M 12 Aug 2026 13:00:23.005 * Background saving started by pid 18708
18708:C 12 Aug 2026 13:00:23.017 * DB saved on disk
18708:C 12 Aug 2026 13:00:23.018 * Fork CoW for RDB: current 0 MB, peak 0 MB, average 0 MB
370:M 12 Aug 2026 13:00:23.106 * Background saving terminated with success
370:M 12 Aug 2026 13:05:24.061 * 100 changes in 300 seconds. Saving...
370:M 12 Aug 2026 13:05:24.063 * Background saving started by pid 18783
18783:C 12 Aug 2026 13:05:24.076 * DB saved on disk
18783:C 12 Aug 2026 13:05:24.077 * Fork CoW for RDB: current 0 MB, peak 0 MB, average 0 MB
370:M 12 Aug 2026 13:05:24.164 * Background saving terminated with success
370:M 12 Aug 2026 13:10:25.018 * 100 changes in 300 seconds. Saving...
370:M 12 Aug 2026 13:10:25.019 * Background saving started by pid 18840
18840:C 12 Aug 2026 13:10:25.029 * DB saved on disk
18840:C 12 Aug 2026 13:10:25.030 * Fork CoW for RDB: current 0 MB, peak 0 MB, average 0 MB
370:M 12 Aug 2026 13:10:25.120 * Background saving terminated with success
370:M 12 Aug 2026 13:15:26.043 * 100 changes in 300 seconds. Saving...
370:M 12 Aug 2026 13:15:26.046 * Background saving started by pid 18910
18910:C 12 Aug 2026 13:15:26.055 * DB saved on disk
18910:C 12 Aug 2026 13:15:26.056 * Fork CoW for RDB: current 0 MB, peak 0 MB, average 0 MB
370:M 12 Aug 2026 13:15:26.149 * Background saving terminated with success
370:M 12 Aug 2026 13:20:27.065 * 100 changes in 300 seconds. Saving...
370:M 12 Aug 2026 13:20:27.068 * Background saving started by pid 19179
19179:C 12 Aug 2026 13:20:27.079 * DB saved on disk
19179:C 12 Aug 2026 13:20:27.079 * Fork CoW for RDB: current 0 MB, peak 0 MB, average 0 MB
370:M 12 Aug 2026 13:20:27.169 * Background saving terminated with success
370:M 12 Aug 2026 13:25:28.043 * 100 changes in 300 seconds. Saving...
370:M 12 Aug 2026 13:25:28.048 * Background saving started by pid 19322
19322:C 12 Aug 2026 13:25:28.060 * DB saved on disk
19322:C 12 Aug 2026 13:25:28.060 * Fork CoW for RDB: current 0 MB, peak 0 MB, average 0 MB
370:M 12 Aug 2026 13:25:28.149 * Background saving terminated with success
370:M 12 Aug 2026 13:30:29.083 * 100 changes in 300 seconds. Saving...
370:M 12 Aug 2026 13:30:29.085 * Background saving started by pid 19379
19379:C 12 Aug 2026 13:30:29.102 * DB saved on disk
19379:C 12 Aug 2026 13:30:29.103 * Fork CoW for RDB: current 0 MB, peak 0 MB, average 0 MB
370:M 12 Aug 2026 13:30:29.186 * Background saving terminated with success
370:M 12 Aug 2026 13:35:30.041 * 100 changes in 300 seconds. Saving...
370:M 12 Aug 2026 13:35:30.043 * Background saving started by pid 19499
19499:C 12 Aug 2026 13:35:30.072 * DB saved on disk
19499:C 12 Aug 2026 13:35:30.073 * Fork CoW for RDB: current 0 MB, peak 0 MB, average 0 MB
370:M 12 Aug 2026 13:35:30.144 * Background saving terminated with success
370:M 12 Aug 2026 13:40:31.098 * 100 changes in 300 seconds. Saving...
370:M 12 Aug 2026 13:40:31.100 * Background saving started by pid 19966
19966:C 12 Aug 2026 13:40:31.141 * DB saved on disk
19966:C 12 Aug 2026 13:40:31.141 * Fork CoW for RDB: current 0 MB, peak 0 MB, average 0 MB
370:M 12 Aug 2026 13:40:31.201 * Background saving terminated with success
370:M 12 Aug 2026 13:45:32.014 * 100 changes in 300 seconds. Saving...
370:M 12 Aug 2026 13:45:32.191 * Background saving started by pid 20025
20025:C 12 Aug 2026 13:45:32.858 * DB saved on disk
20025:C 12 Aug 2026 13:45:32.859 * Fork CoW for RDB: current 1 MB, peak 1 MB, average 0 MB
370:M 12 Aug 2026 13:45:32.897 * Background saving terminated with success
465:C 13 Aug 2026 05:08:38.654 # WARNING Memory overcommit must be enabled! Without it, a background save or replication may fail under low memory condition. Being disabled, it can also cause failures without low memory condition, see https://github.com/jemalloc/jemalloc/issues/1328. To fix this issue add 'vm.overcommit_memory = 1' to /etc/sysctl.conf and then reboot or run the command 'sysctl vm.overcommit_memory=1' for this to take effect.
465:C 13 Aug 2026 05:08:38.655 * oO0OoO0OoO0Oo Redis is starting oO0OoO0OoO0Oo
465:C 13 Aug 2026 05:08:38.655 * Redis version=8.0.5, bits=64, commit=00000000, modified=0, pid=465, just started
465:C 13 Aug 2026 05:08:38.655 * Configuration loaded
465:M 13 Aug 2026 05:08:38.656 * Increased maximum number of open files to 10032 (it was originally set to 1024).
465:M 13 Aug 2026 05:08:38.656 * monotonic clock: POSIX clock_gettime
465:M 13 Aug 2026 05:08:38.889 * Running mode=standalone, port=11001.
465:M 13 Aug 2026 05:08:38.911 * Server initialized
465:M 13 Aug 2026 05:08:39.104 * Loading RDB produced by version 8.0.5
465:M 13 Aug 2026 05:08:39.104 * RDB age 55387 seconds
465:M 13 Aug 2026 05:08:39.104 * RDB memory usage when created 1.61 Mb
465:M 13 Aug 2026 05:08:39.106 * Done loading RDB, keys loaded: 9, keys expired: 14.
465:M 13 Aug 2026 05:08:39.106 * DB loaded from disk: 0.195 seconds
465:M 13 Aug 2026 05:08:39.106 * Ready to accept connections tcp
465:signal-handler (1786597834) Received SIGTERM scheduling shutdown...
465:M 13 Aug 2026 05:10:34.953 * User requested shutdown...
465:M 13 Aug 2026 05:10:34.953 * Saving the final RDB snapshot before exiting.
465:M 13 Aug 2026 05:10:34.974 * DB saved on disk
465:M 13 Aug 2026 05:10:34.975 * Removing the pid file.
465:M 13 Aug 2026 05:10:34.976 # Redis is now ready to exit, bye bye...
1369:C 13 Aug 2026 05:10:36.064 # WARNING Memory overcommit must be enabled! Without it, a background save or replication may fail under low memory condition. Being disabled, it can also cause failures without low memory condition, see https://github.com/jemalloc/jemalloc/issues/1328. To fix this issue add 'vm.overcommit_memory = 1' to /etc/sysctl.conf and then reboot or run the command 'sysctl vm.overcommit_memory=1' for this to take effect.
1369:C 13 Aug 2026 05:10:36.064 * oO0OoO0OoO0Oo Redis is starting oO0OoO0OoO0Oo
1369:C 13 Aug 2026 05:10:36.064 * Redis version=8.0.5, bits=64, commit=00000000, modified=0, pid=1369, just started
1369:C 13 Aug 2026 05:10:36.064 * Configuration loaded
1369:M 13 Aug 2026 05:10:36.066 * Increased maximum number of open files to 10032 (it was originally set to 1024).
1369:M 13 Aug 2026 05:10:36.066 * monotonic clock: POSIX clock_gettime
1369:M 13 Aug 2026 05:10:36.077 * Running mode=standalone, port=11001.
1369:M 13 Aug 2026 05:10:36.102 * Server initialized
1369:M 13 Aug 2026 05:10:36.102 * Loading RDB produced by version 8.0.5
1369:M 13 Aug 2026 05:10:36.102 * RDB age 2 seconds
1369:M 13 Aug 2026 05:10:36.102 * RDB memory usage when created 1.15 Mb
1369:M 13 Aug 2026 05:10:36.102 * Done loading RDB, keys loaded: 9, keys expired: 0.
1369:M 13 Aug 2026 05:10:36.102 * DB loaded from disk: 0.000 seconds
1369:M 13 Aug 2026 05:10:36.102 * Ready to accept connections tcp
1369:M 13 Aug 2026 05:24:37.136 * 100 changes in 300 seconds. Saving...
1369:M 13 Aug 2026 05:24:37.140 * Background saving started by pid 2027
2027:C 13 Aug 2026 05:24:37.162 * DB saved on disk
2027:C 13 Aug 2026 05:24:37.163 * Fork CoW for RDB: current 0 MB, peak 0 MB, average 0 MB
1369:M 13 Aug 2026 05:24:37.243 * Background saving terminated with success
1369:signal-handler (1786598724) Received SIGTERM scheduling shutdown...
1369:M 13 Aug 2026 05:25:25.058 * User requested shutdown...
1369:M 13 Aug 2026 05:25:25.058 * Saving the final RDB snapshot before exiting.
1369:M 13 Aug 2026 05:25:25.087 * DB saved on disk
1369:M 13 Aug 2026 05:25:25.087 * Removing the pid file.
1369:M 13 Aug 2026 05:25:25.087 # Redis is now ready to exit, bye bye...
2170:C 13 Aug 2026 05:25:26.563 # WARNING Memory overcommit must be enabled! Without it, a background save or replication may fail under low memory condition. Being disabled, it can also cause failures without low memory condition, see https://github.com/jemalloc/jemalloc/issues/1328. To fix this issue add 'vm.overcommit_memory = 1' to /etc/sysctl.conf and then reboot or run the command 'sysctl vm.overcommit_memory=1' for this to take effect.
2170:C 13 Aug 2026 05:25:26.564 * oO0OoO0OoO0Oo Redis is starting oO0OoO0OoO0Oo
2170:C 13 Aug 2026 05:25:26.564 * Redis version=8.0.5, bits=64, commit=00000000, modified=0, pid=2170, just started
2170:C 13 Aug 2026 05:25:26.564 * Configuration loaded
2170:M 13 Aug 2026 05:25:26.564 * Increased maximum number of open files to 10032 (it was originally set to 1024).
2170:M 13 Aug 2026 05:25:26.564 * monotonic clock: POSIX clock_gettime
2170:M 13 Aug 2026 05:25:26.566 * Running mode=standalone, port=11001.
2170:M 13 Aug 2026 05:25:26.580 * Server initialized
2170:M 13 Aug 2026 05:25:26.580 * Loading RDB produced by version 8.0.5
2170:M 13 Aug 2026 05:25:26.580 * RDB age 1 seconds
2170:M 13 Aug 2026 05:25:26.580 * RDB memory usage when created 1.73 Mb
2170:M 13 Aug 2026 05:25:26.582 * Done loading RDB, keys loaded: 79, keys expired: 0.
2170:M 13 Aug 2026 05:25:26.586 * DB loaded from disk: 0.006 seconds
2170:M 13 Aug 2026 05:25:26.586 * Ready to accept connections tcp
2170:signal-handler (1786598848) Received SIGTERM scheduling shutdown...
2170:M 13 Aug 2026 05:27:28.510 * User requested shutdown...
2170:M 13 Aug 2026 05:27:28.511 * Saving the final RDB snapshot before exiting.
2170:M 13 Aug 2026 05:27:28.530 * DB saved on disk
2170:M 13 Aug 2026 05:27:28.530 * Removing the pid file.
2170:M 13 Aug 2026 05:27:28.530 # Redis is now ready to exit, bye bye...
2445:C 13 Aug 2026 05:27:30.538 # WARNING Memory overcommit must be enabled! Without it, a background save or replication may fail under low memory condition. Being disabled, it can also cause failures without low memory condition, see https://github.com/jemalloc/jemalloc/issues/1328. To fix this issue add 'vm.overcommit_memory = 1' to /etc/sysctl.conf and then reboot or run the command 'sysctl vm.overcommit_memory=1' for this to take effect.
2445:C 13 Aug 2026 05:27:30.538 * oO0OoO0OoO0Oo Redis is starting oO0OoO0OoO0Oo
2445:C 13 Aug 2026 05:27:30.538 * Redis version=8.0.5, bits=64, commit=00000000, modified=0, pid=2445, just started
2445:C 13 Aug 2026 05:27:30.538 * Configuration loaded
2445:M 13 Aug 2026 05:27:30.539 * Increased maximum number of open files to 10032 (it was originally set to 1024).
2445:M 13 Aug 2026 05:27:30.539 * monotonic clock: POSIX clock_gettime
2445:M 13 Aug 2026 05:27:30.555 * Running mode=standalone, port=11001.
2445:M 13 Aug 2026 05:27:30.570 * Server initialized
2445:M 13 Aug 2026 05:27:30.570 * Loading RDB produced by version 8.0.5
2445:M 13 Aug 2026 05:27:30.571 * RDB age 2 seconds
2445:M 13 Aug 2026 05:27:30.571 * RDB memory usage when created 1.30 Mb
2445:M 13 Aug 2026 05:27:30.572 * Done loading RDB, keys loaded: 79, keys expired: 0.
2445:M 13 Aug 2026 05:27:30.572 * DB loaded from disk: 0.002 seconds
2445:M 13 Aug 2026 05:27:30.572 * Ready to accept connections tcp
2445:M 13 Aug 2026 05:32:31.085 * 100 changes in 300 seconds. Saving...
2445:M 13 Aug 2026 05:32:31.101 * Background saving started by pid 4498
4498:C 13 Aug 2026 05:32:31.124 * DB saved on disk
4498:C 13 Aug 2026 05:32:31.126 * Fork CoW for RDB: current 0 MB, peak 0 MB, average 0 MB
2445:M 13 Aug 2026 05:32:31.217 * Background saving terminated with success
2445:M 13 Aug 2026 05:37:32.017 * 100 changes in 300 seconds. Saving...
2445:M 13 Aug 2026 05:37:32.167 * Background saving started by pid 9882
9882:C 13 Aug 2026 05:37:32.549 * DB saved on disk
9882:C 13 Aug 2026 05:37:32.550 * Fork CoW for RDB: current 1 MB, peak 1 MB, average 1 MB
2445:M 13 Aug 2026 05:37:32.575 * Background saving terminated with success
2445:M 13 Aug 2026 05:52:54.190 * 100 changes in 300 seconds. Saving...
2445:M 13 Aug 2026 05:52:54.191 * Background saving started by pid 9947
9947:C 13 Aug 2026 05:52:54.199 * DB saved on disk
9947:C 13 Aug 2026 05:52:54.199 * Fork CoW for RDB: current 1 MB, peak 1 MB, average 0 MB
2445:M 13 Aug 2026 05:52:54.292 * Background saving terminated with success
2445:M 13 Aug 2026 05:57:55.042 * 100 changes in 300 seconds. Saving...
2445:M 13 Aug 2026 05:57:55.044 * Background saving started by pid 10350
10350:C 13 Aug 2026 05:57:55.059 * DB saved on disk
10350:C 13 Aug 2026 05:57:55.060 * Fork CoW for RDB: current 0 MB, peak 0 MB, average 0 MB
2445:M 13 Aug 2026 05:57:55.145 * Background saving terminated with success
2445:M 13 Aug 2026 06:04:16.373 * 100 changes in 300 seconds. Saving...
2445:M 13 Aug 2026 06:04:16.988 * Background saving started by pid 10547
10547:C 13 Aug 2026 06:13:25.834 * DB saved on disk
10547:C 13 Aug 2026 06:13:25.835 * Fork CoW for RDB: current 1 MB, peak 1 MB, average 1 MB
2445:M 13 Aug 2026 06:13:25.851 * Background saving terminated with success
2445:M 13 Aug 2026 06:18:26.033 * 100 changes in 300 seconds. Saving...
2445:M 13 Aug 2026 06:18:26.035 * Background saving started by pid 10637
10637:C 13 Aug 2026 06:18:26.041 * DB saved on disk
10637:C 13 Aug 2026 06:18:26.042 * Fork CoW for RDB: current 0 MB, peak 0 MB, average 0 MB
2445:M 13 Aug 2026 06:18:26.136 * Background saving terminated with success
2445:M 13 Aug 2026 06:23:27.025 * 100 changes in 300 seconds. Saving...
2445:M 13 Aug 2026 06:23:27.027 * Background saving started by pid 10689
10689:C 13 Aug 2026 06:23:27.044 * DB saved on disk
10689:C 13 Aug 2026 06:23:27.045 * Fork CoW for RDB: current 0 MB, peak 0 MB, average 0 MB
2445:M 13 Aug 2026 06:23:27.128 * Background saving terminated with success
2445:M 13 Aug 2026 06:28:28.097 * 100 changes in 300 seconds. Saving...
2445:M 13 Aug 2026 06:28:28.099 * Background saving started by pid 11007
11007:C 13 Aug 2026 06:28:28.115 * DB saved on disk
11007:C 13 Aug 2026 06:28:28.116 * Fork CoW for RDB: current 0 MB, peak 0 MB, average 0 MB
2445:M 13 Aug 2026 06:28:28.200 * Background saving terminated with success
2445:M 13 Aug 2026 06:39:54.656 * 100 changes in 300 seconds. Saving...
2445:M 13 Aug 2026 06:39:54.659 * Background saving started by pid 11561
11561:C 13 Aug 2026 06:39:54.704 * DB saved on disk
11561:C 13 Aug 2026 06:39:54.705 * Fork CoW for RDB: current 1 MB, peak 1 MB, average 1 MB
2445:M 13 Aug 2026 06:39:54.760 * Background saving terminated with success
2445:M 13 Aug 2026 06:44:55.040 * 100 changes in 300 seconds. Saving...
2445:M 13 Aug 2026 06:44:55.047 * Background saving started by pid 19027
19027:C 13 Aug 2026 06:44:55.075 * DB saved on disk
19027:C 13 Aug 2026 06:44:55.075 * Fork CoW for RDB: current 0 MB, peak 0 MB, average 0 MB
2445:M 13 Aug 2026 06:44:55.149 * Background saving terminated with success
2445:M 13 Aug 2026 06:49:56.072 * 100 changes in 300 seconds. Saving...
2445:M 13 Aug 2026 06:49:56.079 * Background saving started by pid 19084
19084:C 13 Aug 2026 06:49:56.109 * DB saved on disk
19084:C 13 Aug 2026 06:49:56.110 * Fork CoW for RDB: current 0 MB, peak 0 MB, average 0 MB
2445:M 13 Aug 2026 06:49:56.180 * Background saving terminated with success
2445:M 13 Aug 2026 06:54:57.006 * 100 changes in 300 seconds. Saving...
2445:M 13 Aug 2026 06:54:57.009 * Background saving started by pid 19126
19126:C 13 Aug 2026 06:54:57.046 * DB saved on disk
19126:C 13 Aug 2026 06:54:57.047 * Fork CoW for RDB: current 0 MB, peak 0 MB, average 0 MB
2445:M 13 Aug 2026 06:54:57.111 * Background saving terminated with success
2445:M 13 Aug 2026 06:59:58.100 * 100 changes in 300 seconds. Saving...
2445:M 13 Aug 2026 06:59:58.105 * Background saving started by pid 19162
19162:C 13 Aug 2026 06:59:58.119 * DB saved on disk
19162:C 13 Aug 2026 06:59:58.120 * Fork CoW for RDB: current 0 MB, peak 0 MB, average 0 MB
2445:M 13 Aug 2026 06:59:58.206 * Background saving terminated with success
2445:M 13 Aug 2026 07:04:59.040 * 100 changes in 300 seconds. Saving...
2445:M 13 Aug 2026 07:04:59.046 * Background saving started by pid 19286
19286:C 13 Aug 2026 07:04:59.068 * DB saved on disk
19286:C 13 Aug 2026 07:04:59.069 * Fork CoW for RDB: current 0 MB, peak 0 MB, average 0 MB
2445:M 13 Aug 2026 07:04:59.147 * Background saving terminated with success
2445:M 13 Aug 2026 07:10:00.042 * 100 changes in 300 seconds. Saving...
2445:M 13 Aug 2026 07:10:00.043 * Background saving started by pid 19322
19322:C 13 Aug 2026 07:10:00.053 * DB saved on disk
19322:C 13 Aug 2026 07:10:00.054 * Fork CoW for RDB: current 0 MB, peak 0 MB, average 0 MB
2445:M 13 Aug 2026 07:10:00.144 * Background saving terminated with success
2445:M 13 Aug 2026 07:16:03.279 * 100 changes in 300 seconds. Saving...
2445:M 13 Aug 2026 07:16:03.280 * Background saving started by pid 19361
19361:C 13 Aug 2026 07:16:03.301 * DB saved on disk
19361:C 13 Aug 2026 07:16:03.302 * Fork CoW for RDB: current 0 MB, peak 0 MB, average 0 MB
2445:M 13 Aug 2026 07:16:03.380 * Background saving terminated with success
2445:M 13 Aug 2026 07:21:04.100 * 100 changes in 300 seconds. Saving...
2445:M 13 Aug 2026 07:21:04.104 * Background saving started by pid 19459
19459:C 13 Aug 2026 07:21:04.115 * DB saved on disk
19459:C 13 Aug 2026 07:21:04.116 * Fork CoW for RDB: current 0 MB, peak 0 MB, average 0 MB
2445:M 13 Aug 2026 07:21:04.205 * Background saving terminated with success
2445:M 13 Aug 2026 07:26:05.023 * 100 changes in 300 seconds. Saving...
2445:M 13 Aug 2026 07:26:05.025 * Background saving started by pid 19488
19488:C 13 Aug 2026 07:26:05.039 * DB saved on disk
19488:C 13 Aug 2026 07:26:05.041 * Fork CoW for RDB: current 0 MB, peak 0 MB, average 0 MB
2445:M 13 Aug 2026 07:26:05.126 * Background saving terminated with success
2445:M 13 Aug 2026 07:31:06.099 * 100 changes in 300 seconds. Saving...
2445:M 13 Aug 2026 07:31:06.103 * Background saving started by pid 19515
19515:C 13 Aug 2026 07:31:06.123 * DB saved on disk
19515:C 13 Aug 2026 07:31:06.124 * Fork CoW for RDB: current 0 MB, peak 0 MB, average 0 MB
2445:M 13 Aug 2026 07:31:06.205 * Background saving terminated with success
2445:M 13 Aug 2026 08:02:33.333 * 100 changes in 300 seconds. Saving...
2445:M 13 Aug 2026 08:02:34.907 * Background saving started by pid 19583
19583:C 13 Aug 2026 08:02:36.878 * DB saved on disk
19583:C 13 Aug 2026 08:02:36.894 * Fork CoW for RDB: current 1 MB, peak 1 MB, average 1 MB
2445:M 13 Aug 2026 08:02:37.005 * Background saving terminated with success
2445:M 13 Aug 2026 08:07:38.043 * 100 changes in 300 seconds. Saving...
2445:M 13 Aug 2026 08:07:38.047 * Background saving started by pid 19647
19647:C 13 Aug 2026 08:07:38.076 * DB saved on disk
19647:C 13 Aug 2026 08:07:38.077 * Fork CoW for RDB: current 0 MB, peak 0 MB, average 0 MB
2445:M 13 Aug 2026 08:07:38.149 * Background saving terminated with success
2445:M 13 Aug 2026 08:12:39.039 * 100 changes in 300 seconds. Saving...
2445:M 13 Aug 2026 08:12:39.039 * Background saving started by pid 19675
19675:C 13 Aug 2026 08:12:39.053 * DB saved on disk
19675:C 13 Aug 2026 08:12:39.053 * Fork CoW for RDB: current 0 MB, peak 0 MB, average 0 MB
2445:M 13 Aug 2026 08:12:39.140 * Background saving terminated with success
2445:M 13 Aug 2026 08:17:40.053 * 100 changes in 300 seconds. Saving...
2445:M 13 Aug 2026 08:17:40.054 * Background saving started by pid 19737
19737:C 13 Aug 2026 08:17:40.061 * DB saved on disk
19737:C 13 Aug 2026 08:17:40.062 * Fork CoW for RDB: current 0 MB, peak 0 MB, average 0 MB
2445:M 13 Aug 2026 08:17:40.155 * Background saving terminated with success
2445:M 13 Aug 2026 08:22:41.000 * 100 changes in 300 seconds. Saving...
2445:M 13 Aug 2026 08:22:41.002 * Background saving started by pid 19791
19791:C 13 Aug 2026 08:22:41.024 * DB saved on disk
19791:C 13 Aug 2026 08:22:41.025 * Fork CoW for RDB: current 0 MB, peak 0 MB, average 0 MB
2445:M 13 Aug 2026 08:22:41.103 * Background saving terminated with success
2445:M 13 Aug 2026 08:27:42.048 * 100 changes in 300 seconds. Saving...
2445:M 13 Aug 2026 08:27:42.049 * Background saving started by pid 19840
19840:C 13 Aug 2026 08:27:42.066 * DB saved on disk
19840:C 13 Aug 2026 08:27:42.067 * Fork CoW for RDB: current 0 MB, peak 0 MB, average 0 MB
2445:M 13 Aug 2026 08:27:42.150 * Background saving terminated with success
2445:M 13 Aug 2026 08:32:43.004 * 100 changes in 300 seconds. Saving...
2445:M 13 Aug 2026 08:32:43.007 * Background saving started by pid 19949
19949:C 13 Aug 2026 08:32:43.024 * DB saved on disk
19949:C 13 Aug 2026 08:32:43.025 * Fork CoW for RDB: current 0 MB, peak 0 MB, average 0 MB
2445:M 13 Aug 2026 08:32:43.107 * Background saving terminated with success
2445:M 13 Aug 2026 08:37:44.006 * 100 changes in 300 seconds. Saving...
2445:M 13 Aug 2026 08:37:44.008 * Background saving started by pid 19995
19995:C 13 Aug 2026 08:37:44.030 * DB saved on disk
19995:C 13 Aug 2026 08:37:44.031 * Fork CoW for RDB: current 0 MB, peak 0 MB, average 0 MB
2445:M 13 Aug 2026 08:37:44.109 * Background saving terminated with success
2445:M 13 Aug 2026 08:42:45.094 * 100 changes in 300 seconds. Saving...
2445:M 13 Aug 2026 08:42:45.096 * Background saving started by pid 20053
20053:C 13 Aug 2026 08:42:45.119 * DB saved on disk
20053:C 13 Aug 2026 08:42:45.120 * Fork CoW for RDB: current 0 MB, peak 0 MB, average 0 MB
2445:M 13 Aug 2026 08:42:45.198 * Background saving terminated with success
2445:M 13 Aug 2026 08:47:46.100 * 100 changes in 300 seconds. Saving...
2445:M 13 Aug 2026 08:47:46.103 * Background saving started by pid 20105
20105:C 13 Aug 2026 08:47:46.123 * DB saved on disk
20105:C 13 Aug 2026 08:47:46.124 * Fork CoW for RDB: current 0 MB, peak 0 MB, average 0 MB
2445:M 13 Aug 2026 08:47:46.204 * Background saving terminated with success
2445:M 13 Aug 2026 08:52:47.049 * 100 changes in 300 seconds. Saving...
2445:M 13 Aug 2026 08:52:47.051 * Background saving started by pid 20188
20188:C 13 Aug 2026 08:52:47.064 * DB saved on disk
20188:C 13 Aug 2026 08:52:47.066 * Fork CoW for RDB: current 0 MB, peak 0 MB, average 0 MB
2445:M 13 Aug 2026 08:52:47.152 * Background saving terminated with success
2445:M 13 Aug 2026 08:57:48.073 * 100 changes in 300 seconds. Saving...
2445:M 13 Aug 2026 08:57:48.075 * Background saving started by pid 20255
20255:C 13 Aug 2026 08:57:48.102 * DB saved on disk
20255:C 13 Aug 2026 08:57:48.103 * Fork CoW for RDB: current 0 MB, peak 0 MB, average 0 MB
2445:M 13 Aug 2026 08:57:48.176 * Background saving terminated with success
2445:M 13 Aug 2026 09:02:49.083 * 100 changes in 300 seconds. Saving...
2445:M 13 Aug 2026 09:02:49.084 * Background saving started by pid 20321
20321:C 13 Aug 2026 09:02:49.100 * DB saved on disk
20321:C 13 Aug 2026 09:02:49.101 * Fork CoW for RDB: current 0 MB, peak 0 MB, average 0 MB
2445:M 13 Aug 2026 09:02:49.185 * Background saving terminated with success
2445:M 13 Aug 2026 09:07:50.013 * 100 changes in 300 seconds. Saving...
2445:M 13 Aug 2026 09:07:50.016 * Background saving started by pid 20363
20363:C 13 Aug 2026 09:07:50.045 * DB saved on disk
20363:C 13 Aug 2026 09:07:50.047 * Fork CoW for RDB: current 0 MB, peak 0 MB, average 0 MB
2445:M 13 Aug 2026 09:07:50.117 * Background saving terminated with success
2445:M 13 Aug 2026 09:12:51.035 * 100 changes in 300 seconds. Saving...
2445:M 13 Aug 2026 09:12:51.037 * Background saving started by pid 20414
20414:C 13 Aug 2026 09:12:51.053 * DB saved on disk
20414:C 13 Aug 2026 09:12:51.055 * Fork CoW for RDB: current 0 MB, peak 0 MB, average 0 MB
2445:M 13 Aug 2026 09:12:51.139 * Background saving terminated with success
2445:M 13 Aug 2026 09:17:52.026 * 100 changes in 300 seconds. Saving...
2445:M 13 Aug 2026 09:17:52.029 * Background saving started by pid 20474
20474:C 13 Aug 2026 09:17:52.044 * DB saved on disk
20474:C 13 Aug 2026 09:17:52.046 * Fork CoW for RDB: current 0 MB, peak 0 MB, average 0 MB
2445:M 13 Aug 2026 09:17:52.130 * Background saving terminated with success
2445:M 13 Aug 2026 09:22:53.047 * 100 changes in 300 seconds. Saving...
2445:M 13 Aug 2026 09:22:53.049 * Background saving started by pid 20515
20515:C 13 Aug 2026 09:22:53.067 * DB saved on disk
20515:C 13 Aug 2026 09:22:53.068 * Fork CoW for RDB: current 0 MB, peak 0 MB, average 0 MB
2445:M 13 Aug 2026 09:22:53.150 * Background saving terminated with success
2445:M 13 Aug 2026 09:28:19.815 * 100 changes in 300 seconds. Saving...
2445:M 13 Aug 2026 09:28:19.817 * Background saving started by pid 20558
20558:C 13 Aug 2026 09:28:19.838 * DB saved on disk
20558:C 13 Aug 2026 09:28:19.839 * Fork CoW for RDB: current 0 MB, peak 0 MB, average 0 MB
2445:M 13 Aug 2026 09:28:19.918 * Background saving terminated with success
2445:M 13 Aug 2026 09:33:20.050 * 100 changes in 300 seconds. Saving...
2445:M 13 Aug 2026 09:33:20.051 * Background saving started by pid 20681
20681:C 13 Aug 2026 09:33:20.071 * DB saved on disk
20681:C 13 Aug 2026 09:33:20.073 * Fork CoW for RDB: current 0 MB, peak 0 MB, average 0 MB
2445:M 13 Aug 2026 09:33:20.152 * Background saving terminated with success
2445:M 13 Aug 2026 09:38:21.002 * 100 changes in 300 seconds. Saving...
2445:M 13 Aug 2026 09:38:21.003 * Background saving started by pid 20716
20716:C 13 Aug 2026 09:38:21.013 * DB saved on disk
20716:C 13 Aug 2026 09:38:21.014 * Fork CoW for RDB: current 0 MB, peak 0 MB, average 0 MB
2445:M 13 Aug 2026 09:38:21.104 * Background saving terminated with success
2445:M 13 Aug 2026 09:49:20.926 * 100 changes in 300 seconds. Saving...
2445:M 13 Aug 2026 09:49:20.927 * Background saving started by pid 20740
20740:C 13 Aug 2026 09:49:20.940 * DB saved on disk
20740:C 13 Aug 2026 09:49:20.941 * Fork CoW for RDB: current 1 MB, peak 1 MB, average 0 MB
2445:M 13 Aug 2026 09:49:21.028 * Background saving terminated with success
2445:M 13 Aug 2026 09:54:22.029 * 100 changes in 300 seconds. Saving...
2445:M 13 Aug 2026 09:54:22.031 * Background saving started by pid 20834
20834:C 13 Aug 2026 09:54:22.050 * DB saved on disk
20834:C 13 Aug 2026 09:54:22.052 * Fork CoW for RDB: current 0 MB, peak 0 MB, average 0 MB
2445:M 13 Aug 2026 09:54:22.132 * Background saving terminated with success
2445:M 13 Aug 2026 09:59:23.007 * 100 changes in 300 seconds. Saving...
2445:M 13 Aug 2026 09:59:23.010 * Background saving started by pid 20883
20883:C 13 Aug 2026 09:59:23.025 * DB saved on disk
20883:C 13 Aug 2026 09:59:23.027 * Fork CoW for RDB: current 0 MB, peak 0 MB, average 0 MB
2445:M 13 Aug 2026 09:59:23.111 * Background saving terminated with success
2445:M 13 Aug 2026 10:10:06.675 * 100 changes in 300 seconds. Saving...
2445:M 13 Aug 2026 10:10:06.676 * Background saving started by pid 20905
20905:C 13 Aug 2026 10:10:06.701 * DB saved on disk
20905:C 13 Aug 2026 10:10:06.703 * Fork CoW for RDB: current 0 MB, peak 0 MB, average 0 MB
2445:M 13 Aug 2026 10:10:06.778 * Background saving terminated with success
2445:M 13 Aug 2026 10:15:07.028 * 100 changes in 300 seconds. Saving...
2445:M 13 Aug 2026 10:15:07.030 * Background saving started by pid 20962
20962:C 13 Aug 2026 10:15:07.039 * DB saved on disk
20962:C 13 Aug 2026 10:15:07.039 * Fork CoW for RDB: current 0 MB, peak 0 MB, average 0 MB
2445:M 13 Aug 2026 10:15:07.131 * Background saving terminated with success
2445:M 13 Aug 2026 10:20:08.080 * 100 changes in 300 seconds. Saving...
2445:M 13 Aug 2026 10:20:08.085 * Background saving started by pid 21022
21022:C 13 Aug 2026 10:20:08.103 * DB saved on disk
21022:C 13 Aug 2026 10:20:08.104 * Fork CoW for RDB: current 0 MB, peak 0 MB, average 0 MB
2445:M 13 Aug 2026 10:20:08.186 * Background saving terminated with success
2445:M 13 Aug 2026 10:25:09.081 * 100 changes in 300 seconds. Saving...
2445:M 13 Aug 2026 10:25:09.083 * Background saving started by pid 21070
21070:C 13 Aug 2026 10:25:09.098 * DB saved on disk
21070:C 13 Aug 2026 10:25:09.099 * Fork CoW for RDB: current 0 MB, peak 0 MB, average 0 MB
2445:M 13 Aug 2026 10:25:09.184 * Background saving terminated with success
2445:M 13 Aug 2026 10:30:10.097 * 100 changes in 300 seconds. Saving...
2445:M 13 Aug 2026 10:30:10.101 * Background saving started by pid 21133
21133:C 13 Aug 2026 10:30:10.126 * DB saved on disk
21133:C 13 Aug 2026 10:30:10.128 * Fork CoW for RDB: current 0 MB, peak 0 MB, average 0 MB
2445:M 13 Aug 2026 10:30:10.203 * Background saving terminated with success
2445:M 13 Aug 2026 10:35:11.042 * 100 changes in 300 seconds. Saving...
2445:M 13 Aug 2026 10:35:11.044 * Background saving started by pid 21223
21223:C 13 Aug 2026 10:35:11.066 * DB saved on disk
21223:C 13 Aug 2026 10:35:11.067 * Fork CoW for RDB: current 0 MB, peak 0 MB, average 0 MB
2445:M 13 Aug 2026 10:35:11.145 * Background saving terminated with success
2445:M 13 Aug 2026 10:40:12.031 * 100 changes in 300 seconds. Saving...
2445:M 13 Aug 2026 10:40:12.033 * Background saving started by pid 21285
21285:C 13 Aug 2026 10:40:12.056 * DB saved on disk
21285:C 13 Aug 2026 10:40:12.057 * Fork CoW for RDB: current 0 MB, peak 0 MB, average 0 MB
2445:M 13 Aug 2026 10:40:12.134 * Background saving terminated with success
2445:M 13 Aug 2026 10:45:13.046 * 100 changes in 300 seconds. Saving...
2445:M 13 Aug 2026 10:45:13.048 * Background saving started by pid 21338
21338:C 13 Aug 2026 10:45:13.063 * DB saved on disk
21338:C 13 Aug 2026 10:45:13.063 * Fork CoW for RDB: current 0 MB, peak 0 MB, average 0 MB
2445:M 13 Aug 2026 10:45:13.149 * Background saving terminated with success
2445:M 13 Aug 2026 10:50:14.069 * 100 changes in 300 seconds. Saving...
2445:M 13 Aug 2026 10:50:14.071 * Background saving started by pid 21406
21406:C 13 Aug 2026 10:50:14.086 * DB saved on disk
21406:C 13 Aug 2026 10:50:14.088 * Fork CoW for RDB: current 0 MB, peak 0 MB, average 0 MB
2445:M 13 Aug 2026 10:50:14.172 * Background saving terminated with success
2445:M 13 Aug 2026 10:55:15.002 * 100 changes in 300 seconds. Saving...
2445:M 13 Aug 2026 10:55:15.004 * Background saving started by pid 21449
21449:C 13 Aug 2026 10:55:15.021 * DB saved on disk
21449:C 13 Aug 2026 10:55:15.023 * Fork CoW for RDB: current 0 MB, peak 0 MB, average 0 MB
2445:M 13 Aug 2026 10:55:15.106 * Background saving terminated with success
2445:M 13 Aug 2026 11:00:16.088 * 100 changes in 300 seconds. Saving...
2445:M 13 Aug 2026 11:00:16.092 * Background saving started by pid 28951
28951:C 13 Aug 2026 11:00:16.113 * DB saved on disk
28951:C 13 Aug 2026 11:00:16.114 * Fork CoW for RDB: current 0 MB, peak 0 MB, average 0 MB
2445:M 13 Aug 2026 11:00:16.193 * Background saving terminated with success
2445:M 13 Aug 2026 11:05:17.026 * 100 changes in 300 seconds. Saving...
2445:M 13 Aug 2026 11:05:17.028 * Background saving started by pid 28998
28998:C 13 Aug 2026 11:05:17.048 * DB saved on disk
28998:C 13 Aug 2026 11:05:17.049 * Fork CoW for RDB: current 0 MB, peak 0 MB, average 0 MB
2445:M 13 Aug 2026 11:05:17.129 * Background saving terminated with success
2445:M 13 Aug 2026 11:10:18.003 * 100 changes in 300 seconds. Saving...
2445:M 13 Aug 2026 11:10:18.005 * Background saving started by pid 29176
29176:C 13 Aug 2026 11:10:18.025 * DB saved on disk
29176:C 13 Aug 2026 11:10:18.027 * Fork CoW for RDB: current 0 MB, peak 0 MB, average 0 MB
2445:M 13 Aug 2026 11:10:18.107 * Background saving terminated with success
2445:M 13 Aug 2026 11:15:19.020 * 100 changes in 300 seconds. Saving...
2445:M 13 Aug 2026 11:15:19.022 * Background saving started by pid 29344
29344:C 13 Aug 2026 11:15:19.037 * DB saved on disk
29344:C 13 Aug 2026 11:15:19.039 * Fork CoW for RDB: current 0 MB, peak 0 MB, average 0 MB
2445:M 13 Aug 2026 11:15:19.123 * Background saving terminated with success
2445:M 13 Aug 2026 11:20:20.030 * 100 changes in 300 seconds. Saving...
2445:M 13 Aug 2026 11:20:20.031 * Background saving started by pid 29438
29438:C 13 Aug 2026 11:20:20.055 * DB saved on disk
29438:C 13 Aug 2026 11:20:20.056 * Fork CoW for RDB: current 0 MB, peak 0 MB, average 0 MB
2445:M 13 Aug 2026 11:20:20.133 * Background saving terminated with success
2445:M 13 Aug 2026 11:30:31.329 * 100 changes in 300 seconds. Saving...
2445:M 13 Aug 2026 11:30:31.354 * Background saving started by pid 29487
29487:C 13 Aug 2026 11:30:31.455 * DB saved on disk
29487:C 13 Aug 2026 11:30:31.456 * Fork CoW for RDB: current 0 MB, peak 0 MB, average 0 MB
2445:M 13 Aug 2026 11:30:31.458 * Background saving terminated with success
2445:M 13 Aug 2026 11:35:32.042 * 100 changes in 300 seconds. Saving...
2445:M 13 Aug 2026 11:35:32.044 * Background saving started by pid 29608
29608:C 13 Aug 2026 11:35:32.119 * DB saved on disk
29608:C 13 Aug 2026 11:35:32.121 * Fork CoW for RDB: current 0 MB, peak 0 MB, average 0 MB
2445:M 13 Aug 2026 11:35:32.144 * Background saving terminated with success
2445:M 13 Aug 2026 11:40:33.089 * 100 changes in 300 seconds. Saving...
2445:M 13 Aug 2026 11:40:33.092 * Background saving started by pid 29665
29665:C 13 Aug 2026 11:40:33.109 * DB saved on disk
29665:C 13 Aug 2026 11:40:33.111 * Fork CoW for RDB: current 0 MB, peak 0 MB, average 0 MB
2445:M 13 Aug 2026 11:40:33.194 * Background saving terminated with success
2445:M 13 Aug 2026 11:45:34.059 * 100 changes in 300 seconds. Saving...
2445:M 13 Aug 2026 11:45:34.061 * Background saving started by pid 29738
29738:C 13 Aug 2026 11:45:34.078 * DB saved on disk
29738:C 13 Aug 2026 11:45:34.079 * Fork CoW for RDB: current 0 MB, peak 0 MB, average 0 MB
2445:M 13 Aug 2026 11:45:34.162 * Background saving terminated with success
2445:M 13 Aug 2026 11:50:35.048 * 100 changes in 300 seconds. Saving...
2445:M 13 Aug 2026 11:50:35.051 * Background saving started by pid 29797
29797:C 13 Aug 2026 11:50:35.073 * DB saved on disk
29797:C 13 Aug 2026 11:50:35.074 * Fork CoW for RDB: current 0 MB, peak 0 MB, average 0 MB
2445:M 13 Aug 2026 11:50:35.152 * Background saving terminated with success
2445:M 13 Aug 2026 11:55:36.046 * 100 changes in 300 seconds. Saving...
2445:M 13 Aug 2026 11:55:36.048 * Background saving started by pid 29845
29845:C 13 Aug 2026 11:55:36.066 * DB saved on disk
29845:C 13 Aug 2026 11:55:36.068 * Fork CoW for RDB: current 0 MB, peak 0 MB, average 0 MB
2445:M 13 Aug 2026 11:55:36.149 * Background saving terminated with success
2445:M 13 Aug 2026 12:00:39.686 * 100 changes in 300 seconds. Saving...
2445:M 13 Aug 2026 12:00:39.691 * Background saving started by pid 29960
29960:C 13 Aug 2026 12:00:40.842 * DB saved on disk
29960:C 13 Aug 2026 12:00:40.843 * Fork CoW for RDB: current 1 MB, peak 1 MB, average 0 MB
2445:M 13 Aug 2026 12:00:40.927 * Background saving terminated with success
2445:M 13 Aug 2026 12:05:41.058 * 100 changes in 300 seconds. Saving...
2445:M 13 Aug 2026 12:05:41.060 * Background saving started by pid 30042
30042:C 13 Aug 2026 12:05:41.077 * DB saved on disk
30042:C 13 Aug 2026 12:05:41.078 * Fork CoW for RDB: current 0 MB, peak 0 MB, average 0 MB
2445:M 13 Aug 2026 12:05:41.162 * Background saving terminated with success
2445:M 13 Aug 2026 12:17:11.309 * 100 changes in 300 seconds. Saving...
2445:M 13 Aug 2026 12:17:11.310 * Background saving started by pid 30073
30073:C 13 Aug 2026 12:17:11.346 * DB saved on disk
30073:C 13 Aug 2026 12:17:11.347 * Fork CoW for RDB: current 0 MB, peak 0 MB, average 0 MB
2445:M 13 Aug 2026 12:17:11.411 * Background saving terminated with success
2445:M 13 Aug 2026 12:22:12.005 * 100 changes in 300 seconds. Saving...
2445:M 13 Aug 2026 12:22:12.007 * Background saving started by pid 30172
30172:C 13 Aug 2026 12:22:12.028 * DB saved on disk
30172:C 13 Aug 2026 12:22:12.029 * Fork CoW for RDB: current 0 MB, peak 0 MB, average 0 MB
2445:M 13 Aug 2026 12:22:12.108 * Background saving terminated with success
2445:M 13 Aug 2026 12:27:13.044 * 100 changes in 300 seconds. Saving...
2445:M 13 Aug 2026 12:27:13.046 * Background saving started by pid 30247
30247:C 13 Aug 2026 12:27:13.062 * DB saved on disk
30247:C 13 Aug 2026 12:27:13.063 * Fork CoW for RDB: current 0 MB, peak 0 MB, average 0 MB
2445:M 13 Aug 2026 12:27:13.147 * Background saving terminated with success
2445:M 13 Aug 2026 12:32:14.014 * 100 changes in 300 seconds. Saving...
2445:M 13 Aug 2026 12:32:14.016 * Background saving started by pid 30410
30410:C 13 Aug 2026 12:32:14.027 * DB saved on disk
30410:C 13 Aug 2026 12:32:14.027 * Fork CoW for RDB: current 0 MB, peak 0 MB, average 0 MB
2445:M 13 Aug 2026 12:32:14.117 * Background saving terminated with success
2445:M 13 Aug 2026 12:37:15.058 * 100 changes in 300 seconds. Saving...
2445:M 13 Aug 2026 12:37:15.060 * Background saving started by pid 30461
30461:C 13 Aug 2026 12:37:15.075 * DB saved on disk
30461:C 13 Aug 2026 12:37:15.075 * Fork CoW for RDB: current 0 MB, peak 0 MB, average 0 MB
2445:M 13 Aug 2026 12:37:15.161 * Background saving terminated with success
2445:M 13 Aug 2026 12:42:16.085 * 100 changes in 300 seconds. Saving...
2445:M 13 Aug 2026 12:42:16.090 * Background saving started by pid 30513
30513:C 13 Aug 2026 12:42:16.105 * DB saved on disk
30513:C 13 Aug 2026 12:42:16.105 * Fork CoW for RDB: current 0 MB, peak 0 MB, average 0 MB
2445:M 13 Aug 2026 12:42:16.191 * Background saving terminated with success
2445:M 13 Aug 2026 12:47:17.020 * 100 changes in 300 seconds. Saving...
2445:M 13 Aug 2026 12:47:17.021 * Background saving started by pid 30594
30594:C 13 Aug 2026 12:47:17.048 * DB saved on disk
30594:C 13 Aug 2026 12:47:17.049 * Fork CoW for RDB: current 0 MB, peak 0 MB, average 0 MB
2445:M 13 Aug 2026 12:47:17.122 * Background saving terminated with success
2445:M 13 Aug 2026 13:11:08.865 * 100 changes in 300 seconds. Saving...
2445:M 13 Aug 2026 13:11:08.918 * Background saving started by pid 30647
30647:C 13 Aug 2026 13:11:09.829 * DB saved on disk
30647:C 13 Aug 2026 13:11:09.830 * Fork CoW for RDB: current 1 MB, peak 1 MB, average 1 MB
2445:M 13 Aug 2026 13:11:09.930 * Background saving terminated with success
2445:M 13 Aug 2026 13:16:10.212 * 100 changes in 300 seconds. Saving...
2445:M 13 Aug 2026 13:16:10.213 * Background saving started by pid 30715
30715:C 13 Aug 2026 13:16:10.455 * DB saved on disk
30715:C 13 Aug 2026 13:16:10.457 * Fork CoW for RDB: current 1 MB, peak 1 MB, average 1 MB
2445:M 13 Aug 2026 13:16:10.516 * Background saving terminated with success
2445:M 13 Aug 2026 13:21:11.017 * 100 changes in 300 seconds. Saving...
2445:M 13 Aug 2026 13:21:11.019 * Background saving started by pid 30802
30802:C 13 Aug 2026 13:21:11.029 * DB saved on disk
30802:C 13 Aug 2026 13:21:11.029 * Fork CoW for RDB: current 0 MB, peak 0 MB, average 0 MB
2445:M 13 Aug 2026 13:21:11.119 * Background saving terminated with success
2445:M 13 Aug 2026 13:28:43.341 * 100 changes in 300 seconds. Saving...
2445:M 13 Aug 2026 13:28:43.345 * Background saving started by pid 30842
30842:C 13 Aug 2026 13:28:43.362 * DB saved on disk
30842:C 13 Aug 2026 13:28:43.363 * Fork CoW for RDB: current 0 MB, peak 0 MB, average 0 MB
2445:M 13 Aug 2026 13:28:43.447 * Background saving terminated with success
2445:M 13 Aug 2026 13:33:44.056 * 100 changes in 300 seconds. Saving...
2445:M 13 Aug 2026 13:33:44.058 * Background saving started by pid 30945
30945:C 13 Aug 2026 13:33:44.100 * DB saved on disk
30945:C 13 Aug 2026 13:33:44.102 * Fork CoW for RDB: current 0 MB, peak 0 MB, average 0 MB
2445:M 13 Aug 2026 13:33:44.159 * Background saving terminated with success
2445:M 13 Aug 2026 13:38:45.049 * 100 changes in 300 seconds. Saving...
2445:M 13 Aug 2026 13:38:45.052 * Background saving started by pid 30980
30980:C 13 Aug 2026 13:38:45.069 * DB saved on disk
30980:C 13 Aug 2026 13:38:45.070 * Fork CoW for RDB: current 0 MB, peak 0 MB, average 0 MB
2445:M 13 Aug 2026 13:38:45.153 * Background saving terminated with success
2445:M 13 Aug 2026 13:44:23.952 * 100 changes in 300 seconds. Saving...
2445:M 13 Aug 2026 13:44:23.973 * Background saving started by pid 31021
31021:C 13 Aug 2026 13:44:24.021 * DB saved on disk
31021:C 13 Aug 2026 13:44:24.022 * Fork CoW for RDB: current 0 MB, peak 0 MB, average 0 MB
2445:M 13 Aug 2026 13:44:24.074 * Background saving terminated with success
8538:C 14 Aug 2026 06:26:44.094 # WARNING Memory overcommit must be enabled! Without it, a background save or replication may fail under low memory condition. Being disabled, it can also cause failures without low memory condition, see https://github.com/jemalloc/jemalloc/issues/1328. To fix this issue add 'vm.overcommit_memory = 1' to /etc/sysctl.conf and then reboot or run the command 'sysctl vm.overcommit_memory=1' for this to take effect.
8538:C 14 Aug 2026 06:26:44.094 * oO0OoO0OoO0Oo Redis is starting oO0OoO0OoO0Oo
8538:C 14 Aug 2026 06:26:44.094 * Redis version=8.0.5, bits=64, commit=00000000, modified=0, pid=8538, just started
8538:C 14 Aug 2026 06:26:44.094 * Configuration loaded
8538:M 14 Aug 2026 06:26:44.095 * Increased maximum number of open files to 10032 (it was originally set to 1024).
8538:M 14 Aug 2026 06:26:44.095 * monotonic clock: POSIX clock_gettime
8538:M 14 Aug 2026 06:26:44.097 * Running mode=standalone, port=11001.
8538:M 14 Aug 2026 06:26:44.223 * Server initialized
8538:M 14 Aug 2026 06:26:44.224 * Loading RDB produced by version 8.0.5
8538:M 14 Aug 2026 06:26:44.224 * RDB age 60141 seconds
8538:M 14 Aug 2026 06:26:44.224 * RDB memory usage when created 1.63 Mb
8538:M 14 Aug 2026 06:26:44.225 * Done loading RDB, keys loaded: 10, keys expired: 44.
8538:M 14 Aug 2026 06:26:44.225 * DB loaded from disk: 0.001 seconds
8538:M 14 Aug 2026 06:26:44.225 * Ready to accept connections tcp
8538:M 14 Aug 2026 06:31:45.078 * 100 changes in 300 seconds. Saving...
8538:M 14 Aug 2026 06:31:45.086 * Background saving started by pid 9921
9921:C 14 Aug 2026 06:31:45.103 * DB saved on disk
9921:C 14 Aug 2026 06:31:45.105 * Fork CoW for RDB: current 0 MB, peak 0 MB, average 0 MB
8538:M 14 Aug 2026 06:31:45.187 * Background saving terminated with success
8538:M 14 Aug 2026 06:36:46.063 * 100 changes in 300 seconds. Saving...
8538:M 14 Aug 2026 06:36:46.065 * Background saving started by pid 10396
10396:C 14 Aug 2026 06:36:46.080 * DB saved on disk
10396:C 14 Aug 2026 06:36:46.081 * Fork CoW for RDB: current 0 MB, peak 0 MB, average 0 MB
8538:M 14 Aug 2026 06:36:46.166 * Background saving terminated with success
8538:M 14 Aug 2026 06:41:47.034 * 100 changes in 300 seconds. Saving...
8538:M 14 Aug 2026 06:41:47.036 * Background saving started by pid 10548
10548:C 14 Aug 2026 06:41:47.052 * DB saved on disk
10548:C 14 Aug 2026 06:41:47.053 * Fork CoW for RDB: current 0 MB, peak 0 MB, average 0 MB
8538:M 14 Aug 2026 06:41:47.137 * Background saving terminated with success
8538:M 14 Aug 2026 06:46:48.001 * 100 changes in 300 seconds. Saving...
8538:M 14 Aug 2026 06:46:48.003 * Background saving started by pid 10636
10636:C 14 Aug 2026 06:46:48.019 * DB saved on disk
10636:C 14 Aug 2026 06:46:48.021 * Fork CoW for RDB: current 0 MB, peak 0 MB, average 0 MB
8538:M 14 Aug 2026 06:46:48.104 * Background saving terminated with success
8538:M 14 Aug 2026 06:51:49.048 * 100 changes in 300 seconds. Saving...
8538:M 14 Aug 2026 06:51:49.050 * Background saving started by pid 10914
10914:C 14 Aug 2026 06:51:49.066 * DB saved on disk
10914:C 14 Aug 2026 06:51:49.068 * Fork CoW for RDB: current 0 MB, peak 0 MB, average 0 MB
8538:M 14 Aug 2026 06:51:49.151 * Background saving terminated with success
